:020000040800F2
:1000000000500020896E0008D16E0008D16E0008F3
:10001000D16E0008D16E0008D16E0008000000000B
:10002000000000000000000000000000D16E000889
:10003000D16E000800000000D16E0008D16E0008EB
:10004000D16E0008D16E0008D16E0008D16E000894
:10005000D16E0008D16E000811430008D16E00086F
:10006000D16E0008D16E0008D16E0008D16E000874
:10007000D16E0008D16E0008D16E0008D16E000864
:10008000D16E0008D16E0008D16E0008D16E000854
:10009000D16E0008D16E0008D16E00086519000805
:1000A000D16E0008D16E0008D16E0008D16E000834
:1000B000D16E0008D16E000841430008D16E0008DF
:1000C000D16E0008D16E0008D16E0008D16E000814
:1000D000D16E0008D16E0008D16E0008D16E000804
:1000E000D16E0008D16E0008D16E0008000000003B
:1000F0000000000000000000000000000000000000
:0C01000000000000000000005FF808F1A3
:1001100081F0004102E000BF83F0004330B54FEAB8
:1001200041044FEA430594EA050F08BF90EA020F25
:100130001FBF54EA000C55EA020C7FEA645C7FEAB8
:10014000655C00F0E2804FEA5454D4EB5555B8BFDB
:100150006D420CDD2C4480EA020281EA030382EA4C
:10016000000083EA010180EA020281EA0303362DDE
:1001700088BF30BD11F0004F4FEA01314FF4801CB1
:100180004CEA113102D0404261EB410113F0004FC3
:100190004FEA03334CEA133302D0524263EB43037A
:1001A00094EA050F00F0A780A4F10104D5F1200E18
:1001B0000DDB02FA0EFC22FA05F2801841F1000173
:1001C00003FA0EF2801843FA05F359410EE0A5F147
:1001D00020050EF1200E012A03FA0EFC28BF4CF078
:1001E000020C43FA05F3C01851EBE37101F000452E
:1001F00007D54FF0000EDCF1000C7EEB00006EEB3B
:100200000101B1F5801F1BD3B1F5001F0CD34908C4
:100210005FEA30004FEA3C0C04F101044FEA44521B
:1002200012F5800F80F09A80BCF1004F08BF5FEAA2
:10023000500C50F1000041EB045141EA050130BD82
:100240005FEA4C0C404141EB0101013C28BFB1F594
:10025000801FE9D291F0000F04BF01460020B1FADF
:1002600081F308BF2033A3F10B03B3F120020CDAB2
:100270000C3208DD02F1140CC2F10C0201FA0CF090
:1002800021FA02F10CE002F11402D8BFC2F1200CF5
:1002900001FA02F120FA0CFCDCBF41EA0C019040AB
:1002A000E41AA2BF01EB0451294330BD6FEA0404F4
:1002B0001F3C1CDA0C340EDC04F11404C4F12002DF
:1002C00020FA04F001FA02F340EA030021FA04F3F1
:1002D00045EA030130BDC4F10C04C4F1200220FA48
:1002E00002F001FA04F340EA0300294630BD21FA86
:1002F00004F0294630BD94F0000F83F4801306BF4C
:1003000081F480110134013D4EE77FEA645C18BF3F
:100310007FEA655C29D094EA050F08BF90EA020FD6
:1003200005D054EA000C04BF1946104630BD91EACE
:10033000030F1EBF0021002030BD5FEA545C05D1D1
:100340004000494128BF41F0004130BD14F5800410
:100350003CBF01F5801130BD01F0004545F0FE4184
:1003600041F470014FF0000030BD7FEA645C1ABFB9
:10037000194610467FEA655C1CBF0B46024650EAF0
:10038000013406BF52EA033591EA030F41F400211C
:1003900030BD00BF90F0000F04BF0021704730B5A2
:1003A0004FF4806404F132044FF000054FF0000177
:1003B00050E700BF90F0000F04BF0021704730B538
:1003C0004FF4806404F1320410F0004548BF40420D
:1003D0004FF000013EE700BF42004FEAE2014FEA62
:1003E00031014FEA02701FBF12F07F4393F07F4F3D
:1003F00081F06051704732F07F4208BF704793F040
:100400007F4F04BF41F40021704730B54FF4607452
:1004100001F0004521F000411CE700BF50EA010255
:1004200008BF704730B54FF000050AE050EA0102FE
:1004300008BF704730B511F0004502D5404261EB6E
:1004400041014FF4806404F132045FEA915C3FF4AF
:10045000D8AE4FF003025FEADC0C18BF03325FEA4C
:10046000DC0C18BF033202EBDC02C2F1200300FAFD
:1004700003FC20FA02F001FA03FE40EA0E0021FA22
:1004800002F11444BDE600BF70B54FF0FF0C4CF410
:10049000E06C1CEA11541DBF1CEA135594EA0C0FC2
:1004A00095EA0C0F00F0DEF82C4481EA030621EAFD
:1004B0004C5123EA4C5350EA013518BF52EA033538
:1004C00041F4801143F4801338D0A0FB02CE4FF0EA
:1004D0000005E1FB02E506F00042E0FB03E54FF01A
:1004E0000006E1FB03569CF0000F18BF4EF0010E12
:1004F000A4F1FF04B6F5007F64F5407404D25FEA0E
:100500004E0E6D4146EB060642EAC62141EA5551C0
:100510004FEAC52040EA5E504FEACE2EB4F1FD0C02
:1005200088BFBCF5E06F1ED8BEF1004F08BF5FEA80
:10053000500E50F1000041EB045170BD06F0004632
:1005400046EA010140EA020081EA0301B4EB5C04DF
:10055000C2BFD4EB0C0541EA045170BD41F48011D7
:100560004FF0000E013C00F3AB8014F1360FDEBFFC
:10057000002001F0004170BDC4F10004203C35DAD8
:100580000C341BDC04F11404C4F1200500FA05F35B
:1005900020FA04F001FA05F240EA020001F00042FC
:1005A00021F0004110EBD37021FA04F642EB060172
:1005B0005EEA430E08BF20EAD37070BDC4F10C049C
:1005C000C4F1200500FA04F320FA05F001FA04F260
:1005D00040EA020001F0004110EBD37041F100014C
:1005E0005EEA430E08BF20EAD37070BDC4F1200557
:1005F00000FA05F24EEA020E20FA04F301FA05F2BF
:1006000043EA020321FA04F001F0004121FA04F266
:1006100020EA020000EBD3705EEA430E08BF20EA36
:10062000D37070BD94F0000F0FD101F00046400070
:1006300041EB010111F4801F08BF013CF7D041EAF2
:10064000060195F0000F18BF704703F000465200F6
:1006500043EB030313F4801F08BF013DF7D043EAC7
:100660000603704794EA0C0F0CEA135518BF95EA7D
:100670000C0F0CD050EA410618BF52EA4306D1D104
:1006800081EA030101F000414FF0000070BD50EA23
:10069000410606BF1046194652EA430619D094EAAD
:1006A0000C0F02D150EA013613D195EA0C0F05D197
:1006B00052EA03361CBF104619460AD181EA0301EB
:1006C00001F0004141F0FE4141F470014FF00000A3
:1006D00070BD41F0FE4141F4780170BD70B54FF03E
:1006E000FF0C4CF4E06C1CEA11541DBF1CEA1355BE
:1006F00094EA0C0F95EA0C0F00F0A7F8A4EB0504A0
:1007000081EA030E52EA03354FEA013100F0888096
:100710004FEA03334FF0805545EA131343EA12635F
:100720004FEA022245EA111545EA10654FEA002614
:100730000EF000419D4208BF964244F1FD0404F5CD
:10074000407402D25B084FEA3202B61A65EB030529
:100750005B084FEA32024FF480104FF4002CB6EBE6
:10076000020E75EB030E22BFB61A754640EA0C0066
:100770005B084FEA3202B6EB020E75EB030E22BFA6
:10078000B61A754640EA5C005B084FEA3202B6EBE7
:10079000020E75EB030E22BFB61A754640EA9C00A6
:1007A0005B084FEA3202B6EB020E75EB030E22BF76
:1007B000B61A754640EADC0055EA060E18D04FEA34
:1007C000051545EA16754FEA06164FEAC30343EAD4
:1007D00052734FEAC2025FEA1C1CC0D111F4801FA1
:1007E0000BD141EA00014FF000004FF0004CB6E79A
:1007F00011F4801F04BF01430020B4F1FD0C88BF39
:10080000BCF5E06F3FF6AFAEB5EB030C04BFB6EB43
:10081000020C5FEA500C50F1000041EB045170BD36
:100820000EF0004E4EEA113114EB5C04C2BFD4EB63
:100830000C0541EA045170BD41F480114FF0000EE7
:10084000013C90E645EA060E8DE60CEA135594EA63
:100850000C0F08BF95EA0C0F3FF43BAF94EA0C0F66
:100860000AD150EA01347FF434AF95EA0C0F7FF4DB
:1008700025AF104619462CE795EA0C0F06D152EA2F
:1008800003353FF4FDAE1046194622E750EA410613
:1008900018BF52EA43067FF4C5AE50EA41047FF424
:1008A0000DAF52EA43057FF4EBAE12E74FEA410287
:1008B00012F5001215D211D56FF47873B3EB6252B2
:1008C00012D94FEAC12343F0004343EA505311F0D9
:1008D000004F23FA02F018BF404270474FF000006B
:1008E000704750EA013005D111F0004008BF6FF0A9
:1008F000004070474FF00000704700BF4FEA4102D0
:10090000B2F1E04324BFB3F5001CDCF1FE5C0DD96D
:1009100001F0004C4FEAC0024CEA5070B2F1004FB7
:1009200040EB830008BF20F00100704711F0804FBA
:1009300021D113F13872BCBF01F00040704741F47F
:1009400080114FEA5252C2F11802C2F1200C10FA83
:100950000CF320FA02F018BF40F001004FEAC12367
:100960004FEAD32303FA0CFC40EA0C0023FA02F30B
:100970004FEA4303CCE77FEA625307D150EA0133E1
:100980001EBF4FF0FE4040F44000704701F00040B1
:1009900040F0FE4040F40000704700BF80F000408F
:1009A00002E000BF81F0004142001FBF5FEA410347
:1009B00092EA030F7FEA226C7FEA236C6AD04FEA47
:1009C0001262D2EB1363C1BFD2184140484041408C
:1009D000B8BF5B42192B88BF704710F0004F40F43E
:1009E000000020F07F4018BF404211F0004F41F45A
:1009F000000121F07F4118BF494292EA030F3FD026
:100A0000A2F1010241FA03FC10EB0C00C3F1200338
:100A100001FA03F100F0004302D5494260EB4000C7
:100A2000B0F5000F13D3B0F1807F06D340084FEA32
:100A3000310102F10102FE2A51D2B1F1004F40EB27
:100A4000C25008BF20F0010040EA0300704749008F
:100A500040EB0000013A28BFB0F5000FEDD2B0FA2C
:100A600080FCACF1080CB2EB0C0200FA0CF0AABF4F
:100A700000EBC25052421843BCBFD04018437047ED
:100A800092F0000F81F4000106BF80F400000132F3
:100A9000013BB5E74FEA41037FEA226C18BF7FEACA
:100AA000236C21D092EA030F04D092F0000F08BF0C
:100AB0000846704790EA010F1CBF0020704712F0F3
:100AC0007F4F04D1400028BF40F00040704712F132
:100AD00000723CBF00F50000704700F0004343F097
:100AE000FE4040F4000070477FEA226216BF0846CD
:100AF0007FEA23630146420206BF5FEA412390EA90
:100B0000010F40F4800070474FF0000304E000BF85
:100B100010F0004348BF40425FEA000C08BF704736
:100B200043F0964301464FF000001CE050EA0102FA
:100B300008BF70474FF000030AE000BF50EA01020F
:100B400008BF704711F0004302D5404261EB4101FC
:100B50005FEA010C02BF84460146002043F0B64321
:100B600008BFA3F18053A3F50003BCFA8CF2083A46
:100B7000A3EBC25310DB01FA02FC634400FA02FC4F
:100B8000C2F12002BCF1004F20FA02F243EB020056
:100B900008BF20F00100704702F1200201FA02FCB8
:100BA000C2F1200250EA4C0021FA02F243EB0200AB
:100BB00008BF20EADC7070474FF0FF0C1CEAD052EF
:100BC0001EBF1CEAD15392EA0C0F93EA0C0F6FD0B0
:100BD0001A4480EA010C400218BF5FEA41211ED08E
:100BE0004FF0006343EA501043EA5111A0FB01317A
:100BF0000CF00040B1F5000F3EBF490041EAD3714F
:100C00005B0040EA010062F17F02FD2A1DD8B3F1CA
:100C1000004F40EBC25008BF20F00100704790F039
:100C2000000F0CF0004C08BF49024CEA502040EA8B
:100C300051207F3AC2BFD2F1FF0340EAC250704751
:100C400040F400004FF00003013A5DDC12F1190F8F
:100C5000DCBF00F000407047C2F10002410021FA01
:100C600002F1C2F1200200FA02FC5FEA310040F119
:100C7000000053EA4C0308BF20EADC70704792F092
:100C8000000F00F0004C02BF400010F4000F013ACA
:100C9000F9D040EA0C0093F0000F01F0004C02BFC5
:100CA000490011F4000F013BF9D041EA0C018FE734
:100CB0000CEAD15392EA0C0F18BF93EA0C0F0AD03A
:100CC00030F0004C18BF31F0004CD8D180EA010060
:100CD00000F00040704790F0000F17BF90F0004FF9
:100CE000084691F0000F91F0004F14D092EA0C0FDB
:100CF00001D142020FD193EA0C0F03D14B0218BF6E
:100D0000084608D180EA010000F0004040F0FE40B3
:100D100040F40000704740F0FE4040F4400070474F
:100D20004FF0FF0C1CEAD0521EBF1CEAD15392EACE
:100D30000C0F93EA0C0F69D0A2EB030280EA010CBE
:100D400049024FEA402037D04FF0805343EA111157
:100D500043EA10130CF000408B4238BF5B0042F1B5
:100D60007D024FF4000C8B4224BF5B1A40EA0C005A
:100D7000B3EB510F24BFA3EB510340EA5C00B3EB8C
:100D8000910F24BFA3EB910340EA9C00B3EBD10F7A
:100D900024BFA3EBD10340EADC001B0118BF5FEACC
:100DA0001C1CE0D1FD2A3FF650AF8B4240EBC250F5
:100DB00008BF20F0010070470CF0004C4CEA5020B6
:100DC0007F32C2BFD2F1FF0340EAC250704740F405
:100DD00000004FF00003013A37E792F0000F00F0F7
:100DE000004C02BF400010F4000F013AF9D040EA75
:100DF0000C0093F0000F01F0004C02BF490011F409
:100E0000000F013BF9D041EA0C0195E70CEAD15300
:100E100092EA0C0F08D142027FF47DAF93EA0C0FE7
:100E20007FF470AF084676E793EA0C0F04D14B02CB
:100E30003FF44CAF08466EE730F0004C18BF31F07D
:100E4000004CCAD130F000427FF45CAF31F0004377
:100E50007FF43CAF5FE700BF4FF0FF3C06E000BF10
:100E60004FF0010C02E000BF4FF0010C4DF804CD33
:100E70004FEA40024FEA41037FEA226C18BF7FEA43
:100E8000236C11D001B052EA530C18BF90EA010F45
:100E900058BFB2EB030088BFC81738BF6FEAE170D4
:100EA00018BF40F0010070477FEA226C02D15FEA70
:100EB000402C05D17FEA236CE4D15FEA412CE1D0DC
:100EC0005DF8040B704700BF844608466146FFE7A3
:100ED0000FB5FFF7C9FF002848BF10F1000F0FBD85
:100EE0004DF808EDFFF7F4FF0CBF012000205DF87E
:100EF00008FB00BF4DF808EDFFF7EAFF34BF012003
:100F000000205DF808FB00BF4DF808EDFFF7E0FF9B
:100F100094BF012000205DF808FB00BF4DF808EDEC
:100F2000FFF7D2FF94BF012000205DF808FB00BF4F
:100F30004DF808EDFFF7C8FF34BF012000205DF831
:100F400008FB00BF4FEA4002B2F1FE4F0FD34FF053
:100F50009E03B3EB12620DD94FEA002343F0004326
:100F600010F0004F23FA02F018BF404270474FF0D4
:100F70000000704712F1610F01D1420205D110F05B
:100F8000004008BF6FF0004070474FF0000070470E
:100F900042000ED2B2F1FE4F0BD34FF09E03B3EBE3
:100FA000126209D44FEA002343F0004323FA02F00F
:100FB00070474FF00000704712F1610F01D14202FB
:100FC00002D14FF0FF3070474FF00000704700BF74
:100FD0007BB972B90029BEBF00204FF0004106E086
:100FE00008BF00281CBF6FF000414FF0FF3000F039
:100FF0003FB8ADF1080C6DE904CE002909DB002BE8
:101000001ADB05F067FFDDF804E0DDE9022304B038
:101010007047404261EB4101002B1BDB05F05AFF9A
:10102000DDF804E0DDE9022304B0404261EB410158
:10103000524263EB43037047524263EB430305F0B4
:1010400049FFDDF804E0DDE9022304B0404261EB32
:1010500041017047524263EB430305F03BFFDDF86B
:1010600004E0DDE9022304B0524263EB430370471E
:10107000704700BF0348044B834202D0034B03B1C7
:1010800018477047C8000020C8000020000000007A
:101090000548064B1B1AD90F01EBA301491002D0DA
:1010A000034B03B118477047C8000020C800002058
:1010B0000000000010B5064C237843B9FFF7DAFFB3
:1010C000044B13B10448AFF300800123237010BD1B
:1010D000C800002000000000AC82000808B5054BE5
:1010E0001BB105490548AFF30080BDE80840FFF794
:1010F000CFBF00BF00000000CC000020AC82000881
:1011000082B03C4B1A6842F001021A6059683A4AB0
:101110000A405A601A6822F0847222F480321A60FF
:101120001A6822F480221A605A6822F4FE025A6079
:101130004FF41F029A600022009201921A6842F452
:1011400080321A601A46136803F400330193009B3F
:1011500001330093019B1BB9009BB3F5A06FF2D143
:10116000244B1B6813F4003F14BF01230023019399
:10117000019B012B05D0214B4FF000629A6002B019
:1011800070471F4B1A6842F010021A601A6822F06A
:1011900007021A601A6842F002021A60A3F580532F
:1011A0005A685A605A685A605A6842F480625A60B3
:1011B0005A6822F47C125A605A6842F4E8125A6063
:1011C0001A6842F080721A601A46136813F0007FA2
:1011D000FBD0084B5A6822F003025A605A6842F06A
:1011E00002025A601A46536803F00C03082BFAD126
:1011F000C1E700BF001002400000FFF800ED00E072
:101200000020024040F0BF6040F40030014BD86045
:10121000704700BF00ED00E0C37803B3164BDA68F7
:10122000D243C2F30222C2F1040341789940837889
:101230004FF00F0C2CFA02F2134002780B431B0103
:10124000DBB20E490A4482F800330378580903F0F0
:101250001F03012202FA03F341F82030704703789C
:101260005A0903F01F030121994002F12003034AA8
:1012700042F82310704700BF00ED00E000E100E0FD
:101280008379002B35D010B41F4B1A68016822EA0D
:1012900001021A605A68016822EA01025A60027962
:1012A00002F1804202F58232116804682143116024
:1012B0009A68016822EA01029A60DA68016822EA03
:1012C0000102DA604379102B09D003F1804303F562
:1012D00082331A6801680A431A6010BC70470A4BCF
:1012E0009A6801680A439A60DA6801680A43DA601A
:1012F000F3E7037903F1804303F582331A68016849
:1013000022EA01021A60704700040140054A13688E
:101310005269024204D01840003818BF01207047BB
:101320000020704700040140014B5861704700BF26
:10133000000401402DE9F041CB7803F00F0E13F0CB
:10134000100F1CBF8B784EEA030E0B78F3B10568C3
:10135000002301260F2703E044610133082B14D03A
:1013600006FA03F40A8834EA0202F6D19A0007FA70
:1013700002FC25EA0C050EFA02F21543CA78282A67
:10138000EAD0482A08BF0461E7E705600B88FF2B15
:1013900025D9D0F80480002301260F2702E001336D
:1013A000082B1AD003F1080206FA02F2B1F800C0C5
:1013B00032EA0C0CF3D19C0007FA04F528EA050583
:1013C0000EFA04F444EA0508CC78282C08BF4261E0
:1013D000CC78482C08BF0261E1E7C0F80480BDE882
:1013E000F08180680840003818BF01207047016113
:1013F00070470AB1016170474161704701F0030312
:101400009B0001F0FC0101F1804101F580318A6807
:101410004FF00F0C0CFA03FC22EA0C028A608A6877
:10142000984010438860704710B41F4B5B6803F00E
:101430000C03082B20D01D4B03601B4A5168C1F3DD
:1014400003111B4C615CCB4043605168C1F3022126
:10145000615C23FA01F181605168C1F3C221615CD2
:10146000CB40C3605268C2F3813212498A5CB3FB3D
:10147000F2F3036110BC70470B4A53685268C3F320
:101480008343023312F4803F03D10B4A02FB03F380
:10149000D2E7054A526812F4003F14BF064A034AD5
:1014A00002FB03F3C8E700BF0010024000127A00FD
:1014B000C8820008C482000800093D0021B1054A25
:1014C0009369034393617047024A936923EA0003D7
:1014D000936170470010024021B1054AD36903436C
:1014E000D3617047024AD36923EA0003D36170478E
:1014F0000010024003889BB2284A90421BD002F59C
:101500000062904217D0B0F1804F14D0A2F598320B
:10151000904210D002F5806290420CD002F58062B9
:10152000904208D01E4A904224D103808B88838544
:101530000B8803851BE023F070034A88134323F4D0
:101540004073CA88134303808B8883850B88038587
:10155000124B984209D0134B984206D0124B984236
:1015600003D003F58063984212D10B7A03860123DE
:101570008382704702F580629042D6D023F4407394
:10158000CA88134303808B8883850B880385E5E72E
:1015900003F580639842E8D0E9E700BF002C0140E2
:1015A00000100040003401400040014029B1038890
:1015B0009BB243F0010303807047038823F00103CB
:1015C0001B041B0C0380704722B183899BB20B4321
:1015D0008381704783899BB223EA0103838170472B
:1015E000C94389B201827047038A808980B2194257
:1015F00004D00840003818BF012070470020704711
:10160000C94389B20182704730B587B004460D46A0
:10161000038A9BB223F44053CA881343038283890D
:101620009BB223F4B05323F00C038A8813430A8936
:1016300013434A8913439BB28381838A9BB223F469
:1016400040738A891343838201A8FFF7EDFE194B8B
:101650009C420CBF049B039BA28912F4004F03EB36
:10166000830303EB83032A6814BF52009200B3FB89
:10167000F2F3114AA2FB031252091101642000FB8C
:101680001233A28912F4004F0BD11B0132330A4AE4
:10169000A2FB0323C3F343130B439BB2238107B085
:1016A00030BDDB003233044AA2FB0323C3F34213F1
:1016B0000B43F2E7003801401F85EB5129B18389C4
:1016C0009BB243F4005383817047838923F4005312
:1016D0001B041B0C83817047C1F3421C01F01F01E6
:1016E00001238B40BCF1010F09D0BCF1020F0CBFEC
:1016F000103014302AB102681343036070470C3075
:10170000F8E7026822EA030303607047C1F30801A7
:1017100081807047038801EA0300003818BF012068
:101720007047000008B5024B1B680420984708BDAD
:10173000A439002008B5024B1B680320984708BD58
:10174000A439002010B5504B1B785BB201330B2B32
:101750000CD8DFE803F0060C1724313E4B586572B5
:101760007F8C494B494A5A60494A9A6010BD03F040
:1017700013F8484805F05CFE434B474A5A60474A15
:101780009A60F3E703F016F83F4C217849B24448D9
:1017900005F0DEFD434B6360434BA360E6E703F0D7
:1017A0003FF8394C217849B23D4805F0D1FD3F4B17
:1017B00063603F4BA360D9E703F068F8324C2178AF
:1017C00049B2374805F0C4FD3A4B63603A4BA36019
:1017D000CCE703F091F82C4C217849B2304805F061
:1017E000B7FD364B6360364BA360BFE703F087F865
:1017F000254C217849B22A4805F0AAFD314B636097
:10180000314BA360B2E703F07DF81F4C217849B259
:10181000234805F09DFD2D4B63602D4BA360A5E78C
:1018200003F073F8184C217849B21D4805F090FD7B
:10183000284B6360284BA36098E703F069F8124CCB
:10184000217849B2164805F083FD244B6360244B90
:10185000A3608BE703F05FF80B4C217849B2104886
:1018600005F076FD1F4B63601F4BA3607EE703F01E
:1018700055F8054C217849B2094805F069FD1B4B24
:1018800063601B4BA36071E7E80000202517000888
:1018900035170008D8820008A1470008AB470008A8
:1018A000F48200081D4800081F4800088948000805
:1018B0008B480008F5480008F7480008FB48000876
:1018C000FD480008014900080349000807490008CD
:1018D000094900080D4900080F490008134900088C
:1018E00015490008194900081B4900081F4900084C
:1018F0002149000808B502F0A7FC02F04BFE02F0F7
:1019000081FD00F05BFA064B064A5A60064A9A606F
:1019100000221A70054805F01BFDFFF713FF08BDF4
:10192000E800002025170008351700080483000888
:1019300008B5094B1B7843B1012B0CD1064B002293
:101940001A70064805F074FD05E0034B01221A7079
:10195000034805F06DFD08BDF40000202483000855
:101960001483000810B52020FFF7D0FC012800D018
:1019700010BD0A4C207800F07BF923780133DBB2EC
:10198000952B04D823702020FFF7CEFCF0E7034B03
:1019900000221A70024B9B689847F4E7E40000208D
:1019A00008010020024A136823F001031360704706
:1019B00000040140024A136843F0010313607047BA
:1019C0000004014000EBC000C0004FF0E02358616C
:1019D00000229A6105221A611A46136913F4803FA6
:1019E000FBD04FF0E02304221A61704758B138B59C
:1019F000441E4FF47A752846FFF7E4FF013CB4F12A
:101A0000FF3FF8D138BD704708B502468021034832
:101A1000FFF7EFFC0520FFF7D5FF08BD000C0140E4
:101A200008B5024640210348FFF7E3FC0520FFF715
:101A3000C9FF08BD000C014008B50120FFF7E4FF15
:101A40000120FFF7EDFF0020FFF7DEFF0020FFF78A
:101A5000E7FF08BD2DE9F041054600244FF080085E
:101A60000127264648FA04F02840FFF7CDFF384604
:101A7000FFF7D6FF3046FFF7D3FF0134082CF1D132
:101A8000BDE8F08108B50020FFF7BEFF0120FFF799
:101A9000C7FF0120FFF7B8FF08BD000010B5012007
:101AA000FFF7B2FF0120FFF7BBFF80210448FFF7DB
:101AB00098FC04460020FFF7B3FF204610BD00BF8E
:101AC000000C01402DE9F0410120FFF79DFF0024AB
:101AD00025464FF001080D4F802605E00020FFF756
:101AE0009FFF0134082C0DD04046FFF799FF314687
:101AF0003846FFF776FC0128F0D146FA04F31D437F
:101B0000EDB2EBE72846BDE8F08100BF000C0140D4
:101B100010B582B001210820FFF7D0FC14238DF806
:101B20000730C023ADF8043003238DF80630084C8D
:101B300001A92046FFF7FEFB012280212046FFF786
:101B400058FC012240212046FFF753FC02B010BD93
:101B5000000C0140F8B504460F4616461D46FFF737
:101B60006BFF600000F0FE00FFF774FFFFF796FFC9
:101B70003846FFF76FFFFFF791FF4EB12C46354413
:101B800014F8010BFFF766FFFFF788FFAC42F7D1AF
:101B9000FFF778FF0020F8BD2DE9F04105460E461D
:101BA00017461C46FFF748FF6D00EDB22846FFF7C9
:101BB00051FFFFF773FF3046FFF74CFFFFF76EFF53
:101BC000FFF73AFF681CC0B2FFF744FFFFF766FF5C
:101BD00027B37E1EF6B22644274400254FF00108A5
:101BE0000EE0FFF76FFF04F8010B2846FFF70CFF2C
:101BF0004046FFF715FF2846FFF712FFBC420DD005
:101C0000A642EED1FFF75EFF20700120FFF7FCFE39
:101C10000120FFF705FF0020FFF702FFFFF732FF6B
:101C20000020BDE8F0810000064B1A6822F0010296
:101C30001A601A6842F020021A60034B01221A70DF
:101C4000704700BF0004014008010020064B1A68DD
:101C500042F001021A601A6822F020021A60034B57
:101C600002221A70704700BF0004014008010020E2
:101C70002DE9F04F85B0044602AB06223B216820D7
:101C8000FFF78AFF9DF80A20494E7388C3EB0223B1
:101C90009DF80B9099440FFA89F99DF80C20B388B0
:101CA000C3EB02239DF80D8098440FFA88F8414F4A
:101CB00004EB440507EB85059DF808203388C3EB4A
:101CC00002239DF80900184400B2FEF773FB0022BE
:101CD000394BFEF7D9FBFEF711FEE860631C03EBFE
:101CE000430307EB830B4846FEF764FB0022324BAD
:101CF000FEF7CAFBFEF702FECBF804004046FEF7F3
:101D000059FB00222C4BFEF7BFFBFEF7F7FD686185
:101D10006B46062243216820FFF73EFF9DF8022014
:101D20007388C3EB02239DF8039099440FFA89F955
:101D30009DF80420B388C3EB02239DF805809844E6
:101D40000FFA88F89DF800203388C3EB02239DF832
:101D50000100184400B2FEF72DFB13A3D3E90023C2
:101D6000FEF7BCFCFEF7CAFDC5F814074846FEF7AF
:101D700021FB0DA3D3E90023FEF7B0FCFEF7BEFD67
:101D8000C5F818074046FEF715FB07A3D3E9002363
:101D9000FEF7A4FCFEF7B2FDC5F81C0705B0BDE8D0
:101DA000F08F00BFAFF300802121CA175C75B040EF
:101DB000FC000020080100200000203F08B500F0D2
:101DC0000FFA034B034A5A60034A9A6008BD00BFEA
:101DD00008010020291C00084D1C00082DE9F041D5
:101DE000194C1A4D04F5E1680026194FD4F8140770
:101DF000FEF7F2FA32463B46FEF746FB06F008FADB
:101E0000FEF754FD2870D4F81807FEF7E5FA3246BD
:101E10003B46FEF739FB06F0FBF9FEF747FD68701D
:101E2000D4F81C07FEF7D8FA32463B46FEF72CFBE7
:101E300006F0EEF9FEF73AFDA8700C340335444580
:101E4000D4D1BDE8F08100BF08010020C0370020D8
:101E500000003040000000002DE9F04782B000246F
:101E60008DF8074080238DF80630FFF7B7FF564BFB
:101E7000186804F0C5F88DF807409DF807300C2B62
:101E800000F28A80A146DFF844814DA7D7E90067B8
:101E900000244F4D09E09DF807300133DBB28DF887
:101EA00007309DF807300C2B2BD89DF807A05FFA60
:101EB0008AFA9DF8073018F90300FEF77BFA3246DC
:101EC0003B46FEF70BFC22462B46FEF7DDFA0246A8
:101ED0000B4651463F4805F03BFA9DF807209DF818
:101EE00006305BB218F902209A42D4DB9DF8073025
:101EF00018F903308DF806309DF807904FFA89F9EC
:101F0000C9E79DF806305BB23E2B4ADDB9F10C0FF4
:101F100047D009F101030D2B48D8DFE803F0420751
:101F20000D1115191D2125292D3135392A4805F0A6
:101F30000FFA4FF0000939E0284805F009FA35E0BA
:101F4000274805F005FA31E0264805F001FA2DE0B2
:101F5000254805F0FDF929E0244805F0F9F925E0C8
:101F6000234805F0F5F921E0224805F0F1F91DE0DC
:101F7000214805F0EDF919E0204805F0E9F915E0F0
:101F80001F4805F0E5F911E01E4805F0E1F90DE004
:101F90001D4805F0DDF909E09DF806305BB23E2BE7
:101FA000C4DC194805F0D4F94FF0FF390A2005F0D8
:101FB000E1F9484602B0BDE8F08700BFAFF300800A
:101FC0000000000000C05F40AC0F0020B0370020D0
:101FD00000005940348300085C83000868830008CF
:101FE00074830008808300088C83000898830008AD
:101FF000A4830008B0830008BC830008C4830008E1
:10200000D0830008D88300084C83000880B5FFF710
:1020100071FC514B1B68042098474FF420514F48E6
:1020200003F0C0FB40F2931003F0F0FF4C4C20464D
:1020300003F05AFC4B4804F031FD0546E6684A4877
:1020400004F092FA2946B0470646D4F81880474F64
:10205000384604F0EFF83146C0470646D4F80C8005
:10206000434804F081FA3146C0470646D4F8188048
:10207000384604F0DFF83146C0470646E7683D4879
:1020800004F07AF93146B8470646E7683A4804F062
:10209000D9FC3146B8470646E768384804F048FCA2
:1020A0003146B8470646E768354804F0E5FE314654
:1020B000B8470646E768334804F072FE3146B84731
:1020C00002462946204603F0A1FE2F4B1C602F48F4
:1020D00005F03EF92E4C2F4E1F4D25E02E4B1B7860
:1020E00013BB2D4F7B689847FFF75CFC2B680020E3
:1020F00098473B78022BFDD12B6801209847FFF7CA
:10210000ABFE264B18701B785BB2B3F1FF3F04D0D7
:10211000234B1B78C3B1012B1AD01F4B00221A701E
:1021200063689847FFF746FC2378022BD6D0032B31
:10213000FAD1304605F07CF92B6803209847FFF769
:10214000F7FB63689847EFE7164B5B689847E4E74F
:10215000144B9B689847E0E7A4390020B00F00209B
:10216000240F0020C0A900081CA800089A99993ED5
:10217000C4970008B4970008B0970008D08B0008F7
:10218000CC8B0008A48B0008AC0F0020E083000873
:102190009C390020E883000808010020000000208E
:1021A000F4000020E800002090F90030002B01DD51
:1021B000002070470EDB90F90130002B01DD01207B
:1021C000704709DB90F90230002B07DCACBF072019
:1021D0000620704704207047052070470220704792
:1021E00070B58EB001210920FFF768F948238DF8FA
:1021F00037302024ADF8344003238DF836300DA954
:102200007848FFF797F805210120FFF7F7F80B94BE
:1022100001248DF8324000258DF830500C238DF8C4
:1022200031300BA8FFF72CF817238DF828308DF8E4
:102230002B4006238DF829308DF82A300AA8FEF7A6
:10224000EBFF694A136823F020031360FFF760FC7B
:1022500009958DF8205008AB224675216820FFF7BC
:102260009BFC9DF82030682B05D1002001F016F86A
:1022700070B10EB070BDBFF34F8F5C49CA6802F4F5
:10228000E0625B4B1343CB60BFF34F8F00BFFDE7B2
:10229000782000F075FF002848D0782000F0A6FDD7
:1022A000002847D0642000F01BFF002846D001F032
:1022B0003FFB002846D04F4E3046FFF775FF0446DF
:1022C000F01CFFF771FF0546B01DFFF76DFF83019E
:1022D00043EAC500204380B201F036FB002835D028
:1022E00040F2731001F0CAFE002833D0642001F0E0
:1022F000B1FC002832D005A902A801F063F9072833
:1023000030D0002001F014F9002863D009A801F0B2
:10231000C1FB002862D0042000F07AFC4FF4FA7070
:1023200000F016FC344805F083F8A2E7334805F0C6
:102330007FF8B2E7324805F07BF8B3E7314805F0A3
:1023400077F8B4E7304805F073F8B4E72F4805F0A4
:102350006FF8C5E72E4805F06BF8C7E72D4805F084
:1023600067F8C8E701A800F0F9FC019C0298FEF7A5
:10237000CFFB2146FEF720FCFEF7E4FD0290039818
:10238000FEF7C6FB2146FEF717FCFEF7DBFD0390C8
:102390000498FEF7BDFB2146FEF70EFCFEF7D2FDCA
:1023A000049002A801F076FB0DF1020000F0FCFCA5
:1023B000BDF80220059B02FB03F30593069B02FB7D
:1023C00003F30693079B02FB03F3079305A801F0B1
:1023D000D7FB96E7104805F02BF897E70F4805F074
:1023E00027F898E7000C01400004014000ED00E0F0
:1023F0000400FA05040000209C8500084C840008B5
:102400006C84000890840008B8840008EC840008FC
:1024100014850008388500085C8500088085000860
:1024200000B583B0204B93F82430BBB1003818BFFF
:10243000012040008DF807001B4B196858680DF10A
:1024400007030122497C0078FFF784FB00BB9DF85D
:102450000720154B5A7403B05DF804FB124B9B7AAE
:10246000CBB118B1104B5B7CC3B901208DF80700CC
:102470000D4B196858680DF107030122497C00785B
:10248000FFF768FB60B99DF80720074B5A74E2E735
:102490004FF0FF30DFE74FF0FF30DCE70020DAE7F6
:1024A0004FF0FF30D7E700BF100000202DE9F04FBC
:1024B00085B004460D46164601238DF804300023EE
:1024C0008DF80530544B1968586801AB0222497DDC
:1024D0000078FFF73FFB002840F0ED81C820FFF7B0
:1024E00085FA00238DF804304B4B1968586801AB0E
:1024F0000122497C0078FFF72DFB002840F0DE81A7
:10250000454B1968586801AB012249790078FFF7FB
:1025100021FB002840F0D5813F4B1968586801AB7A
:102520000122497D0078FFF715FB002840F0CC819F
:10253000394B1968586801AB0122897E0078FFF792
:1025400009FB002840F0C381334B1968586801AB80
:10255000012209790078FFF7FDFA002840F0BA81DE
:102560000C238DF804302C4B1968586801AB0122FC
:1025700009790078FFF7EEFA002840F0AE810F20CD
:10258000FFF734FA244B9A6A527A8DF804201968BE
:10259000586801AB012289780078FFF7DBFA002840
:1025A00040F09E811C4B9A6A127A8DF804201968BB
:1025B000586801AB012249780078FFF7CBFA002870
:1025C00040F0918156B3144B9A6A927A62F01F02DE
:1025D0008DF804201968586801AB012289790078C8
:1025E000FFF7B8FA002840F081810B4B9A6AD27A43
:1025F00062F01F028DF804201968586801AB0122AF
:10260000C9790078FFF7A6FA002840F07581C82044
:10261000FFF7ECF921E000BF10000020C14B9A6ADF
:10262000927A8DF804201968586801AB01228979E3
:102630000078FFF78FFA002840F05B8118238DF8AF
:102640000430B84B1968586801AB0122C979007889
:10265000FFF780FA002840F0618140238DF80430B4
:10266000B04B1968586801AB012209790078FFF76F
:1026700071FA002840F0438178238DF80430A94B8B
:102680001968586801AB012249790078FFF762FAAE
:10269000002840F037813220FFF7A8F900238DF899
:1026A0000430A04B1968586801AB012249790078C1
:1026B000FFF750FA002840F028819A4B19685868B3
:1026C00001AB0222097B0078FFF766FA83460028F7
:1026D00040F01E819DF804309DF8057047EA0327FD
:1026E000914BA3FB0737C7F3C7070023A3606360C1
:1026F0002360AB606B602B60002F53D01E460DF142
:10270000040ADFF820824FF00C09D8F80010D8F83E
:10271000040053464A46497B0078FFF73DFA0028FB
:1027200040F0F9809DF806309DF8072042EA032228
:1027300012B29DF808109DF8093043EA01231BB23C
:102740009DF804009DF8051041EA002109B22868AF
:1027500008442860696811446960AA681A44AA603C
:102760009DF80C309DF80D2042EA032212B29DF82C
:102770000E109DF80F3043EA01231BB29DF80A00AA
:102780009DF80B1041EA002109B22068084420603E
:10279000616811446160A2681A44A2600136F3B214
:1027A0009F42B2D80026D4F800C04FEAEC71090469
:1027B000832200234FEA0C4041EA1C41FEF708FC4B
:1027C0003A463346FEF704FC2060D4F804C04FEAD2
:1027D000EC710904832200234FEA0C4041EA1C41BA
:1027E000FEF7F6FB3A463346FEF7F2FB6060D4F89C
:1027F00008C04FEAEC710904832200234FEA0C4021
:1028000041EA1C41FEF7E4FB3A463346FEF7E0FBA3
:10281000A0602B68DA17120442EA13421B04114627
:10282000B24236DBD80A3A46334640EA4150C91232
:10283000FEF7CEFB28606B68DA17120442EA1342F7
:102840001B041146002A2ADBD80A3A46334640EADE
:102850004150C912FEF7BCFB6860AB68DA1712047E
:1028600042EA13421B041146002A1EDBD80A3A46EC
:10287000334640EA4150C912FEF7AAFB0028CCBFFC
:10288000A0F5803000F58030A860584605B0BDE85E
:10289000F08F40F2FF715B1842F10001C2E740F295
:1028A000FF715B1842F10001CEE740F2FF715B1847
:1028B00042F10001DAE74FF0FF3BE6E74FF0FF3B64
:1028C000E3E74FF0FF3BE0E74FF0FF3BDDE74FF082
:1028D000FF3BDAE74FF0FF3BD7E74FF0FF3BD4E792
:1028E0004FF0FF3BD1E74FF0FF3BCEE74FF0FF3B10
:1028F000CBE74FF0FF3BC8E74FF0FF3BC5E74FF09A
:10290000FF3BC2E74FF0FF3BBFE74FF0FF3BBCE7A9
:102910004FF0FF3BB9E74FF0FF3BB6E74FF0FF3B0F
:10292000B3E700BF10000020ABAAAAAA794B9B7A9C
:10293000002B00F0D08000B583B000238DF8073065
:10294000744B196858680DF107030122497C00781F
:10295000FFF700F9002840F0C1806E4B19685868F5
:102960000DF10703012249790078FFF7F3F80028F9
:1029700040F0B780674B196858680DF107030122D2
:1029800009790078FFF7E6F8002840F0AD80614B48
:1029900093F82430002B51D00C238DF807305D4B79
:1029A000196858680DF10703012209790078FFF7CB
:1029B000D1F8002840F09B803220FFF717F8C023A1
:1029C0008DF80730534B9B7A13F0010F1CBFE023A7
:1029D0008DF807304F4B196858680DF10703012235
:1029E00009790078FFF7B6F8002840F08380494A5B
:1029F000537C003B18BF01235B008DF80730116842
:102A000050680DF107030122497C0078FFF7A2F816
:102A1000002872D100238DF807303E4B19685868A2
:102A20000DF10703012249790078FFF793F8003888
:102A300018BF0120404203B05DF804FB04238DF869
:102A40000730344B196858680DF1070301220979E2
:102A50000078FFF77FF8002852D12E4B9B7C002B8B
:102A600037D12C4B9B7A13F0010F14BF6023402306
:102A70008DF80730274B196858680DF107030122BC
:102A800009790078FFF766F800283CD13220FEF77C
:102A9000ADFF204B5A7C003A18BF01228DF8072069
:102AA000196858680DF107030122497C0078FFF787
:102AB00051F858BB184B53F8101C53F80C0C01225A
:102AC00049790078FFF746F8003818BF01204042E6
:102AD000B1E74023CCE74FF0FF3070474FF0FF30B5
:102AE000A9E74FF0FF30A6E74FF0FF30A3E74FF024
:102AF000FF30A0E74FF0FF309DE74FF0FF309AE73F
:102B00004FF0FF3097E74FF0FF3094E74FF0FF3082
:102B100091E700BF10000020200000200B4B1B7A23
:102B2000032B0ED8DFE803F00F02070A4FF4FA7305
:102B30000380002070474FF47A73F9E74FF4FA638B
:102B4000F6E70023F4E7FA23F2E700BF10000020C5
:102B50001F4B9B7A8BB3B0F57A7F0FD009D8FA2838
:102B600029D0B0F5FA7F01D1082308E04FF0FF30FB
:102B70007047B0F5FA6F23D1182300E0102300B599
:102B800083B08DF80730124A127AB2EBD30F1AD005
:102B90000F4B196858680DF10703012289790078F5
:102BA000FEF7D8FF88B99DF80730DB08084A137292
:102BB00003B05DF804FB0023E1E74FF0FF307047FE
:102BC0004FF0FF3070470020F2E74FF0FF30EFE7A3
:102BD000100000200D4B5B7A032B12D8DFE803F0C6
:102BE0000F020B0D04230370084AD27C62B15B0014
:102BF0000370002070470823F5E71023F3E7022352
:102C0000F1E74FF0FF3070470020704710000020C0
:102C10001E4B9B7A7BB302380E282FD8DFE800F0DA
:102C2000292E082E2E2E0A2E2E2E2E2E2E2E270048
:102C3000082300E0102300B583B08DF80730134A55
:102C4000527AB2EBD30F1CD0104B196858680DF1B3
:102C500007030122C9790078FEF77CFF98B99DF837
:102C60000730DB08094A537203B05DF804FB1823F0
:102C7000E1E70023DFE74FF0FF3070474FF0FF3010
:102C800070470020F0E74FF0FF30EDE71000002024
:102C90000C4BDB7A013B052B10D8DFE803F0110366
:102CA00007090B0D62230380002070472A23FAE7EF
:102CB0001423F8E70A23F6E70523F4E70023F2E7F5
:102CC000BC23F0E7100000201C4B9B7A6BB300B5CF
:102CD00083B0BB280AD8612821D8292821D81328F5
:102CE00021D809288CBF0523062300E001238DF895
:102CF0000730124AD27A9A421AD0104B1968586893
:102D00000DF10703012289780078FEF723FF88B9C7
:102D10009DF80720094BDA7203B05DF804FB02232B
:102D2000E5E70323E3E70423E1E74FF0FF307047D3
:102D30000020F1E74FF0FF30EEE700BF1000002069
:102D4000054B93F8243023B9034BDB890380002023
:102D500070474FF0FF307047100000200D4B1B7A7A
:102D6000032B13D8DFE803F002060A0E0A4B0360B8
:102D700000207047094B036000207047084B036038
:102D800000207047074B0360002070474FF0FF3072
:102D9000704700BF10000020000003430000834282
:102DA00033330342333383410F4B5B7A032B16D803
:102DB000DFE803F012020C0F4FF4005303800A4ABD
:102DC000D27C7AB15B080380002070474FF48053B7
:102DD000F4E74FF40063F1E74FF48043EEE74FF080
:102DE000FF307047002070471000002070B5144B72
:102DF00093F82430F3B9124B9D7AF5B100F0FE043C
:102E00001E7C25401D742D1B18BF4FF0FF351B7D08
:102E100023430BD00120FFF703FB64B1FFF786FDCE
:102E200048B1074B1E744FF0FF3504E00020FFF758
:102E3000F7FA00E00025284670BD4FF0FF35FAE7AD
:102E400010000020534B9B7C834200F0918010B512
:102E500082B00446002844D04E4B196858680DF1E2
:102E60000703012209790078FEF796FE002840F05A
:102E700081809DF8073023F020038DF80730454B03
:102E8000196858680DF10703012209790078FEF7E7
:102E900061FE002871D10320FEF7A8FD02238DF802
:102EA00007303C4B93F8223013B182238DF8073062
:102EB000384B93F823302BB19DF8073043F03003A3
:102EC0008DF80730334B196858680DF1070301225C
:102ED000C97D0078FEF73EFE002844D04FF0FF3059
:102EE00044E02C4B196858680DF107030122097959
:102EF0000078FEF751FE002842D1264B9B7A13F052
:102F0000010F9DF8073014BF43F0200303F0DF03E7
:102F10008DF807301F4B196858680DF1070301221F
:102F200009790078FEF716FE68BB0320FEF75EFD08
:102F3000184A92F82230003B18BF0123DB018DF8BC
:102F4000073092F823201AB143F030038DF8073090
:102F5000104B196858680DF107030122C97D0078EC
:102F6000FEF7F8FD90B90B4B9C74002002B010BD29
:102F7000002070474FF0FF30F8E74FF0FF30F5E7E3
:102F80004FF0FF30F2E74FF0FF30EFE74FF0FF3048
:102F9000ECE700BF10000020194B93F82330834268
:102FA00029D010B582B0044600280CBF0346302358
:102FB0008DF80730124A927C1AB143F002038DF863
:102FC00007300F4B93F822302BB19DF8073063F098
:102FD0007F038DF807300A4B196858680DF1070315
:102FE0000122C97D0078FEF7B5FD30B9044B83F8A6
:102FF000234002B010BD002070474FF0FF30F8E7CB
:103000001000002010B582B028285ED80446D0B940
:103010000020FFF7C1FF00238DF8043007238DF84F
:1030200005302E4B1968586801AB0222497D0078A3
:10303000FEF790FD044600284AD1284B00221A755D
:10304000204602B010BD0120FFF7A6FF20238DF817
:103050000430012C24D0052C29D9142C2ED802237D
:103060008DF805300A20FFF72FFE9DF805309B01F3
:1030700043F007038DF80530184B1968586801AB09
:103080000222497D0078FEF765FD044618BB134B0C
:1030900008229A72187301221A75FFF7A7FECFE76C
:1030A00000238DF805300520FFF70EFEDDE7012334
:1030B0008DF805300520FFF707FED6E703238DF8CE
:1030C00005301420FFF700FECFE74FF0FF34B7E7DD
:1030D0004FF0FF34B4E74FF0FF34B1E710000020A9
:1030E00010B582B0254B9B7A002B3DD00446234B74
:1030F00093F82430002B3AD1204B1B7D33B1431E73
:103100009BB2272B2CD90020FFF77CFFB4F57A7FE8
:1031100028BF4FF47A74042C38BF04244FF47A7318
:1031200093FBF4F3013B8DF80730144B1968586892
:103130000DF10703012249780078FEF70BFD0446E4
:10314000C0B99DF8073001334FF47A7090FBF3F06B
:103150000A4BD8814008FFF7B7FD204602B010BDEA
:10316000FFF750FF0024F8E74FF0FF34F5E74FF08A
:10317000FF34F2E74FF0FF34EFE700BF100000200C
:1031800010B582B0044610F0700F4BD001228DF8BC
:103190000720414B196858680DF10703497D0078F5
:1031A000FEF7D8FC002858D19DF8073023F04003E3
:1031B000394A137300238DF8073014F0400F48D0BC
:1031C00014F0200F05D19DF8073043F002038DF86D
:1031D000073014F0100F05D19DF8073043F00103BC
:1031E0008DF8073014F0080F43D19DF8073043F0F5
:1031F00038038DF80730284B196858680DF107031C
:103200000122897D0078FEF7A5FC60BB002C3ED131
:10321000214B9C7200241C753220FEF7E7FB2046F0
:1032200002B010BDB0FA80F35B099B018DF8073046
:10323000194B196858680DF107030122497D007880
:10324000FEF788FC48B99DF8073023F04003124A86
:10325000137304238DF80730B2E70F4B00229A72E4
:103260004FF0FF30DCE70C4B00229A724FF0FF303A
:10327000D6E7094B196858680DF107030122897DCB
:103280000078FEF767FC0028EDD1082CC0D00020A4
:10329000FFF782FEBCE700BF1000002010B582B02F
:1032A00080238DF80030384B196858686B4601222E
:1032B000497D0078FEF74EFC00284DD16420FEF7D2
:1032C00095FB00238DF800302F4B196858686B462A
:1032D0000122497D0078FEF73DFC00283FD12A4BB2
:1032E0000022DA74FF21997219725972D9724FF65D
:1032F000FF70D881197499740121197383F8221011
:1033000083F823205A751A75C3F81620C3F81A20BB
:10331000C3F81E2083F8242083F82520DA844FF494
:10332000FA60FFF715FCE8B90220FFF771FCE0B97D
:103330002A20FFF7C9FCD8B93220FFF7D1FED0B957
:10334000FFF754FDD0B9FFF77DFD0446C8B9FFF77C
:1033500017FF204602B010BD4FF0FF34F9E74FF0E1
:10336000FF34F6E74FF0FF34F3E74FF0FF34F0E7B8
:103370004FF0FF34EDE74FF0FF34EAE74FF0FF3452
:10338000E7E74FF0FF34E4E71000002052B370B5D8
:1033900082B00C461646194B9B7A33B3030A8DF85C
:1033A0000430C0B28DF80500144B5D6808446B8989
:1033B00098421DDC114B196801AB0222C97E2878A6
:1033C000FEF7C8FBB8B90D4B196858683346E2B22E
:1033D000097E0078FEF7BEFB003818BF012040428E
:1033E00002B070BD4FF0FF3070474FF0FF30F7E78D
:1033F0004FF0FF30F4E74FF0FF30F1E7100000200E
:1034000052B370B582B00C461646194B9B7A33B353
:10341000030A8DF80430C0B28DF80500144B5D68C6
:1034200008446B8998421DDC114B196801AB0222DC
:10343000C97E2878FEF78EFBB8B90D4B196858681D
:103440003346E2B2097E0078FEF7A6FB003818BFCB
:103450000120404202B070BD4FF0FF3070474FF086
:10346000FF30F7E74FF0FF30F4E74FF0FF30F1E7C0
:10347000100000202DE9F04F89B001932B4B93F8F9
:103480002530002B3FD180468A46934600293DD007
:1034900000B300240DF11009A8EB0406102EA8BFFC
:1034A0001026B5B20AEB04073A4629462046FFF734
:1034B0006DFF70BB4A4629462046FFF7A1FF58BB67
:1034C0002A464946384604F091F840BB2544ACB240
:1034D000A045E1D84FEA1B238DF80C308DF80DB0D4
:1034E000124B1968586803AB0222497F0078FEF737
:1034F00031FBB8B90D4B012283F82520019ADA84FB
:1035000009B0BDE8F08F4FF0FF30F9E74FF0FF3022
:10351000F6E74FF0FF30F3E74FF0FF30F0E76FF0E2
:103520000100EDE74FF0FF30EAE700BF1000002098
:10353000234B93F8243083423CD030B583B018B38A
:103540001F4B93F82530002B36D00020FEF768FF84
:103550000020FFF777FC1A4DE88CFFF7C1FD00242F
:103560008DF8074068680DF10703012223210078D8
:10357000FEF7F0FA012085F82400FEF751FFFFF76F
:10358000D5F9204603B030BD0020FEF749FF0C4DB1
:103590002B7C8DF8073068680DF107030122232189
:1035A0000078FEF7D7FA002485F82440FFF7BEF92B
:1035B0002046E7E7002070474FF0FF30E2E700BF0A
:1035C000100000202DE9F04F95B083460D46A94B21
:1035D00093F82440002C4CD10DA8FFF79FFA0DF171
:1035E0003700FFF7F7FA0CA8FFF752FB0DF1320096
:1035F000FFF7A6FB9F4B9A7A01921B7C0293002255
:1036000029465846FEF752FF002800F07D8100222F
:1036100029465846FEF74AFF002800F0758100252C
:10362000944BFF221A725A72DA724FF6FF71D981E7
:103630009A721A7401221A73BDF83400FFF788FADF
:103640009DF83700FFF7E4FABDF83000FFF73CFBC8
:10365000BDF83200FFF744FD0198FFF791FD029895
:10366000FFF7C4FB002C40F00181284615B0BDE8EF
:10367000F08F0020FFF75CFF0124ADE704957E4B3F
:103680002B60013CE4B2CDF80C8008F8014C74B119
:1036900018463146FDF790FA013C14F0FF04F8D1CA
:1036A000049B1860039B4FF0000203F8012C0435C3
:1036B000B84506D018F8014B002CDFD1C5F80090B2
:1036C000F5E75446059D043D0DF138090DF1240838
:1036D0004FF0000A5646039410E068492046FDF773
:1036E00009FC20B966492046FDF722FC18B10123E8
:1036F000B3404AEA030A0136032E2AD059F8043BA4
:1037000055F8040FC01A0028B8BF4042FDF700FA70
:103710004FF05E51FDF750FA044658F8047B002143
:103720003846FDF7DDFB0028D7D139462046FDF7A6
:10373000F7FA4FF07E51FDF735F920F0004051497E
:10374000FDF7F6FB0028D6D00123B3404AEA030A6E
:10375000D1E7039C5FFA8AF8464B586809AB03220D
:103760000D210078FEF718FA054600287BD19DF858
:10377000243003F01F038DF824309DF8253003F02A
:103780001F038DF825309DF8263003F01F038DF8B8
:103790002630ABF1040A0DF1440909AF83460394C6
:1037A000CDF8108030E0013C059714F0FF0420D0E4
:1037B0003548DFF8D8804146FDF7FEF9013C14F0AA
:1037C000FF04F8D10023059A02F8013C0146304677
:1037D000FDF7A6FA4FF07E51FDF7E4F820F0004027
:1037E0002849FDF7A5FB60B10123AB404BEA030B71
:1037F00007E007F8014C2448E8E70123AB404BEA17
:10380000030B0135032D1ED059F8043B5AF8040F61
:10381000C01A0028B8BF4042FDF77AF94FF05E5158
:10382000FDF7CAF9064617F8014B002CBBD1184921
:10383000FDF760FB0028E0D116493046FDF778FB24
:103840000028DED0D9E7039CDDF810805FFA8BF505
:10385000B5FA85F56D09B8F1000F01D145F0020503
:1038600045F00405DCE64FF0070BEFE70120FFF71A
:103870005FFEFAE6100000207B14AE3E9A99993E56
:103880003333733F295C0F3E0000C84154E3853F4A
:10389000000020410000D242234B586808AB0422AC
:1038A0000D210078FEF778F900287FF40CAF9DF821
:1038B00023209DF82030DB1003F01C03C2F301111C
:1038C0000B438DF81C309DF82130DB1003F01C03F6
:1038D000C2F381010B438DF81D309DF82230DB10BF
:1038E00003F01C0302F0030213438DF81E300DF1A8
:1038F0001C080DF1240A0DF11F070C4E4FF00009B2
:1039000005955546A246D5E601220EA911A8FEF757
:10391000CDFD0028C0D001220EA911A8FEF7C6FDDA
:103920000028B9D000257BE6100000201D5A843FF6
:1039300008B5C8234FF48062024940F6F630FFF71D
:1039400099FD08BD40AA000810B586B004464C4B4E
:103950001B68ADF80C301B0C8DF80E30494B1B6802
:10396000ADF808301B0C8DF80A30474B1B68ADF8DA
:1039700004301B0C8DF80630444B1B68ADF800304A
:103980001B0C8DF8023000F0030101F118030DEB60
:10399000030111F80C3C8DF81430C0F3C10202F1A0
:1039A00018030DEB030212F80C3C8DF81530C0F330
:1039B000811318336B4413F80C0C8DF8160011F8B2
:1039C000101C8DF8101012F8102C8DF8112013F81F
:1039D000103C8DF8123005AA032140F22640FFF773
:1039E000D5FC002840D104AA032140F22A40FFF769
:1039F000CDFC00283BD1019BADF814301B0C8DF899
:103A00001630009BADF810301B0C8DF8123014F0FE
:103A1000040F05D037238DF8143027238DF810308C
:103A200014F0200F05D057238DF8153047238DF85B
:103A3000113014F4807F05D077238DF8163067237A
:103A40008DF8123005AA03214FF48860FFF79EFC21
:103A500080B904AA032140F23140FFF797FC60B916
:103A60000B4B1C8106B010BD4FF0FF30FAE74FF052
:103A7000FF30F7E74FF0FF30F4E74FF0FF30F1E7AA
:103A8000B0850008B4850008B8850008BC8500082A
:103A90008439002030B583B0374B1A8902F0030314
:103AA00050F8233012F0040F18BF5B42C2F3C1017B
:103AB00050F8211012F0200F18BF4942C2F38114B0
:103AC00050F8244012F4807F18BF6442DD172B4A5F
:103AD000A3FB023002FB05009B0F43EA8003CD17D6
:103AE000A1FB021002FB05008D0F45EA8005E017DF
:103AF000A4FB024102FB0012A40F44EA82041A163E
:103B00008DF804201A148DF805201A128DF806205D
:103B10008DF8073001AA04214FF47470FFF736FCCA
:103B200020BB2B168DF804302B148DF805302B128A
:103B30008DF806308DF8075001AA04214FF47570F6
:103B4000FFF724FCA8B923168DF8043023148DF850
:103B5000053023128DF806308DF8074001AA0421A4
:103B60004FF47670FFF712FC03B030BD4FF0FF301A
:103B7000FAE74FF0FF30F7E78439002009E3CA0283
:103B800010B584B004460DF10200FFF70DF9BDF841
:103B900002C04FEACC3C2E4BB3F808E00EF0030312
:103BA00054F823101EF0040F18BF4942CEF3C1038E
:103BB00054F823201EF0200F18BF5242CEF3811379
:103BC00054F823301EF4807F18BF5B42CC17A1FB52
:103BD0000C100CFB0400890F41EA8001D417A2FBF2
:103BE0000C200CFB0400920F42EA8002DC17A3FBBE
:103BF0000C300CFB04009B0F43EA800308168DF881
:103C0000040008148DF8050008128DF806008DF8E0
:103C1000071011168DF8081011148DF809101112E3
:103C20008DF80A108DF80B201A168DF80C201A1436
:103C30008DF80D201A128DF80E208DF80F3001AA84
:103C40000C214FF42570FFF7A1FB04B010BD00BF9D
:103C50008439002010B586B00446164B93E807005F
:103C600006AB03E90700C82C1AD800238DF80430EE
:103C7000C82393FBF4F3013B8DF8053001AA022120
:103C800040F21620FFF782FB68B903AA0C2140F628
:103C9000C120FFF77BFB48B9074B9C8106B010BDE4
:103CA0004FF0FF30FAE74FF0FF30F7E74FF0FF300B
:103CB000F4E700BFC08500088439002070B582B0E9
:103CC000044610F0070F00F0AD800846B1F5C86F4C
:103CD00000F2AB80FCF718FF5C49FDF721F80546C0
:103CE0000DF10300FEF776FF9DF80330023B0E2B2B
:103CF00000F29E80DFE803F0089C2C9C9C9C3C9C7E
:103D00009C9C9C9C9C9C4C004FF08D412846FCF751
:103D100053FFFDF73DF986B24D492846FCF74CFFAD
:103D2000FDF736F980B2330A8DF804308DF805605E
:103D3000030A8DF806308DF8070014F0010F37D113
:103D400014F0020F48D114F0040F58D1002071E094
:103D50004FF08C412846FCF72FFFFDF719F986B28A
:103D60003C492846FCF728FFFDF712F980B2DAE754
:103D70004FF08B412846FCF71FFFFDF709F986B28B
:103D800035492846FCF718FFFDF702F980B2CAE76B
:103D90004FF08A412846FCF70FFFFDF7F9F886B28D
:103DA0002E492846FCF708FFFDF7F2F880B2BAE783
:103DB00001AA02214FF4EA70FFF7E8FA00283BD18C
:103DC0000DF1060202214FF49270FFF7DFFA00288E
:103DD000B6D04FF0FF302DE001AA02214FF4EC7075
:103DE000FFF7D4FA58BB0DF1060202214FF494708C
:103DF000FFF7CCFA0028A6D04FF0FF301AE001AA56
:103E000002214FF4EE70FFF7C1FAD8B90DF10602A6
:103E100002214FF49670FFF7B9FA003818BF01205D
:103E2000404207E04FF0FF3004E04FF0FF3001E088
:103E30004FF0FF3002B070BD4FF0FF30FAE74FF0A7
:103E4000FF30F7E74FF0FF30F4E700BF00004843D2
:103E5000000040460000C045000040450000C0444E
:103E600000B583B010F0010318BF30238DF8073080
:103E700010F0020F04D0DBB243F00C038DF80730D2
:103E800010F0040F05D09DF8073043F003038DF8C0
:103E900007300DF1070201214FF4A470FFF776FA05
:103EA00003B05DF804FB00B583B0042828BF0420EC
:103EB000012838BF012001388DF807000DF10702F5
:103EC000012140F24F10FFF761FA03B05DF804FBE7
:103ED00000B583B0084BA3FB00308308800A8DF83F
:103EE00004008DF8053001AA02214FF4EF70FFF7AE
:103EF0004DFA03B05DF804FBCDCCCCCC00B583B05B
:103F0000084BA3FB00308308800A8DF804008DF86D
:103F1000053001AA02214FF4ED70FFF737FA03B024
:103F20005DF804FBCDCCCCCC00B583B00D4B83FB4E
:103F30000023C017C0EBA31000FB01F10B168DF896
:103F400004300B148DF805300B128DF806308DF807
:103F5000071001AA04214FF4AE70FFF717FA03B05F
:103F60005DF804FBD34D621000B583B0084BA3FB92
:103F700000308308800A8DF804008DF8053001AA0E
:103F800002214FF4AD70FFF701FA03B05DF804FBB6
:103F9000CDCCCCCC00B583B0084BA3FB003083085C
:103FA000800A8DF804008DF8053001AA02214FF433
:103FB000AC70FFF7EBF903B05DF804FBCDCCCCCCD3
:103FC00000B585B068B10D4A01AB07CA03C31A70CA
:103FD00001AA09214FF49760FFF7D8F905B05DF801
:103FE00004FB074A01AB07CA03C31A7001AA0921DF
:103FF0004FF49760FFF7CAF9F0E700BFD0850008DB
:10400000DC85000800B583B0B0B1C0238DF8043062
:10401000C2238DF80530C4238DF80630C6238DF8F1
:10402000073001AA042140F69820FFF7AFF9FEF708
:104030007DFC03B05DF804FB4FF08B330193F0E798
:1040400000B583B0B0B120238DF8043028238DF85B
:10405000053030238DF8063038238DF8073001AA5B
:10406000042140F69E20FFF791F9FEF75FFC03B0B4
:104070005DF804FB4FF0A3330193F0E7F0B585B092
:10408000044602238DF80430CA238DF80530E3235B
:104090008DF8063009238DF8073001AA0421682025
:1040A000FFF774F914F0400640F0AE80A3231946E0
:1040B0001A46A3208DF804008DF805308DF80610FF
:1040C0008DF8072014F4C07540F0A2800346014625
:1040D00002468DF808308DF809108DF80A20A323C8
:1040E0008DF80B308DF80C308DF80D3001AA0A21B7
:1040F00040F6A720FFF74AF914F003070CBFD823B6
:1041000020238DF8043001AA012140F6B620FFF7E4
:104110003DF914F0200F14BF01200020FFF750FFDD
:10412000A5B114F4807F77D1B0208021B4229023F0
:104130008DF804008DF805108DF806208DF80730F5
:1041400001AA042140F6A220FFF720F914F0010F84
:1041500067D0F8238DF8043001AA01214FF40B60D9
:10416000FFF714F9FA210720FFF7A8FD0720FFF752
:1041700077FE0120FFF797FE6420FFF7A9FE4FF4BA
:10418000FA70FFF7BBFEC8212D48FFF7CDFE2820AF
:10419000FFF7EAFE0A20FFF7FDFE14F0020F0CBF46
:1041A000D823D9238DF8043001AA012140F23D70B3
:1041B000FFF7ECF814F0040F14BF01200020FFF704
:1041C00021FF14F0100F14BF01200020FFF738FF6B
:1041D00044F008031B4A5381FEF7A8FB002E0CBFD6
:1041E000002306233DBB174A937314F0140F03D02A
:1041F000144A937B103393731FB1124A937B043399
:104200009373002005B0F0BDC023C821C22250E73F
:10421000C423CC21C6225CE7B2208B21B6229B238B
:1042200086E7D8238DF8043001AA01214FF40B60F2
:10423000FFF7ACF8B1E70633024A9373D5E700BF46
:1042400009E3CA028439002070B586B0012144F226
:104250000500FDF733F918238DF817304FF400737C
:10426000ADF8143003268DF8166005AD224C2946B2
:104270002046FDF75FF848238DF817304FF4806330
:10428000ADF814308DF8166029462046FDF752F837
:104290004FF4612300930023ADF80C300C22ADF8ED
:1042A0000A20ADF80830ADF80630ADF80430134DF3
:1042B00069462846FDF7A8F9012240F22551284613
:1042C000FDF70AFA4FF4A060FCF79CFF25238DF858
:1042D000103001248DF813408DF811408DF81240F4
:1042E00004A8FCF799FF21462846FDF7E7F90448A2
:1042F00003F02EF806B070BD000801400038014000
:10430000E8850008014B00221A7070479C39002094
:1043100008B50120FCF7FAFF012800D008BD064BC4
:104320001B781BB10120FCF7FFFFF7E701210348D1
:10433000FDF73CF9F6E700BF9C390020000800407B
:1043400010B501212948FDF74FF9012800D010BD13
:1043500001212748FDF745F80446264B1B78834288
:104360000AD0244B1B78A34218D0224B1C70012189
:104370001E48FDF745F9EAE70028F2D11E4A1388E6
:1043800001339BB2138013889BB241F28732934270
:10439000EBD9194B4FF4FA721A80E6E7012CE4D1FD
:1043A000164A138801339BB21380134B1B889BB2B0
:1043B000B3F5FA7F10D3124B03221A700F4B1B88F0
:1043C0009BB2092BD1D900210B4B19800B4B1980C3
:1043D0000648FDF7EBF8C8E7074B1B889BB2092B93
:1043E000ECD9074B02221A70E8E700BF0008004032
:1043F00000080140943900209639002098390020A7
:104400009C39002070B588B001210420FDF756F8D2
:1044100001210420FDF760F80124ADF81C40482379
:104420008DF81F3003268DF81E6007A92648FCF77B
:1044300081FF02948DF80E4000258DF80C5010235A
:104440008DF80D3002A8FCF71BFF06238DF8043011
:104450008DF807408DF805608DF8066001AE304696
:10446000FCF7DAFE40F60F63ADF81030ADF81250ED
:104470001323ADF81430ADF81650144D04A9284696
:10448000FDF738F821462846FDF7AAF822462146CE
:104490002846FDF799F84FF4A060FCF7B3FE1E2301
:1044A0008DF804308DF8074004238DF805308DF821
:1044B00006303046FCF7B0FE054802F0B9FF054B68
:1044C000054A5A6008B070BD00080140000800406D
:1044D000F48500089C39002005430008F8B504283D
:1044E00026D8DFE800F003093D0F26000022022154
:1044F0002748FCF77EFF1BE0012202212448FCF73D
:1045000078FF15E00624224F02266425002231465A
:104510003846FCF76EFF2846FDF768FA012231465F
:104520003846FCF766FF2846FDF760FA013CEDD1FE
:10453000F8BD0B24164F022632250022314638469C
:10454000FCF757FF2846FDF751FA0122314638465D
:10455000FCF74FFF2846FDF749FA013CEDD1E7E7AC
:1045600004240B4F0226FA25002231463846FCF778
:1045700040FF2846FDF73AFA012231463846FCF75B
:1045800038FF2846FDF732FA013CEDD1D0E700BFF5
:104590000008014000B583B001210420FCF78EFF24
:1045A00010238DF807300223ADF8043003238DF873
:1045B000063001A90648FCF7BDFE064B0020187125
:1045C000054A1A60FFF78AFF03B05DF804FB00BFDD
:1045D00000080140A4390020DD44000870B586B011
:1045E00001210420FCF76AFF01214FF40030FCF7A1
:1045F00073FF0426ADF8146018238DF817300323D9
:104600008DF8163005AD154C29462046FCF792FE74
:104610000823ADF814308DF8176029462046FCF7C2
:1046200089FE4FF4E13301930023ADF80830ADF873
:104630000A30ADF80C30ADF810300C23ADF80E3068
:10464000A4F544440DEB06012046FCF7DDFF0121F3
:104650002046FDF733F806B070BD00BF00080140EA
:1046600091B1F8B506464718084C802516F8011B8D
:104670002046FDF74BF829462046FDF74BF8012868
:10468000F9D1BE42F2D1F8BD704700BF00440040EE
:104690000346682202700820587000229A70FF2298
:1046A000DA7010221A71597101F20F1199711622E4
:1046B000DA717047034668220270082058700022A1
:1046C0009A70FF22DA7012221A71597101F21111D7
:1046D00099711622DA71704708B5C3B20B2B06D850
:1046E000054B53F82010054802F032FE08BD04487F
:1046F00002F02EFEFAE700BF3C0000200086000812
:104700000486000810B5084B1B780B2B08D85CB248
:10471000064B1B5D03702046FFF7DEFF204610BDF1
:104720004FF0FF34F7E700BF0000002038B6000864
:1047300030B583B004460DF10700FFF7E3FFB0F199
:10474000FF3F05D1104B1B680220984703B030BDD6
:104750009DF8075029460D4802F0FAFD74B9294624
:104760000B48FFF7A7FF01460A4B19800848FFF7DF
:1047700077FF054B1B6803209847E7E72946044865
:10478000FFF786FF0146EFE7A439002018860008EE
:10479000AC3900202C3A002008B5FFF71FFF08BDF8
:1047A00008B50020FFF7C4FF08BD08B50120FFF7DA
:1047B000BFFF08BD2DE9F04182B001210420FCF7C4
:1047C0007DFE01210820FCF779FE10238DF80730CB
:1047D000F027ADF8047003238DF806300DF10408BE
:1047E0000C4E41463046FCF7A5FD40F60145ADF8BC
:1047F0000450094C41462046FCF79CFD39463046A2
:10480000FCF7F5FD29462046FCF7F1FD02B0BDE8B6
:10481000F08100BF00080140000C01407047704764
:104820002DE9F04182B001210420FCF747FE01216F
:104830000820FCF743FE10238DF80730F027ADF871
:10484000047003238DF806300DF104080C4E414628
:104850003046FCF76FFD40F60145ADF80450094CB9
:1048600041462046FCF766FD39463046FCF7BFFD61
:1048700029462046FCF7BBFD02B0BDE8F08100BF31
:1048800000080140000C0140704770472DE9F041DD
:1048900082B001210420FCF711FE01210820FCF761
:1048A0000DFE10238DF80730F027ADF804700323B8
:1048B0008DF806300DF104080C4E41463046FCF7E9
:1048C00039FD40F60145ADF80450094C41462046FB
:1048D000FCF730FD39463046FCF789FD2946204675
:1048E000FCF785FD02B0BDE8F08100BF0008014083
:1048F000000C014070477047704770477047704721
:1049000070477047704770477047704770477047EF
:1049100070477047704770477047704770477047DF
:1049200070472DE9F04F97B09246BDF880200B926A
:10493000BDF884200E92BDF888200892BDF88C60E6
:10494000BDF890200192BDF894E0BDF89820059242
:10495000BDF89C50BDF8A0200992002B00F0988073
:1049600007468B4698460024A446724293B2089AA2
:10497000524292B20F922246C1467146184679E0E1
:1049800001331BB2194683420FDA53EA0204F7D40B
:10499000AA45F5DD8B45F3DD05FB0B1109FB01F1A4
:1049A00018F901108C440137EAE7013212B21546BA
:1049B000724504DA8642F8DA33463146E5E7029B6F
:1049C0000399049C069A0A4409FB02F209990F41D3
:1049D0009CFBF7FC0A9901F802C0621C14B2214644
:1049E000019A13449BB2059A944213DA079D7545C8
:1049F0000DDA1EB20B9A019801FB0020089A801A6A
:104A00002A460027BC46029303910494D2E700276C
:104A1000BC46D7E7119F129E139A149D15980D9BC3
:104A2000013319B20D910C460C9B13449BB20C93AD
:104A3000A94218DA059B002BF1D0BDF9303007935D
:104A40000E9B04FB023EAEEB060E059B03FB04F33C
:104A500006930F9900240B46119712961392149502
:104A600015902146C2E71146109A013212B29446BF
:104A70004A450DDA002DF8D00C9000230D931C460A
:104A800007EB0C082A9B63440A9310920A46D1E76D
:104A900017B0BDE8F08F2DE9F04F95B092461A4659
:104AA000BDF878300893BDF87C300B93BDF88030AA
:104AB0000693BDF88450BDF888300C93BDF88CE0A7
:104AC000BDF890300393BDF89440002A00F09A801E
:104AD00007461346002006466A421FFA82F9069AE4
:104AE000524292B20D92D4468A4671462246CDF881
:104AF00038909946E34674E0013109B20C46814290
:104B000010DA51EA0205F7D4B345F5DDA245F3DD2D
:104B100006FB0A4409FB04F41CF90440A645B8BF8F
:104B2000A646E9E7013212B21646424504DA874248
:104B3000F8DA39463C46E4E7009D0199029C049A64
:104B40000A4409FB02F2079901F802E0013424B299
:104B50002146EA1895B2039A944212DA059E464518
:104B60000CDA2FB2089A01FB0320069A801A32460B
:104B70006FF0800E009501910294D8E76FF0800EDF
:104B8000DDE7109F119D129A13980A9B01331CB206
:104B90000A9423460999114489B20991844218DA8A
:104BA00003990029F1D0BDF9241005910B9903FB5D
:104BB0000218A8EB0508039901FB03F304930D9970
:104BC0000024109711950D4621460C9B12921390CC
:104BD000C4E7114602460F98013000B20646484528
:104BE00010DA002AF8D00E9B099300230A939E4600
:104BF00007EB060C279B3344079373460F90104630
:104C00000A46CDE715B0BDE8F08F2DE9F04FA5B00D
:104C100004460C9116929A46BDF8BC301F460D937F
:104C2000BDF8C0C0CDF838C0BDF8C4E0CDF85CE038
:104C3000BDF8C8300F93BDF8CC50BDF8D0301893F4
:104C4000BDF8D4301993BDF8D880CDF86880BDF890
:104C5000DC00BDF8F4301093BDF8F8609DF8EC303E
:104C6000012B14BF00220122002F00F00F81894682
:104C70000AFB0CF306930EFB03F10AFB09F300FB9E
:104C800003F305930AFB08FE00230B930A93089392
:104C900004F1FF3909EB0A0307932E9B03F1FF3B55
:104CA0005746F2461195B4465E46CB46DDE03A9B48
:104CB00053F82730012101FA03F343FA01F066E0CB
:104CC0000799CE18C4461F46019D029403935AB11A
:104CD00009EB07030BEB0C0113F9014F11F901EF7D
:104CE0000EFB0400B342F7D10135574494445644B7
:104CF000009BAB42EBD1029C039B013405990B4412
:104D0000069988440499A14204D00199009DA942C2
:104D1000D6DBF2E7209D219F229EDDF88CC0149BFC
:104D200099193C9B0D9C04FB01313A9B53F82730A9
:104D3000184100F30700089BC8540136109B9E429F
:104D40003FDA189B06FB03F40F9BE31AE91A91FB69
:104D5000FCF121EAE17101910C99A1EB030EAE4443
:104D60009EFBFCFE0E9B9E45A8BF9E46389B002BDB
:104D70009DD008995856399B53F8273098403A9B54
:104D800053F82730012101FA03F300EB6300139B72
:104D900004998B42C3DA1B9B2344019901FB0C331A
:104DA00002FB03F3159C2144DDF82C8002FB0188F3
:104DB000139C20952197CDF800E02296CDF88CC069
:104DC000A3E7E646DDF878C0DDF87C80099B013377
:104DD0000993634537DA1998099B03FB00F311988F
:104DE000191A109E002EF1D0A8EB0104129894FB22
:104DF000F0F525EAE575169C611A4144044691FBDD
:104E0000F0F117988142A8BF01460491099901FB6E
:104E100006F1149111981B1A05FB04330C9901FB40
:104E200003F30E9901FB05F1159100260EF1FF34F5
:104E30000F995B1A1B9313952546CDF878C0F4465D
:104E4000CDF87C807DE71D9917461C9A12985E4626
:104E5000CB46089B013308930A9C14440A940B9C8C
:104E60000C440B940D9CA34210D0BCF1000FF0D069
:104E70000023099300F1FF381C921D913A460A9FC6
:104E8000DDF868E01290D946B346A4E725B0BDE846
:104E9000F08F2DE9F04F93B00546019088461046FB
:104EA0009C46BDF87060BDF874B01F9C9B0800F074
:104EB00020819208069204F1040A013B9BB24FEA5A
:104EC000830E0E94083404EB83030893531E9BB2A5
:104ED0002A4605F1080909EB8309043202EB830233
:104EE000099200F003020792013A92B21E9D01213D
:104EF00001FA0BF10D91491001331B010A93531C68
:104F00000B939B000C932F46CDF83CE01090CDF80E
:104F100044C0B4460D46C6E00D9B5A1011461046DB
:104F20001446069B002B00F0D880019B03F1040E71
:104F300008F110030297CDF80CA0CDF81080CDF841
:104F400014C01EF904AC1EF9026C13F9107C13F99D
:104F50000E8C06FB08F80AFB0788904413F90F2C07
:104F600013F90DCC06FB0CFC0AFB02CCA44413F98C
:104F70000C2C13F90A7C06FB07F70AFB027707449F
:104F800013F90B0C13F9092C06FB02F20AFB0022A1
:104F900056181EF903AC1EF9011C13F9080C13F97D
:104FA000062C01FB02F20AFB0022424413F9070C13
:104FB00013F9054C01FB04F40AFB0044644413F9A3
:104FC00004CC13F9020C01FB00F00AFB0C0038447E
:104FD00013F903CC13F9017C01FB07F70AFB0C77EB
:104FE000B9190EF1040E1033CE45AAD1029FDDF897
:104FF0000CA0DDF81080DDF814C00A9B9844099ECF
:10500000079B0BB308F10403DDF82CE0B6440297CC
:10501000CDF80C9016F9017B13F9049C07FB0922CB
:1050200013F9039C07FB094413F9029C07FB0900D1
:1050300013F9019C07FB091104337645EAD1029F5D
:10504000DDF80C900C9B984442FA0BF27F2AA8BF23
:105050007F226FF07F039A42B8BF1A460AF8042CE9
:1050600044FA0BF47F2CA8BF7F249C42B8BF1C4697
:105070000AF8034C40FA0BF07F28A8BF7F20984223
:10508000B8BF18460AF8020C41FA0BF17F29A8BFF5
:105090007F219942B8BF19460AF8011C0AF1040A97
:1050A000089B9A451BD01E9B002B3FF435AF97F908
:1050B000002002FA0CF22A4497F9014004FA0CF499
:1050C0002C4497F9020000FA0CF0284497F90310D9
:1050D00001FA0CF12944043723E7019E90E7DDF83B
:1050E0003CE010986646DDF844C00E9B043303EBA9
:1050F0000E041CF0030735D027444FF0010909FACC
:105100000BF94FEA690E6FF07F0C0297CDF80C9007
:10511000DDF878901CE0039B5B1060B108EB000A9F
:105120000199424611F9015B12F9017B07FB053336
:105130005245F7D1804443FA0BF37F2BA8BF7F235E
:105140006345B8BF634604F8013B029B9C4209D00B
:10515000B9F1000FDFD04A4612F9013BB340734466
:105160009146DAE713B0BDE8F08F002941D070B561
:105170008E4600F1FF3CE64463466FF4807113F9FC
:10518000010F8142B8BF01467345F8D1083909B211
:1051900060460024012501E070450AD010F9013F66
:1051A0008B42F9DD5B1A83F3050305FA03F31C4414
:1051B000F2E74FF4801090FBF4F0002601F10D05AA
:1051C0006FF07F0403E016700132F44510D01CF933
:1051D000013F8B42F7DDEB1A83F3050340FA03F33B
:1051E0007F2BA8BF7F23A342B8BF23461370EBE7F2
:1051F00070BD704792B1431E1044013808E001FBB6
:1052000002F2002AB8BF7F32D2111A70834205D051
:10521000013393F90020002AF8DAF0E770472DE90E
:10522000F04F95B000909146BDF878200992BDF8F6
:105230007C60BDF880B0BDF884E0BDF888200192A4
:10524000BDF88C50BDF890200592BDF89440BDF893
:1052500098200892002B00F094808A460020CEF11E
:10526000000297B2CBF1000292B20D92C846D1462D
:10527000CDF828B0834622460E97374676469A46A2
:1052800076E001331BB21946834210DA53EA020476
:10529000F7D4A845F5DD8945F3DD05FB09110AFBC7
:1052A00001B1009C34F911108C440137E9E7013257
:1052B00012B21546724504DA8642F8DA33463146B0
:1052C000E4E70299039B049C069A13440AFB03B388
:1052D000089A17419CFBF7FC289A22F813C0631C1C
:1052E0001CB22346019A8A1891B2059A944213DAA5
:1052F000079D75450DDA0EB2099A019803FB00204F
:105300000A9A801A2A460027BC4602910393049405
:10531000D2E70027BC46D7E7109F119E129D139A33
:105320000C9B013319B20C910C460B9B2B449BB286
:105330000B93914216DA059B002BF1D0BDF92C306E
:10534000079304FB057EAEEB060E059B03FB04F3FF
:1053500006930D9B002419461097119612951392EF
:105360002346C5E70F98411C08B28346504508DA2A
:10537000002AF8D00E9B0B9300230C931C460F9031
:10538000D9E715B0BDE8F08F2DE9F04FA3B0044682
:105390008E460F911892BDF8B4001090BDF8B85029
:1053A0001195BDF8BC80BDF8C0201292BDF8C49024
:1053B000BDF8C8201992BDF8CC70BDF8D0C0CDF8AA
:1053C00034C0BDF8D420BDF8EC100E91BDF8F060EB
:1053D0009DF8E410012914BF00210121002800F0EC
:1053E0002B8103FB05F0079008FB00F003FB0EF593
:1053F00002FB05F5069503FB0CF54FEA450AC3EBE6
:10540000C3754FEA450E00250C9509950A9504EBE6
:105410004304023C08942C9C04F1FF3B1A97574626
:10542000DA469B460B4631467646F8E0389B099AA9
:1054300053F82230012202FA03F4144181E0089863
:1054400000EB4107D846029D0393049176B107EB28
:1054500009010EEB080031F9023F10F901CF0CFBF6
:1054600003F39A1844EBE374B942F4D10135B04424
:105470005744019BAB42E9D1039B04990133069841
:105480000144079883440598984204D00298019DEE
:10549000A842D4DBF2E7219F159B0B990B440A9994
:1054A000109800FB031C389B099953F82130C3F175
:1054B0002000B3F1200122FA03F204FA00F042EADC
:1054C00000025CBF44FA01F10A4347F6FF739A42B7
:1054D000A8BF1A465A4B9A42B8BF1A463A9B23F8BD
:1054E0001C200B9B01330B930E9A934245DA199BB8
:1054F0000B9A02FB03F0129BC31A1499CA1A0D9C53
:1055000092FBF4F222EAE27202920F9AA2EB030CEF
:105510008C449CFBF4FC119B9C45A8BF9C46369B8D
:10552000002B83D00A9A9956379B099A53F8223058
:105530009940389B53F82230012202FA03F401EB20
:1055400064042246E417059B9F42A5DA169B129934
:105550005B1A03440D98029901FB003306FB03F329
:10556000179801440C9806FB01082197CDF804C058
:1055700018463B46C346014688E7DDF874C0B3468B
:10558000DDF878801F9A209D0CF1010CAC4532DAD1
:105590001A9B0CFB03F1139E8B1B0E980028F3D073
:1055A000501EC41A94FBF2F727EAE777189CE31A17
:1055B000034493FBF2F34345A8BF434605930E987B
:1055C0000CFB00F31593891B07FB02110F9B03FBD8
:1055D00001F31693119B03FB07F3179300230B931F
:1055E0000D9B013B1493CDF874C05E46CDF87880D6
:1055F0001F9220957BE71B9B57461C9829464E46D9
:10560000DDF84C90F2460A9C01340A94099D1D4431
:1056100009950C9D05440C95109DAC420CD00029B9
:10562000F1D04FF0000C1B931C90CDF84C900D4620
:10563000B146D646BA46ABE723B0BDE8F08F00BF0F
:105640000080FFFF92B1023800EB420C08E001FB42
:1056500003F3002BB8BF7F33DB110380604505D017
:105660000230B0F90030002BF8DAF0E7704740B1B3
:10567000436A1B6833B15869436A1B68002BFAD12F
:10568000704770477047486108467047026A72B1B8
:10569000002002E0487292684AB111690B7A002B2F
:1056A000F8D0013BDBB20B72002BF4D1F2E770476C
:1056B00038B561B104460D460068FFF7D8FF60B108
:1056C000416A2A6A0A60436A1360002038BD0448B0
:1056D00001F0AEFE6FF00600F8E72560F6E700BFC8
:1056E0002486000808B502460023117A41B101332F
:1056F0000C32082BF9D1054801F09AFE002003E096
:1057000003EB430300EB830008BD00BF688600087D
:1057100038B550B104460025E06800F0B9FC0544F6
:10572000A468002CF8D1284638BD0025FBE700000E
:105730002DE9F0410546114801F00AFE00244FF022
:1057400020080F4F0F4E0AE0404601F013FE09E01B
:10575000384601F0FDFD01340C35082C09D014F059
:10576000030FF1D0297A0029F2D0304601F0F0FD84
:10577000F1E70A2001F0FEFDBDE8F081D4860008C3
:10578000DC860008D8860008036933B11A68137AEA
:1057900023B1013BDBB2137203B170470023537294
:1057A000FBE70000034B1860034B1960034B00221A
:1057B0001A607047383A0020343A0020303A00200E
:1057C0007047B0FBF1F301FB13030BB10844C01A9F
:1057D0007047000008B50421FFF7F3FF0B4B1A6870
:1057E00013180B4909688B4205D20A49086810440E
:1057F000064A136008BD21B9074801F0A9FD002041
:10580000F8E7064801F0A4FD0020F3E7303A002055
:10581000343A0020383A0020E08600083887000833
:1058200038B50421FFF7CDFF0446FFF7D3FF054647
:1058300038B1054A1368234413602246002101F061
:10584000E5FE284638BD00BF3C3A0020F8B50F46BB
:1058500031B3064600B34B6A03B31C461B6843B121
:1058600025466468002CFBD10820FFF7D9FF0446C9
:105870006860306A68B102685AB1054680680028DD
:10588000FBD11C20FFF7CCFFA86010B16A69426110
:10589000A86820607A6A02603046F8BD1C46E8E7D6
:1058A0000E46F9E70EB470B583B0079E054670B199
:1058B00008AB0193002E0ADD0024019B1A1D019202
:1058C00019682846FFF7C2FF0134A642F5D12846E1
:1058D00003B0BDE8704003B0704708B513460A46F0
:1058E0000221FFF7DFFF08BD10B580B10446882212
:1058F000002101F08BFE2046084B8360084BC360FB
:10590000084B0361084B4361084B836110BD88203D
:10591000FFF786FF012380F88530EDE7B1560008D8
:105920004D580008DB580008A558000887560008A5
:10593000034628B1002001305B68002BFBD1704783
:10594000002070472DE9F04F85B080460C46914607
:10595000012203929A4623B1002C00F0D981A24F74
:10596000E6E00DF10C0AF7E74846FFF7BBFE0646F6
:10597000037A01330372E86800F08AFB0421FFF721
:1059800020FF7368984238BF184670602E6101236B
:10599000737205E02B681B692B61AD68002DF9D18E
:1059A000256A002D00F0D180CBE02B69002B00F0A0
:1059B000B1815B7A012B40F0B281AD68002DF4D14A
:1059C000C3E014602569BDB14846FFF78BFE28602F
:1059D00023691A68137A0133137223691B68012241
:1059E0005A72256904216868FFF7EBFE2B685A6834
:1059F000904238BF10465860DAF800506B1CCAF865
:105A00000030206AFFF784FE0090606AFFF780FE96
:105A10000190A66A2369DBB1D3F804B0227F0B2A78
:105A200019D002EB4202714B03EB82022946704807
:105A300001F08EFC6369E3B1197A6E4B03EBC1018F
:105A40006D4801F085FC282001F094FC00251AE047
:105A50004FF0000BE2E7694A2946694801F078FCFB
:105A6000236B197D674B03EBC101674801F070FCA4
:105A7000E0E7664801F06CFCE5E7654801F068FC8A
:105A80000135032D0BD0636ADB685A7CAA42F4DD32
:105A90005B6833F81510384601F05AFCF0E75D48B2
:105AA00001F056FCC6B142F20F739E425CD95A4BCC
:105AB0009E425ED9594B9E4263D85949A1FB06319B
:105AC000890C584A02FB1162574BA3FB0232520B5E
:105AD000564801F03DFC02E0554801F039FC5B46B8
:105AE000019A0099534801F033FC656A002D00F0DB
:105AF0001981AB68002B40F0AD806B68002B40F043
:105B0000A980236A1A7E12B12A7E002A49D11B6914
:105B10002B614846FFF70CFE2046FFF735FE636A0F
:105B20001B68002B00F006815C69002C00F0EE8001
:105B3000256A2B68002B7FF42DAF2B69002B3FF4D7
:105B400013AFAB68002B7FF430AFA36820469847B3
:105B5000A0453FF437AF43461A461B68002B3FF47D
:105B600030AFA242F8D12DE73146334801F0F0FBC7
:105B7000B5E73249A1FB06618909314801F0E8FB2C
:105B8000ADE7710A2F4BA3FB0131C9092E4A02FB75
:105B900011622E4BA3FB0232920D2D4801F0D8FB6F
:105BA0009DE74846FFF79EFD0546002800F0BC80B3
:105BB000012303724372636AD86800F069FA042112
:105BC000FFF7FFFD6B68984238BF18466860636A4C
:105BD0001D614846FFF7ACFD2046FFF757FD204604
:105BE000FFF7D2FD9BE700BFC0870008A4B60008FE
:105BF0008887000864B60008AC87000828B700084A
:105C00009887000844B60008A4870008B4870008F5
:105C1000C8870008D08700083F420F00FFC99A3BA1
:105C200083DE1B4340420F005917B7D1F0870008AD
:105C3000D487000808880008E0870008D34D621068
:105C4000E8870008834B040000CA9A3B6BCA5F6B6D
:105C5000FC870008236A1A7E5AB32A7E4AB30427B7
:105C600001262B68DBB14846FFF73CFD2861002880
:105C70005DD0E86800F00CFA3946FFF7A2FD2B6909
:105C80005A68904238BF104658602846FFF750FEC9
:105C90002B6918722B695E72AD68002DE1D1484600
:105CA000FFF746FD2046FFF7F1FC2046FFF76CFDAD
:105CB00016E01B692B61656A2846FFF739FE2A69E1
:105CC000137A03441372636A1B6901225A724846AD
:105CD000FFF72EFD2046FFF7D9FC2046FFF754FDC5
:105CE000656A1DB9002017E0AD686DB12C462168CA
:105CF0000029F9D053464A4649694046FFF722FE3B
:105D00006468002CF3D1EFE7002005E0002003E0F9
:105D1000002001E06FF0070005B0BDE8F08F6FF0E4
:105D20000700F9E70020F7E76FF00600F4E76FF0EF
:105D30000600F1E70020EFE7F8B505460A4801F054
:105D400007FB00263446094F6A6A16442146384646
:105D500001F0FEFA01340C35082CF5D13146044827
:105D600001F0F6FA3046F8BD1888000838880008B7
:105D700044880008034600F1600C0022406A60B1CC
:105D800010B401E0586A28B18C181C6202440C332C
:105D90006345F7D1002010BC7047002070470068B1
:105DA000A0B1036A33B1DA681969096811609B68A8
:105DB000002BF8D1436A33B1DA68196909681160B8
:105DC0009B68002BF8D100680028EAD100207047BA
:105DD00008B538B1036883B90B4801F029FB4FF0CF
:105DE000FF300FE0084801F023FB4FF0FF3009E0DF
:105DF000596AC96851601B681BB15A69002AF7D1FA
:105E0000F9E7002008BD00BF7088000870B582B0B7
:105E100001230193002854D015460446002956D08A
:105E200001606260002A58D0032304220021354813
:105E300001F08EFA344801F0FBFA344801F0F8FA28
:105E4000334B1968334801F083FA334801F0F0FA14
:105E5000324801F0EDFA324E304601F0E9FA2246BE
:105E600052F8200B01AB0146FFF76CFD304601F004
:105E7000DFFA297F032935D12046FFF75DFF05466C
:105E8000FFF7CEFC0646002835D0264B1968264879
:105E900001F05EFA31462046FFF76CFF2046FFF71F
:105EA0007EFF2046FFF794FF2268002322B1916A0B
:105EB000CB181268002AF9D1C4F88030002002B053
:105EC00070BD1A4801F0B4FA4FF0FF30F7E71748F9
:105ED00001F0AEFA4FF0FF30F1E70846FFF7C7FBDD
:105EE0006060A1E701EB4101114B03EB8101114817
:105EF00001F02EFAC0E729460F4801F029FA6FF0A9
:105F00000600DCE7848800089C880008E888000810
:105F1000343A0020088900082889000844890008CC
:105F2000A88900083C3A00209C8A00087088000874
:105F3000A4B600080C8A00085C8A000838B558B17D
:105F40000446436898470546606908B10368984766
:105F50000023E362284638BD024801F069FA4FF099
:105F6000FF35F7E7708800082DE9F84350B10F4678
:105F7000064604680125FCB91D4801F059FA4FF0A6
:105F8000FF3810E01A4801F053FA4FF0FF380AE0EA
:105F9000227F02EB42020346164901EB82022946A8
:105FA000154801F0D5F94046BDE8F883A742FAD07C
:105FB0002468002CF7D001352046FFF7BFFF80464C
:105FC0000028E5D1F369002BF0D0214630469847F0
:105FD00081460028EAD0237F03EB4303054A02EB06
:105FE00083032A460146054801F0B2F9C846DAE7BC
:105FF00070880008A4B60008C08A0008EC8A00086F
:1060000008B50021FFF7B0FF08BD000008B540F259
:106010009313984216D00F4BA3FB001252094FF076
:10602000640EA3FB02134FEA531C0B49A1FB003182
:106030000EFB12030EFB1C22490B084801F088F9E5
:10604000012008BD032304220021054801F080F946
:106050000020F6E71F85EB515917B7D1248B0008B4
:10606000648B0008018042808380704701804280F9
:106070000122828070470180428001228280704725
:106080000180428001228280704748610846704743
:10609000034670B1416808885A7C012A0AD98B1CD2
:1060A00001EB420133F8022B02FB00F08B42F9D1E5
:1060B000704700207047437C03F10043013B426876
:1060C00032F81300704700002DE9F8430546884672
:1060D0001646012801D0012618BB04211420FFF721
:1060E00070FB04464FEA480904214846FFF769FB64
:1060F000204400EBC600FFF793FB044670B100F1AB
:106100001407476004214846FFF75BFB0744A7607C
:1061100007EB8607E76084F8118025742046BDE808
:10612000F883024801F084F90024F7E7808B000827
:1061300018B108B5FFF744FB08BD704770B50446B9
:106140000E461546049A427452001946406801F002
:10615000D2FA9DF81430A374A3681E60E3681D6032
:10616000204670BDF8B504460E461546069A4274A0
:1061700052001946406801F0BEFA237C012B0FD073
:1061800004279DF81C30A3743A463146A06801F0FC
:10619000B2FA3A462946E06801F0ADFA2046F8BD69
:1061A0002046FFF788FF8700EBE70A8A038A9A42B6
:1061B00020D170B504460D460B7C012B15D004266A
:1061C000AB7CA3743246A968A06801F094FA324609
:1061D000E968E06801F08FFA6A7C627452006968CD
:1061E000606801F088FA204670BD0846FFF763FF3B
:1061F0008600E5E70020704738B503464068827C9A
:10620000102A0BD0046893F90C50FFF741FF0246A7
:1062100029462046FEF7EEFF002038BD046893F9BA
:106220000C50FFF735FF024629462046FFF70AFAD1
:10623000F2E7000038B505461020FFF7F1FA0446F2
:1062400058B1074B0360022303724FF08641284682
:10625000FAF7B2FCFAF776FE2073204638BD00BF8D
:10626000F9610008043804282CBF0846072070474D
:1062700008B500F08DFC002008BD70B58CB08446D8
:10628000436ADC68637C012B2DD063685E881D88BF
:10629000DCF82030D868837C102B27D041688B88AD
:1062A0000A884988006824680A9400240994BCF884
:1062B0004440089407950696BCF836400594BCF80F
:1062C00038400494BCF83C400394BCF83E4002942F
:1062D000BCF830400194BCF832400094FEF721FB3A
:1062E00000200CB070BD01252E46D1E741688B8897
:1062F0000A884988006824680A9400240994BCF834
:106300004440089407950696BCF836400594BCF8BE
:1063100038400494BCF83C400394BCF83E400294DE
:10632000BCF830400194BCF832400094FEF777FF8F
:10633000D6E7000000B587B00DF1100C8CE8030023
:1063400002A981E80C009DF82030009391E80C0030
:106350009CE8030000F0BEFC034628B1152202773A
:10636000034A4260034A8260184607B05DF804FBA6
:106370007B6200087162000870B58AB0044690F92B
:106380000C30012B1FD006AD90F9092090F90810B0
:106390002846FFF76BFE08AE94F90B2094F90A101B
:1063A0003046FFF768FE2379009396E80C0095E8E5
:1063B0000300FFF7BFFF20B18461B4F90630A0F8F5
:1063C00044300AB070BD02AD90F908200121284682
:1063D000FFF74CFE04AE94F90A2001213046FFF786
:1063E0004AFE2379009396E80C0095E80300FFF736
:1063F000A1FFE0E770B50446036A1A68D268DA6064
:10640000036AD868467CFFF756FE0246656A314645
:106410000020FFF759FEE860226A636AD168D868F5
:10642000FFF7C3FE63693BB1626AD2689468216872
:10643000187AFFF717FF2060002070BD83690BB149
:106440000020704710B50446006DFFF771FE606DC7
:10645000FFF76EFE002010BDF0B595B08446036ACC
:10646000D868837C102B40D04168DCF85050DCF8B1
:106470002430DE6874688B880A88498800680027A1
:10648000129711972788109767880F9736680E968E
:106490002E7C0D96DCF858600C96DCF85C600B9650
:1064A000DCF8546036680A96BCF842600996BCF87D
:1064B00044600896BCF836600796BCF838600696CB
:1064C000BCF83C600596BCF83E600496BCF83060B1
:1064D0000396BCF832600296A48801942C6800945C
:1064E000FEF793FB002015B0F0BD4168DCF850507A
:1064F000DCF82430DE6874688B880A884988006874
:106500000027129711972788109767880F9736688A
:106510000E962E7C0D96DCF858600C96DCF85C60CC
:106520000B96DCF8546036680A96BCF8426009960F
:10653000BCF844600896BCF836600796BCF8386032
:106540000696BCF83C600596BCF83E600496BCF824
:1065500030600396BCF832600296A48801942C68DF
:106560000094FEF711FFBDE770B582B00546A42088
:10657000FFF756F90446002855D00423037701237A
:1065800080F8783080F8943080F8A03000F1600115
:10659000FFF77BFD206204F17C012046FFF775FDCB
:1065A0006062414B6360414BA360414BE360A56176
:1065B000AB685B7C032B39D095F91D2095F91C1035
:1065C0006846FFF753FD00982063BDF80430A386AA
:1065D00095F91F2095F91E106846FFF74CFD009BAA
:1065E000C4F83630BDF80430638795F9232095F957
:1065F00022106846FFF744FD009BC4F84230BDF806
:106600000430A4F84630AB69E36495F8243084F88C
:106610004830AA682265EA6862652A69A2656A69E3
:10662000E265012B27D0204602B070BD95F91C20F1
:1066300001216846FFF71AFD00982063BDF8043079
:10664000A38695F91E2001216846FFF714FD009BE3
:10665000C4F83630BDF80430638795F92220012153
:106660006846FFF70DFD009BC4F84230BDF80430CA
:10667000A4F84630C7E7238E013BB4F8422002FB62
:1066800003F303EBD3735B10A387638E013BB4F872
:10669000442002FB03F303EBD3735B10E387002377
:1066A000A4F84030BFE700BF59640008D166000875
:1066B0003D640008844650B1012A03D00139009A94
:1066C00002FB110C5A1E6244B2FBF3F07047704794
:1066D00030B583B00446036A1A68D268DA60456A46
:1066E000036ADB68C26C597C0020FFF7EDFCE860B0
:1066F000226A636AD168D868FFF757FD636ADB686E
:106700009A68236ADB689B68216D89681B68096841
:106710000B44A16D09685B1A136063693BB1626A3F
:10672000D26895682968187AFFF79CFD2860236A6B
:10673000DB685B681888B4F842300093E38E94F805
:106740004820218EFFF7B6FF636ADB685B6818801C
:10675000236ADB685B685888B4F844300093238F61
:1067600094F84820618EFFF7A5FF636ADB685B68D9
:106770005880636ADB685B68E26C9A8094F8483002
:10678000012B13D0236ADB685B689D88638E228EA1
:1067900002FB03F303FB05F5636AD868FFF778FC97
:1067A00000FB05F5A562002003B030BD638E013B00
:1067B000B4F8442002FB03F303EBD3735B10E387CD
:1067C000238E013BB4F8422002FB03F303EBD373A7
:1067D0005B10A3870023A4F84030D3E730B585B021
:1067E0000446036A1A68D268DA60036AD868437C90
:1067F000032B46D0FFF75FFC0246656A01210020AB
:10680000FFF762FCE860236BADF80C30636BDA686D
:106810009968636AD868082301930123009303AB46
:10682000FFF7A0FC636ADB689A68236ADB689B68F1
:10683000616B89681B6809680B44E16B09685B1A26
:10684000136063693BB1626AD26895682968187AF7
:10685000FFF708FD2860236AD868FFF719FC236951
:1068600040005860236AD868FFF712FC0546636A47
:10687000D868FFF70DFC00FB05F5A562002005B008
:1068800030BD656A002201211046FFF71DFCE8605B
:106890000123ADF80C30236BADF80E30636BDA6872
:1068A0009968636AD868082301930223009303ABB5
:1068B000FFF758FCB6E783690BB10020704710B5AD
:1068C0000446406BFFF734FCA06BFFF731FC00205F
:1068D00010BD2DE9F04186B00446036C1D68C36B02
:1068E0001E68036AD8680768636BD3F80080FFF7F7
:1068F000CFFB636AD9684B7C03F10043013B4A68D4
:1069000032F8133022691268126804920A680392FE
:10691000A26B12680292B6B20196ADB2009582B235
:1069200041463846FEF7B5FA002006B0BDE8F081D2
:1069300038B505468820FEF773FF044648B30823A0
:106940000377012380F85C3080F8783080F8843059
:1069500000F14401FFF799FB206204F16001204639
:10696000FFF793FB606204F17C0323610A4B6360D1
:106970000A4BA3600A4BE360A868FFF79CFB206307
:10698000EB68A363AB6863632B69E3636B692364A0
:10699000A561204638BD00BFD3680008DD67000848
:1069A000B76800080020704770B584B00446036AD9
:1069B0001A68D268DA60036AD868467CFFF77BFB06
:1069C0000246656A31460020FFF77EFBE860236AD5
:1069D000D868FFF75DFBADF80C00236ADB68DA6866
:1069E0009968636AD868082301930123009303AB75
:1069F000FFF7B8FB002004B070BD000010B56820A0
:106A0000FEF70EFF0446B0B11A2303770B4B436029
:106A10000B4B8360012380F84830002380F86430FA
:106A200000F13001FFF731FB206204F14C012046F8
:106A3000FFF72BFB6062204610BD00BFA569000870
:106A4000A969000810B50446FFF7D8FF00B18461BA
:106A500010BD70B50446036AD868467CFFF72BFB6F
:106A60000246656A31460020FFF72EFBE860226A85
:106A7000636AD168D868FFF798FB002070BD38B50D
:106A80000346026AD0680468DD6BFFF701FB02462B
:106A90002946204600F02FFE002038BD70B586B094
:106AA00005467820FEF7BCFE044600284ED002239F
:106AB0000377354B4360354B8360012380F85830B2
:106AC000002380F8743000F14001FFF7DEFA206205
:106AD00004F15C012046FFF7D8FA60626B685A7CCB
:106AE000012A36D0022A41D0596802AE8B884A88E2
:106AF00009883046FFF7B6FA02982063BDF80C30DB
:106B0000A3866B681B68E3636B689B681B68A36361
:106B1000238EADF81030638EADF81230A38EADF831
:106B200014306868FFF7C7FA0246256A032100207F
:106B3000FFF7CAFAE860A16B236AD86808230193BB
:106B40000323009304AB0022FFF7F8FA204606B0B7
:106B500070BD02AE5B681B8811463046FFF782FAB3
:106B600002982063BDF80C30A386CAE75A6802AECB
:106B70005388128801213046FFF774FA0298206387
:106B8000BDF80C30A386BCE77F6A0008536A000892
:106B900070B50446036A1A68D268DA60036AD86876
:106BA000467CFFF788FA0246656A31460020FFF707
:106BB0008BFAE860226A636AD168D868FFF7F5FA51
:106BC00063693BB1626AD26895682968187AFFF7F1
:106BD00049FB286094F84230012B25D0E28E636A8D
:106BE000DB685968236ADB685B681B88208E1B1A88
:106BF000134493FBF2F30B80228F636ADB685968BE
:106C0000236ADB685B685B88608E1B1A134493FB06
:106C1000F2F34B80636ADB685B68226AD268526871
:106C200092889A80002070BDE28E636ADB685968A2
:106C3000236ADB685B681B881344013B93FBF2F318
:106C40000B80228F636ADB685968236ADB685B68A4
:106C50005B881344013B93FBF2F34B80636ADB6870
:106C60005B68226AD268526892889A80DAE770B5C7
:106C70008AB08446436ADC68637C012B27D0636852
:106C80005E881D88DCF82030D86841688B880A88C7
:106C9000498800682468099400240894079506969A
:106CA000BCF836500595BCF838500495BCF83C50FB
:106CB0000395BCF83E500295BCF830500195BCF8E5
:106CC00032500095FDF7E7FE20460AB070BD012561
:106CD0002E46D7E730B585B004AC04E90300CDE912
:106CE00000239DF820508C20FEF79AFD044670B3D7
:106CF00013230377204B4360204B8360012380F8EC
:106D0000603080F87C3080F8883000F14801FFF76F
:106D1000BCF9206204F164012046FFF7B6F9606215
:106D200004F18003236104AB13E903002063A1860F
:106D30000098C4F83600BDF80430638784F84250E8
:106D4000012D07D00023A387E387A4F84030204615
:106D500005B030BDBDF80830013B03EBD3735B10C9
:106D6000A387BDF80A30013B03EBD3735B10E387C5
:106D70000123A4F84030EAE76F6C0008916B00082B
:106D800038B5C46B036ADB681D68436AD868FFF7CF
:106D90007FF902462946204600F0ADFC002038BDB0
:106DA00038B50546FFF77AFE044650B185610323E6
:106DB0000377054B4360054B8360036AD868FEF791
:106DC000FFFC204638BD00BF816D0008F563000858
:106DD00070B50446036A1A68D268DA60036AD86834
:106DE000467CFFF768F90246656A31460020FFF7E6
:106DF0006BF9E860226A636AD168D868FFF7D5F951
:106E0000636ADB689B6807221A60002070BD38B592
:106E10000446036ADB681D68436AD868FFF738F9DF
:106E20000146636ADB681A682846FEF79EF900206F
:106E300038BD000010B56820FEF7F2FC0446A8B18A
:106E4000122303770A4B43600A4B8360012380F8C7
:106E5000483080F8643000F13001FFF716F9206205
:106E600004F14C012046FFF710F96062204610BD86
:106E70000F6E0008D16D000810B50446FFF7DAFF69
:106E800000B1846110BD0000002103E00B4B5B5892
:106E9000435004310A480B4B42189A42F6D30A4A2F
:106EA00002E0002342F8043B084B9A42F9D3FAF778
:106EB00027F900F0F9FBFBF7A9F8704774B8000850
:106EC00000000020C8000020C8000020903B0020E7
:106ED000FEE700002DE9F047089D0F4604468E4668
:106EE000002B48D18A42164661D9B2FA82F24AB1E1
:106EF000C2F1200301FA02FE20FA03F3964043EAAE
:106F00000E0E94404FEA164CBEFBFCF1B7B20CFBE0
:106F100011EE01FB07F0230C43EA0E43984209D916
:106F2000F31801F1FF3E80F0ED80984240F2EA80D4
:106F3000023933441B1AB3FBFCF00CFB103300FB8B
:106F400007F7A4B244EA0344A74209D9341900F16F
:106F5000FF3380F0D980A74240F2D6803444023813
:106F600040EA01400021E41B1DB10023D440C5E9E3
:106F70000043BDE8F0878B4206D90DB1C5E9000199
:106F800000210846BDE8F087B3FA83F1002947D114
:106F9000BB4202D3824200F20481841A67EB0302EF
:106FA00001209646002DE4D0C5E9004EE1E7002A15
:106FB00000F09080B2FA82F2002A40F0A780881B8D
:106FC0000121370C1FFA86FEB0FBF7FC07FB1C0003
:106FD000230C43EA00430EFB0CF0984207D9F31848
:106FE0000CF1FF3802D2984200F2E080C4461B1A2E
:106FF000B3FBF7F007FB10330EFB00FEA4B244EA2C
:107000000344A64507D9341900F1FF3302D2A6453F
:1070100000F2C9801846A4EB0E0440EA0C40A3E736
:10702000C1F120068B4022FA06FC4CEA030C27FA39
:1070300006FA4FEA1C49BAFBF9F88F4020FA06F32A
:1070400009FB18AA1FFA8CFE3B4300FA01F708FB64
:107050000EF01C0C44EA0A44A04202FA01F20BD9D9
:107060001CEB040408F1FF3A80F09980A04240F242
:107070009680A8F102086444241A98B2B4FBF9F38C
:1070800009FB134403FB0EFE40EA0444A64508D95D
:107090001CEB040403F1FF307FD2A6457DD9023BEF
:1070A000644443EA0840A4EB0E04A0FB028E74453E
:1070B0004346F14661D35ED055B1FA1A64EB090438
:1070C00004FA06F622FA01F31E43CC40C5E9006437
:1070D00000214EE743084FEA510C43EAC1710A0C04
:1070E00042EA0C428BB2C407B2FBF6F143EA024318
:1070F000BCFBF6FCB646304637461F22181A41EA5A
:107100000C4161E7714615E7184629E7C2F12003F3
:1071100021FA03F0964024FA03F397403B43370CDF
:10712000B0FBF7F807FB18001FFA86FE190C41EABE
:10713000004108FB0EF0884204FA02F43AD97118B3
:1071400008F1FF3C01D288421ED8091AB1FBF7F8BA
:1071500008FB0EF007FB18119BB243EA0143834280
:107160002FD2F31808F1FF31C8D28342C6D2A8F15A
:1071700002013344C2E747459ED2B8EB02036EEBEF
:107180000C0E0138F14697E7301A0144A8F1020CC1
:10719000B1FBF7F808FB0EF0DCE7034681E7D046C9
:1071A0006AE70846FEE63444023834E7ACF1020CE4
:1071B00033441CE7091AC446B1FBF7F808FB0EF08C
:1071C000C8E741469AE700BF002310B50446C0E96E
:1071D0000033C0E90433836081814366C2818361E7
:1071E000194608225C3000F011FA0D4B24626362EC
:1071F0000C4BA3620C4BE3620C4B23630C4B9C4285
:1072000006D003F16802944202D0D0339C4205D1EB
:1072100004F15800BDE8104000F06ABA10BD00BF8C
:1072200041740008637400089B740008C17400086E
:10723000403A0020024A0349034800F06BB800BFFF
:107240006C000020A17F00087C00002041680C4BEE
:1072500010B59942044601D000F0A2FEA168094B86
:10726000994202D0204600F09BFEE168064B99420D
:1072700004D02046BDE8104000F092BE10BD00BF13
:10728000403A0020A83A0020103B00200C4B0D4A49
:1072900010B504211A600C480022FFF795FF0A4B35
:1072A00001221C46092103F16800FFF78DFF04F15C
:1072B000D0000222BDE810401221FFF785BF00BFB9
:1072C000783B002035720008403A0020014800F069
:1072D00010BA00BF813B0020014800F00BBA00BF8C
:1072E000813B002010B50446FFF7F0FF236A1BB175
:1072F000BDE81040FFF7F0BF044B2362044B1B684E
:10730000002BF5D1FFF7C2FFF2E700BF4D72000876
:10731000783B00202DE9F8430746884614460026AE
:10732000D4E90195B9F1010905D52468002CF7D1FC
:107330003046BDE8F883AB89012B07D9B5F90E308B
:10734000013303D029463846C04706436835E9E78C
:107350000FB407B5064904AB086853F8042B8168DD
:10736000019300F0F5FA03B05DF804EB04B0704748
:1073700078000020024B01461868826800F095BE34
:1073800078000020036A70B505460E4684680BB984
:10739000FFF7A8FF636EDB0705D4A389980502D425
:1073A000A06D00F0A6F9A389190702D52369002B67
:1073B00035D12146284600F0C5F880B34FF0FF359F
:1073C000636EDA0705D4A3899B0502D4A06D00F093
:1073D00091F9284670BD002B04DAA269934217DBAD
:1073E0000A2915D023685A1C22601970A36816F860
:1073F000011F013BA3600029EDD1002B11DA2246C9
:107400000A21284600F060F80130D7D00A25D7E7D6
:107410002246284600F058F80130E7D1CEE7013E79
:10742000E4E723685A1C22600A221A70EEE7000083
:10743000024B01461868FFF7A5BF00BF7800002087
:1074400010B50C46B1F90E1000F00AF90028ABBFD8
:10745000636DA3891B1823F48053ACBF6365A381BC
:1074600010BD2DE9F0411F468B890546DB050C4612
:10747000164605D502230022B1F90E1000F0DEF801
:10748000A389324623F48053A38128463B46B4F9AE
:107490000E10BDE8F04100F0F5B810B50C46B1F99A
:1074A0000E1000F0CBF8B4F90C30421C0BBF23F4E3
:1074B000805343F48053A381A38118BF606510BD3E
:1074C000B1F90E1000F0AAB8F8B50E4614460546FC
:1074D00018B1036A0BB9FFF705FFA369A360A3897D
:1074E0001A0701D5236943B92146284600F02AF836
:1074F00018B14FF0FF373846F8BD23682269F6B25D
:10750000981A63693746834205DC2146284600F015
:1075100047FD0028EDD1A368013BA36023685A1CF6
:1075200022601E706269431C9A4204D0A389DB0763
:10753000E1D50A2EDFD12146284600F031FD002892
:10754000D9D0D6E738B5284B054618680C4618B18F
:10755000036A0BB9FFF7C6FEB4F90C301A0721D441
:10756000D80607D409222A6043F040034FF0FF30C9
:10757000A38130E0590712D5616B41B104F1440396
:10758000994202D0284600F0C5F800236363002228
:10759000B4F90C306260226923F02403226043F0C6
:1075A0000803A38122693AB99A0501D5180603D5C3
:1075B0002146284600F040FDB4F90C3013F00102DA
:1075C0000AD00022A26062695242A261226942B9D5
:1075D00013F08000C8D138BD990758BF6269A26016
:1075E000F4E70020F7E700BF7800002010B501396C
:1075F0000244904201D1002005E0037811F8014FC8
:10760000A34201D0181B10BD0130F2E7034602442B
:10761000934200D1704703F8011BF9E738B5002306
:10762000054D044608462B6000F0B4FD431C02D112
:107630002B6803B1236038BD7C3B002038B504467D
:10764000084611460022054D2A601A4600F0BAFD90
:10765000431C02D12B6803B1236038BD7C3B002062
:1076600038B50446084611460022054D2A601A46E0
:1076700000F0B0FD431C02D12B6803B1236038BD7C
:107680007C3B002038B50446084611460022054DD3
:107690002A601A4600F0B4FD431C02D12B6803B1E6
:1076A000236038BD7C3B002070B500260C4D0D4B8F
:1076B0005B1B9C10A64209D1002600F0F7FD0A4D85
:1076C0000A4B5B1B9C10A64205D170BD55F8043BCC
:1076D00098470136EEE755F8043B98470136F2E744
:1076E0006CB800086CB800086CB8000870B80008E6
:1076F0007047704770470A44914200F1FF3300D150
:10770000704710B511F8014B914203F8014FF9D1C0
:1077100010BD000038B50546002940D051F8043CA2
:107720000C1F002BB8BFE41800F0DEF81C4A1368E9
:1077300033B9636014602846BDE8384000F0DAB819
:10774000A34208D9206821188B4201BF19685B68E1
:1077500009182160EDE71A465B680BB1A342FAD91C
:1077600011685018A0420BD1206801445018834280
:107770001160E0D118685B68084410605360DAE774
:1077800002D90C232B60D6E7206821188B4201BF59
:1077900019685B680918216063605460CBE738BDE5
:1077A000883B002070B50F4E0C463168054611B974
:1077B00000F0D2FC30602146284600F0CDFC431C8E
:1077C00003D14FF0FF34204670BDC41C24F00304E5
:1077D000A042F8D0211A284600F0BEFC0130F2D1B8
:1077E000EFE700BF843B00202DE9F843CD1C25F0D6
:1077F000030508350C2D38BF0C25002D064601DB8E
:10780000A94204D90C2333600020BDE8F883DFF8D7
:10781000D48000F069F8D8F800301C4644BB2946F3
:107820003046FFF7BFFF431C044658D1D8F800404C
:107830002746002F43D1002C4BD0236839463046D1
:1078400004EB030900F088FC814542D121683046F1
:107850006D1A2946FFF7A6FF01303AD023682B4462
:107860002360D8F800305A6862BBC8F800700FE097
:107870002268521B20D40B2A17D96119A342256014
:1078800018BF5960636808BFC8F8001062514B60A8
:10789000304600F02FF804F10B00231D20F0070004
:1078A000C21A1CBF1B1AA350AFE76268A3420CBFE9
:1078B000C8F800205A60EBE723466468AEE73C4610
:1078C0007F68B6E71A465B68A342FBD1002353608A
:1078D000DEE70C233046336000F00CF894E70560D7
:1078E000D6E700BF883B00200148FFF702BF00BF7A
:1078F000803B00200148FFF7FDBE00BF803B002019
:10790000936810B4013B002B936007DA9469A3429B
:1079100001DB0A2902D110BCFFF7D6BD1368581C41
:1079200010601970084610BC7047F8B506460F463F
:107930001446D518AC4201D1002007E03A46304643
:1079400014F8011BFFF7DCFF431CF3D1F8BD000066
:107950002DE9F04F0D461446984606469DB018B1E5
:10796000036A0BB9FFF7BEFC6B6ED90705D4AB8970
:107970009A0502D4A86DFFF7BCFEAB891B0701D5A1
:107980002B699BB929463046FFF7DCFD70B16B6E61
:10799000DC0704D54FF0FF301DB0BDE8F08FAB8998
:1079A0009805F7D4A86DFFF7A5FEF3E70023099328
:1079B00020238DF8293030234FF00109CDF80C80B9
:1079C000DFF8A8818DF82A3023469A4613F8012B58
:1079D0000AB1252AF9D1BAEB040B0BD05B4622463B
:1079E00029463046FFF7A1FF013000F0A780099A31
:1079F0005A4409929AF80030002B00F09F8000232F
:107A00004FF0FF32CDE905230AF1010A04930793F1
:107A10008DF853301A935446052214F8011B53482D
:107A200000F0AAFB049AD8B9D10644BF20238DF8F0
:107A30005330130744BF2B238DF853309AF800308E
:107A40002A2B15D0544600204FF00A0C079A2146E5
:107A500011F8013B303B092B4BD9B0B1079214E030
:107A6000A0EB080309FA03F31343A2460493D2E7F9
:107A7000039B191D1B680391002BBBBF5B4242F0A7
:107A8000020207930793B8BF049223782E2B0AD1E2
:107A900063782A2B32D1039B02341A1D1B68039290
:107AA00043EAE3730593DFF8C8A003225046217828
:107AB00000F062FB38B14022049BA0EB0A00824038
:107AC00013430134049314F8011B062229488DF84E
:107AD000281000F051FB00283FD0274B1BBB039B15
:107AE000073323F0070308330393099B3B440993AF
:107AF0006AE70C4601200CFB0232A8E700234FF096
:107B00000A0C194601340593204610F8012B303A2F
:107B1000092A03D9002BC6D00591C4E704460123E6
:107B20000CFB0121F0E703AB00932A463046134BD0
:107B300004A9AFF300800746781CD6D16B6ED90735
:107B400005D4AB899A0502D4A86DFFF7D3FDAB89A4
:107B50005B063FF51FAF09981EE703AB00932A466B
:107B60003046064B04A900F07DF8E4E730B8000881
:107B700036B800083AB80008000000002B79000869
:107B80002DE9F047164698468A680B6907469342E6
:107B9000B8BF1346336091F843200C46DDF82090BF
:107BA0000AB1013333602368990642BF3368023358
:107BB0003360256815F0060506D104F1190AE3685B
:107BC00032689B1AAB422BDC94F843302268003BAE
:107BD00018BF0123920630D44146384604F14302CF
:107BE000C847013023D02368226903F00603042B21
:107BF00014BF002533684FF0000608BFE56804F1A4
:107C00001A0408BFED1A54F8123C08BF25EAE575BE
:107C10009342C4BF9B1AED18B5421AD1002008E068
:107C20000123524641463846C847013003D14FF040
:107C3000FF30BDE8F0870135C1E73020E11881F859
:107C400043005A1C94F845102244023382F8431032
:107C5000C2E70123224641463846C8470130E6D0F4
:107C60000136D9E72DE9FF470F7E9146782F8046F0
:107C70000C469A460C9E01F1430207D8622F0AD89F
:107C8000002F00F0D280582F00F0B78004F1420698
:107C900084F842703AE0A7F16303152BF6D801A1EE
:107CA00051F823F0FD7C0008117D00088D7C000850
:107CB0008D7C00088D7C00088D7C0008117D0008FB
:107CC0008D7C00088D7C00088D7C00088D7C000870
:107CD000117E00083B7D0008C77D00088D7C0008F0
:107CE0008D7C0008337E00088D7C00083B7D0008F9
:107CF0008D7C00088D7C0008CF7D000833681A1D3C
:107D00001B68326004F1420684F8423001239DE092
:107D100033682068191D3160060601D51D6803E02F
:107D20004506FBD5B3F90050002D03DA2D236D4233
:107D300084F843300A23594810E021683368080664
:107D400053F8045B02D4490648BFADB26F2F5348C5
:107D5000336059D10823002184F843106668002E4F
:107D6000A66005DB21682E4321F0040121604DD07F
:107D70001646B5FBF3F103FB1157C75D06F8017D0D
:107D80002F46BB420D46F4D9082B0BD12368DF07E1
:107D900008D5236961689942DEBF302306F8013CAB
:107DA00006F1FF36921B22614B4621464046CDF834
:107DB00000A003AAFFF7E4FE01304CD14FF0FF30E2
:107DC00004B0BDE8F087236843F0200323607827E0
:107DD000334884F84570236831681F0651F8045B06
:107DE00002D45F0648BFADB23160D90744BF43F04B
:107DF000200323601DB11023ADE72848E9E723687D
:107E000023F020032360F6E70A23A4E71646BBE726
:107E100033682568181D616930602E061B6801D51E
:107E2000196002E06806FBD519800023164623611D
:107E3000BAE7336800211A1D32601E686268304656
:107E400000F09AF908B1801B606063682361002329
:107E500084F84330A8E73246494640462369D04774
:107E60000130ABD023689B0713D4E068039B984292
:107E7000B8BF1846A4E70123324649464046D047DA
:107E800001309BD00135E36803995B1AAB42F2DC09
:107E9000EBE7002504F11906F5E700BF41B800083B
:107EA00052B80008B1F90C20F8B5160705460C4683
:107EB00051D44B68002B02DC0B6C002B49DDE66AC9
:107EC000002E46D0002312F480522F682B6031D050
:107ED000626DA389590705D56368D21A636B0BB12C
:107EE000236CD21A00232846E66A216AB047421C56
:107EF000B4F90C3006D129681D2945D8274ACA4053
:107F0000D60741D5002262602269D904226004D5D7
:107F1000421C01D12B6803B96065616B2F60C1B150
:107F200004F14403994202D02846FFF7F3FB0023F3
:107F300063630EE001232846216AB0470246501CC5
:107F4000C7D12B68002BC4D01D2B01D0162B19D103
:107F50002F6000201DE00F69002FFAD0930718BF93
:107F600000230E6808BF4B69F61B0F608B60002E64
:107F7000EFDD33463A462846216AD4F828C0E04768
:107F8000002807DCB4F90C304FF0FF3043F0400319
:107F9000A381F8BD0744361AE9E700BF010040207D
:107FA00038B50B6905460C4613B90025284638BD7F
:107FB00018B1036A0BB9FFF795F9B4F90C30002B2F
:107FC000F3D0626ED00704D4990502D4A06DFFF7F8
:107FD00090FB28462146FFF765FF636E0546DA07EA
:107FE000E4D4A3899B05E1D4A06DFFF783FBDDE713
:107FF00070B50C46B1F90E10154600291E4696B014
:108000000ADAA18911F0800113D14FF480620020B7
:1080100031602A6016B070BD6A4600F07BF8002817
:10802000EFDB019901F47041A1F500535942594128
:10803000EBE700214022EAE78B8973B59E070546EE
:108040000C4607D504F147032360236101236361D4
:1080500002B070BD01AB6A46FFF7CAFF009E28461A
:108060003146FFF7C1FBB4F90C3038B99A05EFD4AB
:1080700023F0030343F00203A381E3E743F080030B
:10808000A381019BC4E904062060002BE0D02846B0
:10809000B4F90E1000F050F80028D9D0A38923F0CD
:1080A000030343F00103A381D2E770B50D461446E4
:1080B000064618B1036A0BB9FFF714F9636ED807C7
:1080C00005D4A389990502D4A06DFFF712FBA3681C
:1080D000013B002BA36005DAA269934212DBEBB2ED
:1080E0000A2B0FD023685A1C22601D70EDB2636EFC
:1080F000DA0705D4A3899B0502D4A06DFFF7FAFA2D
:10810000284670BD294622463046FFF7DDF9054670
:10811000EDE7000038B50023064D04460846114639
:108120002B6000F03FF8431C02D12B6803B12360A1
:1081300038BD00BF7C3B002038B50023054D044608
:1081400008462B6000F036F8431C02D12B6803B1BF
:10815000236038BD7C3B002038B50023054D044624
:1081600008462B6000F03EF8431C02D12B6803B197
:10817000236038BD7C3B0020034610B5C9B20244E1
:108180009342184601D1002003E0047801338C4269
:10819000F6D110BD5822024B4FF0FF301A607047E5
:1081A0007C3B00205822024B4FF0FF301A60704792
:1081B0007C3B00205822024B00201A60704700BF11
:1081C0007C3B00205822024B4FF0FF301A60704772
:1081D0007C3B00205822024B4FF0FF301A60704762
:1081E0007C3B0020044A05491368002B08BF0B465E
:1081F00018441060184670478C3B0020903B0020CC
:108200005822024B4FF0FF301A6070477C3B002031
:1082100038B5C1F30A54A4F2FF3CBCF1130F024677
:108220000B468E4614DCBCF1000F2DDB1E4941FAD3
:108230000CF101EA0300104310D04FF40022002398
:1082400042FA0CF2724422EA010E7146184638BD19
:10825000BCF1330F05DDBCF5806F1CD0104619460C
:1082600038BD4FF0FF31A4F21344E1400142F5D094
:108270000123CCF1330C03FA0CF31B1828BF0EF1C9
:10828000010E23EA0103E0E7BCF1FF3F01F0004EDD
:1082900004D00023D9E7F7F741FF38BD4EF07F5EE9
:1082A00000234EF4401ED0E7FFFF0F00F8B500BFDB
:1082B000F8BC08BC9E467047F8B500BFF8BC08BCC7
:0482C0009E4670471F
:1082C4000204060800000000010203040102030482
:1082D400060708094D6F64756C65204D6F64756CF5
:1082E400655F547970655F3020496E6974000000E1
:1082F4004D6F64756C6520256420496E69740A00AD
:108304004D6F64756C655F547970655F3000000073
:1083140053595354454D5F4D4F44455F3100000060
:1083240053595354454D5F4D4F44455F3000000051
:108334004F75747075745B25645D203D20252E3265
:10834400662025250A000000556E7265636F676E0E
:10835400697A6564000000005269676874416E6759
:108364006C6500005368617270416E676C65000053
:108374004C696768746E696E6700000054726961C5
:108384006E676C65000000004C65747465725F680C
:10839400000000004C65747465725F5200000000B8
:1083A4004C65747465725F57000000004C6574740A
:1083B40065725F7068690000436972636C650000F0
:1083C4005570416E64446F776E000000486F726EA2
:1083D4000000000057617665000000005768696C72
:1083E40065000000425554544F4E5F484F4C445F63
:1083F4004C4F4E47000000006F7574707574300068
:10840400736F66746D61780064656E736500000057
:10841400666C617474656E00617665726167655F30
:10842400706F6F6C696E673264000000636F6E7604
:1084340032645F3100000000636F6E7632640000C6
:10844400696E7075745F31006D70755F7365745F0C
:1084540073656E736F7220636F6D706C65746520E5
:108464002E2E2E2E2E2E0D006D70755F636F6E6690
:1084740069677572655F6669666F20636F6D706C9E
:10848400657465202E2E2E2E2E2E0D006D70755FB8
:108494007365745F73616D706C655F726174652080
:1084A400636F6D706C657465202E2E2E2E2E2E0D2E
:1084B40000000000646D705F6C6F61645F6D6F74C9
:1084C400696F6E5F6472697665725F6669726D77F3
:1084D40061726520636F6D706C657465202E2E2E3D
:1084E4002E2E2E0D00000000646D705F7365745FA6
:1084F4006F7269656E746174696F6E20636F6D70FD
:108504006C657465202E2E2E2E2E2E0D000000007C
:10851400646D705F656E61626C655F6665617475DC
:10852400726520636F6D706C657465202E2E2E2E1F
:108534002E2E0D00646D705F7365745F6669666FDF
:108544005F7261746520636F6D706C657465202E55
:108554002E2E2E2E2E0D00006D70755F7365745FC8
:10856400646D705F737461746520636F6D706C65A6
:108574007465202E2E2E2E2E2E0D0000646D705F3D
:108584007365745F6779726F5F62696173202E2E01
:108594002E2E2E2E0D000000646D7020696E6974FD
:1085A40020636F6D706C6574650D00004CCD6C00BC
:1085B4000CC92C003656760026466600FEF2ABC483
:1085C400AAF1DFDFBBAFDFDF00000000B8AAB38D84
:1085D400B4980D355D000000B8AAAAAAB088C3C536
:1085E400C7000000557361727431496E69740000EC
:1085F400427574746F6E5F496E6974002573000070
:10860400556E7265636F676E697A6564204D6F6439
:10861400656C0000202A202564202A200000000028
:108624004572726F723A2061646465642061204E01
:10863400554C4C206C617965722C20636F756C64A9
:10864400206265206E6F206D656D6F72792077688A
:10865400696C65206372656174696E67206C617909
:1086640065722E000A4552524F5221204E6F2065EA
:108674006E6F756768206D656D6F727920626C6FBF
:10868400636B20666F7220706172616C6C656C2024
:10869400627566666572732C20706C656173652003
:1086A400696E6372656173652074686520274E4E38
:1086B4004F4D5F424C4F434B5F4E554D2720696EE3
:1086C40020276E6E6F6D5F706F72742E68270000C6
:1086D40020202000256420002D200000506C6561BE
:1086E40073652073657420737461746963206D65A8
:1086F4006D6F7279207573696E6720276E6E6F6D6A
:108704005F7365745F7374617469635F627566280F
:108714002927206265666F72652063616C6C696EDF
:1087240067206D6F64656C20637265617465642E87
:10873400000000004E6F206D656D6F72792120532B
:108744007461746963206275666665722073697A00
:108754006528256429206E6F742062696720656E20
:108764006F7567682C20706C6561736520696E6332
:108774007265617365206275666665722073697AD5
:108784006521000023252D336420252D31307320ED
:108794002D20000023252D336420252D33732F0035
:1087A400252D3673202D2000252D3873202D2000F3
:1087B4002020202020202020202D20002534642C5F
:1087C400000000002020202020000000292020009C
:1087D40020202020202020200000000025376420B5
:1087E400000000002536646B200000002533642E51
:1087F400253032644D2000002533642E2530326448
:1088040047200000282536642C2536642C25366440
:10881400290000004D656D6F727920636F737420B9
:108824006279206561636820626C6F636B3A0A2029
:1088340000000000626C6B5F25643A256420200010
:108844000A204D656D6F727920636F7374206279AD
:10885400206E6574776F726B2062756666657273DD
:108864003A2025642062797465730A004572726F38
:10887400723A204E554C4C206F626A6563742E0028
:108884004E4E6F4D2076657273696F6E2025642E8F
:1088940025642E25640A0000546F206469736162A4
:1088A4006C65206C6F67732C20706C656173652038
:1088B400766F696420746865206D6172636F202728
:1088C4004E4E4F4D5F4C4F47282E2E2E29272069A0
:1088D4006E20276E6E6F6D5F706F72742E68272E18
:1088E400000000004461746120666F726D61743A27
:1088F400204368616E6E656C206C61737420284837
:1089040057432900537461746963206D656D6F72F8
:10891400792073697A652073657420746F3A202511
:10892400640A0000537461727420636F6D70696C23
:10893400696E67206D6F64656C2E2E2E000000003A
:108944004C617965722823292020202020202020B2
:108954002041637469766174696F6E202020206FF2
:108964007574707574207368617065202020206FA1
:108974007073284D4143292020206D656D28696E50
:108984002C206F75742C20627566292020202020ED
:10899400206D656D20626C6B206C69666574696D11
:1089A400650000002D2D2D2D2D2D2D2D2D2D2D2D42
:1089B4002D2D2D2D2D2D2D2D2D2D2D2D2D2D2D2DE3
:1089C4002D2D2D2D2D2D2D2D2D2D2D2D2D2D2D2DD3
:1089D4002D2D2D2D2D2D2D2D2D2D2D2D2D2D2D2DC3
:1089E4002D2D2D2D2D2D2D2D2D2D2D2D2D2D2D2DB3
:1089F4002D2D2D2D2D2D2D2D2D2D2D2D2D2D2D2DA3
:108A04002D2D2D2D2D0000005741524E494E473A31
:108A140020746865206C617374206C6179657220C0
:108A240027257327206973206E6F7420746865206E
:108A34004F7574707574204C617965722C20706C5C
:108A44006561736520636865636B20636172656645
:108A5400756C6C792E0A00004552524F523A204EE2
:108A64006F20656E6F756768206D656D6F72792014
:108A7400666F72206E6574776F726B2062756666BE
:108A840065722C2072657175697265642025642095
:108A940062797465730A000020546F74616C206DF0
:108AA400656D6F7279206F636375706965643A20D0
:108AB40025642062797465730A0000004572726F40
:108AC400723A20232564202573206C617965722015
:108AD40072657475726E206572726F7220636F6452
:108AE400653A25640A0000004572726F723A2043A9
:108AF400616C6C6261636B2072657475726E206563
:108B040072726F7220636F64652025642061742023
:108B1400232564202573206C617965720A000000A6
:108B24005741524E494E473A206D6F64656C20762A
:108B3400657273696F6E2025642E25642E2564206A
:108B4400646F73656E2774206D61746368206E6E44
:108B54006F6D2076657273696F6E210A00000000E4
:108B64004D6F64656C2076657273696F6E3A20256B
:108B7400642E25642E25640A000000004552524FDD
:108B8400523A2074656E736F722074797065206E2A
:108B94006F74207370656369666965640000000022
:108BA400FC830008AC8B0008B0370020C88B000899
:108BB400C48B0008C08B00080001080000000000FE
:108BC400070000000D000000048400080C84000865
:108BD40000000000208C0008F08B0008EC8B0008DB
:108BE400E88B00080000000009000000108C000859
:108BF4000C8C0008088C0008048C00080001080094
:108C040000000000080000000D00000005FF04FE45
:108C140001FF02FEFC01FDFEFE000000408C000886
:108C24003C8C0008388C0008348C000800020800D2
:108C34000000000008000000E1000D00E61D07D858
:108C4400F2FCEDC42F09F4E923042510111E282396
:108C5400E1F5FD052809D109E403EFCC22E0FAEAA5
:108C6400FE0BFFECF4C419FEF7D9FD031FFD1AC86F
:108C7400E501DDFB2F3EF0DCE3052817F30E23208E
:108C8400F60720EB142B1EF128FBD614FDE9E2F5C0
:108C9400F4EE2A0F1CF9D916D5EAE7C908F7DE2540
:108CA400061005F3F92A0625ED37E4E2201ADAEB7B
:108CB4001109EFDBCEDF190E0DDD0D0C09DDE1D658
:108CC400E80BE40B0D1C20DF14E1F3D61319FB1F92
:108CD400F8F819FFE016E8DFDFFF13D818F1FB10EE
:108CE400DAFD07F31328DBD4150AE5F7F70C1012A5
:108CF400F90BFF1F22FFC5E4CB2A3AFE08DF20262A
:108D0400E6F7C2E71438F827F924E9040005DDC4BE
:108D14003AEE2302F7EE0200BB120E1E29F1354192
:108D2400E42CF62CD9CCCDE2261329F6181506F935
:108D3400100BC104DC2C242BDE2DD5F6CE0B120433
:108D4400FC1A3C2F38FBEA05E7D83BDBE8E8E6F8F9
:108D54000F09CA01FF411A10D420F0F12519F3F6C6
:108D640012DE2F031F05EDE5F9082ED5F51FE906E0
:108D7400EDE32CC6DA13DDD0E9FB2AEB0909222C3A
:108D840007EED91FDEE8ECDFEAD937EBFB15EBF68B
:108D94000D28C727E40501F530CFF60B29E2D821C9
:108DA40013E008DC2110D00CDF161CCED7F8E7EC5A
:108DB40002E33C0406FAD01AF3F823C9F4FE2B1597
:108DC400E31EFCF0F9CEE5F11DE2E1E700EB06F568
:108DD400E3E90000E92AC0E8FD0C29F1EBE9FE1201
:108DE4000DF205170E05D8DA1CD9DD0617EFE5DC00
:108DF40018DD0A0602F5D70615FE16D40314021070
:108E0400131534CDEEED1B1C0D15180B150BEDDFF2
:108E1400FA0BE6F806E0DC07F5180120E817291834
:108E24002304EEE81E04DF1803E81D0009F6F90D1B
:108E3400D607031EFBD4160A1B1E02F3E8E70DE057
:108E44001C1FE918FCE8F6280A21E7EFF60CD60BFC
:108E5400FDF3F30009FE0708EB02E7C7F2D412F1B1
:108E640004E005E2002DCE06150420BCF4E8F9DF89
:108E74002EBF003DF4E71F17E2FB0FEF1D1018FD96
:108E8400FAFB29F6EDF000FC16DC170AB9E5E11F40
:108E940025D203EBBDFD201124050EECD3131CD900
:108EA400FED00D00E8FF16C5FBD00DE8D5FBFA1D7A
:108EB40010160831D222BCE4EE00D8FCDCDF20F628
:108EC4000FB7E0CDD9D5FAEB302BFEFB02F9DDDF8D
:108ED400051F1CEC0DF81FE0EF2AE602DAF6FD0888
:108EE400FA201737E0282029ED11D312EDE2FE1AFB
:108EF4000BE1E5F9D42805060821F72803D7F7295B
:108F0400D5E0F2250B2318E319E9E806DCC0FC10D0
:108F1400FF1AECEACFFD16ED0D1C25F2C4EB05E2B9
:108F240028063B03FDCFE410081D06EE29D2FADC27
:108F3400EB1CEDE8FCFF12E2F30212F8DF04D407A5
:108F44000402DA02E0B7E0E7061C0FE411D000E403
:108F540025FEFBDC0FD007F60CF1C7E1F8D92E2073
:108F64003A0F0C0FF423E8FD100B03F3C2C6D7F538
:108F740013FAEFEAF7B8241A02F6ED12F9163204DE
:108F84001803FC13232C1204C3D71314ED02F90B9A
:108F9400F7F6E620EB2B002D10120BF8FCFCF8077B
:108FA400E909D6DD1FF9D42E0805FFF6FE2118FDC8
:108FB400EA27EFE910DC2F0422E5E828D4DD1CD7EA
:108FC40000C0FCF941F9EE11D4FB232601E80EE0C0
:108FD40002DFE313F4E90BDC03FEE9030BDA0A0412
:108FE400E408211721D503051D12DA0FF53AEBC960
:108FF400E41CEDDBD010E828E1D9E1262FFF1DF1B8
:109004002A1816DC121DDF08FFEEEF20EA0EED0C25
:10901400E61C02251FC1EE2A1606101EDBFEE540E3
:10902400CEF0DE021DC2D919EA15FEDC03D9120006
:1090340011EDEDE9E41AFE201E00E91E1D1620D3F1
:1090440023000FE32606DA31EB27F603DA011A02CE
:10905400FE11FF09DA07FD36F6FE1DDAF7E02827D0
:109064001D15DB22E4110DFEF3E8DF3015D0F80204
:109074000CF9BEE3F612FD28DBF8EB1FF1FF19F43F
:10908400181EE6F32218EC19F9D6E01EF237E7D8D9
:10909400EEE9182BE8390DF0E72C00ED0A1B051E4C
:1090A4000A18E70B0014FB2D07F0CD0DDF06CA12DA
:1090B4001235D5FD01CCF525E9F9F2E109040700E3
:1090C40018012AFB11F61B1CE5FFE3F718DDE9F78D
:1090D400190F120FF2030920EADBF0192D38FBFEF9
:1090E400DC07FD25D50537F325050234D328FB120B
:1090F400E3EDF30BD50DDE0AF71A10FAEC2A00DBC8
:109104000DECD835EBF9EEDDF0F402F424EEF2F5D3
:10911400E318061A24EF201116FFF3E9FC1ADC13F6
:10912400FA00C7FCE41414202B1610DC18191EF5E1
:10913400ED37D024D324F72F0AFAF31536FC19306F
:109144002CD0E1E3F7341925DD2622FEC0E9122CE8
:109154002B15C0231620D917FB0EB8F1F0310824C3
:10916400D50721240624E5FD2525030303F63BF159
:109174000608EA03FCE4EDE6FE391111C9F60B0416
:109184001BF8FF07180F220CDBFF24FCE2F42E2E41
:109194001712D201C9FEFCD7F20BE5F7F3304210E7
:1091A40009E708F037E30D0C03E3121100E0D0E403
:1091B40007D219DF37F423F9F7E8FCD2F9DD3802D6
:1091C4000501F932E3F5BEF6EDFD0E21C8FB2A1DBB
:1091D400F0FBDA05E4FBF10E2CFF250FEFE2020AA7
:1091E4003BF4F5CCF4202FE4D31702F5EBF2FC2684
:1091F400ED0FE50A150DF3112BD536CDED090DE074
:10920400D713FEF514EAEAEF011006300302CE008C
:10921400FB1B1835171DF6FBED310A1ED82B13FD69
:10922400FBFBDB080C210AFB13EC20021309F514E9
:10923400E817E725F3DC04041207E4280F2BE00BFE
:109244001DDBFC0B00EA0D051EEE1E0E081BFC00C8
:10925400E8E203FC08E231EA19DAFD380E05F4010C
:10926400EBEFE823EEE1E10A090309ECFFF3101B3D
:109274001ACCD3EE31FEF627ECFDFC2AE6F3010707
:10928400FD26271AF0DBE4F21823E4FDEF1B0A198C
:10929400EF10062025EEFF1E36ECEE03FFF7DB0A87
:1092A400071F19FD33E01818FA2FC6F21AD3F5096F
:1092B4001A030606ECF51C02ECFA0B12C8150B0691
:1092C4001024D32D04F2D3E2FF32020918FB23D871
:1092D4001D19DF34F6F9F31AEBEE021818F4120331
:1092E4001BF6EED527F809F8D52EFF1DE712091A4B
:1092F40010EF1F32F1F808F2221919F41109DAEA11
:10930400D410E3041EDFCE1D17E2EF1FCB2D19EBA3
:10931400102D040BE4FEFAE6E207ED1EE508101A30
:10932400EFC40EE4E4F4D7311A08D522E4DD2214A4
:109334000F0F1305022512EA0718ECEB1913ED1AA7
:10934400E6DFE6100AF914070EE12617290CF80ADD
:10935400CAF616E710D22709F92EDAEFF7FBE4D69E
:10936400FF1FFA06FC27E50CEA02FA2BFFF2E21FC4
:1093740030FEDAF72B150C01FB0D08FBF50AF6217C
:10938400003FEAE2DCD505E534F71C0E34ECF4E1E9
:10939400F00C0E1405E9D6E4DA2403DF09020AE12D
:1093A40039E7F01626F5EFE4EB1020FFEA10E7F5B5
:1093B4001103E4EBE0D804FBEED60EFC12D3F71055
:1093C400D407D71912071B17250FE9EBEFEEE1E4D9
:1093D400161D04E719041321E9E6DCF01C20F90941
:1093E40016162F13E2EE13F117CDE9F61825DD2733
:1093F400ECEEE1EE1AF60DCFE900DF1E1FEEE3E816
:109404000EF72CCD251714D9DCEBF21605F336290B
:10941400E706D215E9D3002434F832FE23060AF90C
:10942400F512E1F332E338F9F90D123FD8CA1FEC13
:1094340029DC18ECD5351BDC34FDDA39200FEBD4EC
:10944400F41E131AF2ECE90C32F917DE220D06EBC6
:10945400DFEBE1FFDB0D1AD301E7D432FCD20912B2
:10946400F62C34CDFF1BE50BEF0C00F1F8CB12FC0E
:1094740013D40C0BF424D7281AE320E9EDDBFF0EF8
:1094840029DCD7120F18080A3713F6261324F0FD27
:10949400F11D09D9D4EDF3E025D7F8FB0219C9E091
:1094A40040D523F012F9F4FCE2E30A1B15DA0D248B
:1094B400E1F314070FF915E5F511FA1AEEFCF5ECD2
:1094C40021DB071AC408F118DDEA18ECF5D5140EEF
:1094D40022CCF100CBE22A250712280BCA23E5325D
:1094E40002E5110417D8090D11CBDCEBECE8F4F01C
:1094F400DCCFEE1E1FFCC7E81B0A23042014042340
:1095040021DE26DFE5F7ECF520D0F71F1EE0F2247C
:10951400E5F81313FFF9F3E6DE0FE523F72BE80371
:10952400DADB1EF6E71B291F1A07DEF60B1F3016BF
:10953400D725DECEEC0BD2F00D0711D92F1012F483
:109544001BD6EF0A1DCAF9FEF40513D22EF6032822
:10955400F51014FD16F8F0DBE1F5EC0AEBE116F575
:109564000AEE2240EDDDDA000E2A23190EE621D69A
:1095740012D9263C0F110E0C3507CB001CDB1D0D38
:109584002736F42B09DDEAE6D3CF2A34E3E71703C1
:10959400FAE20ED1F40A08DD0C3ED3F134C6150EFE
:1095A400E2E6D22AF8E22208FA2DF301F8160F0CAB
:1095B4001BE6362F1F0919E80904120BF7F6F7CE3C
:1095C4001200350DF3EBE50F3E43D92A1CE3E1DE2F
:1095D400FDD1FDD2271B15FF0109DE290E1703FE5D
:1095E400ED010C18FD2002F6EDF3FF041CDD27D677
:1095F400E0FB19D5F1171A16EC00E9F703F10C1486
:109604000EC8E2D32202121731F51122FBDFDFF07C
:10961400C7E805E7F401FAEDFF23D8E5F3EF290ADB
:1096240030F629F207DDE5F827F80DF107040DDD22
:10963400FE26FBDD13DE18F5EFFE220026EB11E813
:10964400C8DB41F00A10F1140010DBD8E6DCDFDEE1
:109654000533CF02E2FE21F6FBE927321DE2F00FCB
:10966400EA0AD2F8DC0B24FCF314F4F000E5021847
:109674000F1208FBE32119002E1AE7E20DE0F0F5C2
:10968400F41DEDEFE60CE4E9FB1F1D17F517D423D9
:1096940001F7F2EDE4182C0C201EE11BD80010F8A1
:1096A400150218D218F50C0DD9E60B0905EB0F0AB3
:1096B400F9F4000DDCF6DAE6D31B0BDE1412DBE260
:1096C4002EE9FFFBDA2C19F20BEA2EE4FAF7F3F495
:1096D400060B2711DCE731F9210D0EFA1AE127F008
:1096E400CE061AE9F7F4EE0F141217D8FC20FF0A7D
:1096F40016F415E705C7BC11E0D0FCFBFF1F05D726
:10970400F626CAF9150A091C2DF9E421F3ABF50C68
:10971400E50E31FFE2FAFDE1FE2D021A1AE9DFF34C
:1097240026E906DFF2D7D200F1D7FF041BFF00B110
:10973400D50319F7061FFF03EE11AEFE0BF6FA135D
:109744000D0AF1E90FE0EDFF262307E01D07DCCC4D
:10975400CFD1EFF7FED70E07EFDFEC18D2EA00E91E
:10976400F90BEDDAF8F1FCE5ECE901FE1A191BFB43
:109774000A000A1BE52006E912F60510FFD216F6C8
:10978400FB1713E6EDEBEC12E7E416E602F3E2E96D
:10979400171215DBBD01DD180AEDFA29DC13E71FEA
:1097A4001BE70A17FC0BF40EF500000014840008F4
:1097B4001C840008000000000301030102000000F3
:1097C400308400080000000024980008F497000882
:1097D400F0970008EC9700080F0000000303030152
:1097E4000000010101000000010000000A00000067
:1097F40014980008109800080C98000808980008AD
:1098040000010800000000000B0000000F00000031
:10981400FF1F190E0F151616294A351E3702CD00E3
:1098240048980008409800083C98000838980008B8
:10983400000408000000000008000000030003000A
:109844001E000F001B1DEC320FDB2C20F2FEEFEB91
:109854001F05EAFED7DDE70B2222F1162006E8EB0E
:109864002BE8150704E7E4261F28F70224D9282447
:109874000DDE2DDBEE0BFB00170A0DD80C10281F94
:10988400E8070B15E720F1010BFA00F2E2141C11B2
:109894001CF4FA1306E6090DF302F7EEE5F9030DDD
:1098A400FA1E30D9F301111D10F80FFDFC0AFF1345
:1098B40008F422FDD9FC37160AE80E09F6E41CE682
:1098C400F61F1825DF0422F3FF2BFFE8FBD6111E39
:1098D400F205011113EFFBFE2BF9EEF3F8E1E916A3
:1098E400F70BF2EA1DFCEF1912FBE9EAF22020164D
:1098F400040AE20BFB27131528FE20210BE326099B
:1099040009221A0A06FBD525FA0EF01A141AE9F1EF
:109914002712DD070FE3F20A26F1FAFAF500D2E284
:1099240011DB19F11D1B31ECFBFEF0ED1211F4FEFD
:10993400EAEFF70E1D0E0ADCFF09E7F31DD8FA0063
:10994400F3EE03E5FCE6F118000FFE07EFFE10123C
:10995400F30B04FD060816250F2105C7ED150D1B95
:10996400DEE420D7E805F8D9EFF1F1D0FA1E2DF99D
:109974000EDC1BE2E514F704EB100AFFE5171DE10A
:1099840023EEE81307E0F813EFEDFFF7160FF6FDEB
:10999400F70F0C200CE324DAF81AFDF2EDFCFAE3DD
:1099A4001EF90AF131DED20BF104D20FFBFE1A0DBF
:1099B400F3010CFDE1D220E2E6ECFCE627E9EFFC42
:1099C4000506F103ED03ED17E80B22DC08EED3EEF8
:1099D400FBFC0AD822EB0425FAFAFAE0E5F512FBBF
:1099E400D9F512EB000AFA1FEDF1DD22F203F5F3CB
:1099F4001DD4262608E8E71D18E60F140E0CFCF605
:109A0400F2EB14EDFB03EAE500F50BF9250C0CED84
:109A140013E9F609F9F713021EF3EDD624E7DDE99D
:109A2400010B091B0EE308020DF20A07D6D1250724
:109A3400FE2522F515E1EF13DE090BE8EF0102170D
:109A44001EF1F1F908EDE7F609E00BF70001D6F88D
:109A5400EAEBEFF40DF0150828D2E8F6D915D11386
:109A6400EFEC0615FA001001DDCC01DC26F2EAF673
:109A740010D6E204D7010FF300E501F410E1F6FB80
:109A8400E207F0070CEC00000DFDE211E9FEFB0516
:109A940028082A0B1BF9E2FE12F0CFFAF01923036F
:109AA4000AF0F01CE70CFA00F40BE9F9F0FEE2F816
:109AB400DCF8F40C08FBF4DE19E9EC0E1DF3F216E5
:109AC4001A20EAC000CD071F120F09FFD52FE004AA
:109AD400051700C72CEE37E40403DA14FAF9F0F59D
:109AE4001805F12EE7D513EFF8161EE3060428DB5C
:109AF400E1FEE9EFEC16F92AED0C10E4ED14E6179B
:109B0400E4F12324EC0C10F0101B16F8E1311B0FC8
:109B1400FDEF16C9FCE5110FF40BFB27FADF15D492
:109B2400FD17F3F332D8DF1001EFF22107F7F3FC4E
:109B34000CEADEE106F6D6110BD1280F0A06EEED8B
:109B44000FEDE2F6260D01ED39C70529EA11F61BE2
:109B5400F908100F25EDEF1E12191BEF0CF2F90F87
:109B6400F5E1D806170EDA232319FA0E22C6081DCA
:109B74002BFB1D0B0927FD22E9F11229151413F9FA
:109B84000A1A0509FF14170DED0F370715EFF3F542
:109B9400D71E130DF8EF0CE7E8F61CE0EDE911ED24
:109BA400DC04DFF8F7F1F124FB08021BE02717EDD2
:109BB400FBFD29ECEB07DE14F217FE0025FDF6FA97
:109BC400FEE5ECE9F5FD0B320624310D1B04071804
:109BD400FA21F0EF28FC180605FBE10500F9FE2E3A
:109BE40034FF0EFA19F60904FAE5E81E1D0D01EF1B
:109BF400FC1AE1EC11D4F110FB0CFE05E6EF1AF5AA
:109C0400F8001D21161DDD27F8E612EBEEEA1324F9
:109C140010EFEF06F1FC23001D0C04FF0A0BDB0818
:109C2400FA141311301026E10911EAFBE4DFFCFCFD
:109C340020F620F20AF4F102EE2112E20F1319F5D4
:109C44000DECF5D7F20420E915DBEBE903F6040388
:109C5400FF0DFC0FDC05F9FF0FE3F90BFE10EA061C
:109C6400F41EF91F1EFB1406F51B0712E32109E578
:109C74000DE62C112BE0E80FFEDCFE0306EBEAF602
:109C840009D912FF0A120EF1ED00E81ECDF0E41D11
:109C94001A25DC0EF609EB1413EF2403E90EF62162
:109CA400F42116FF11EE042111021614EBFDDA184B
:109CB400E72C09F0F1F412D2F0D5060CFD1309E7F4
:109CC4000CF10400CF0C0AF31AE4FDF90FF804E8D0
:109CD400F2E0EAF3D22D180F10F91EEBFAF6FC2786
:109CE400FC0FFB071606EDF7E9E5F527EE0D0E1A56
:109CF400FD0204DFF31502EA02EB0115F803FE0886
:109D040030031DE52217080CD2EEDAF20710FFEE3D
:109D140025E8F109ED0BF0160BCF15D1F429F7DE88
:109D2400080500F82BE214D81FFBD705F60FDE1048
:109D3400F0F3F21E23DF0FF0EE0E08EA0AE2EC1154
:109D4400D60706E3062AEEEB26EFE4FE170814090D
:109D540017F8FBFA1D1F1818190D170207E11BF756
:109D6400DFFAD9FACF22FFFCFFFF10DF0C07F00E59
:109D7400E32922FC02D41106D9E701E912F6F6EA36
:109D840003D91AE6FF090A06D9311218160121006F
:109D94000227F5EC08D7341C160F26CEFDFFD000A1
:109DA400D01D110710F129DE1CE0180CEF0625FD6B
:109DB400FCE71020F5FDF4DA1D0E12F404EE04E7BE
:109DC400FEDDF713150CECDF1F0EEF16FBFD07EBA2
:109DD40016FC0102EDFF0EE2E90822F119F0DDECB8
:109DE4001A1D080EF005330EF6242427C9E2E8E410
:109DF400342CFB073405DD2BEB09EB1E0D01310B75
:109E04002BF517DAE8EFDD0CEA04E7E51626F1F79F
:109E14000DE5270C1506E8E90C0CE7E8F51DE8202C
:109E240017DDF2E0E90214011FDA200520E7F7DA72
:109E340019EDED090C05250712F912FBF1080301D0
:109E440015F31A240535DFF217DD041B150C22E285
:109E5400D8FDD5F9CC291204290930DB0AD52115FE
:109E6400D82921E224FC2628E712F7F312F2FF2373
:109E740022EE2705FFEDECFFF21FEAFCFC16E0F5ED
:109E840005EEF1F51D0B07F7110616E1031BFAFBAE
:109E940016EBEFE018EAFF1E10F3042001CBFC05DB
:109EA400303CEBFC05F3F415D027160CEAF40BE375
:109EB400EC25180FE6DE17EDF4E41A0AF232EAFD97
:109EC400F7D72F24FAD7FBDADC20C809DD19FFE223
:109ED400F9E604D90EEDF82D0E2AFBE525F31A1345
:109EE4000111FBF80419270FFBFA18DCE9F9DEF677
:109EF40002271727DAF417F21CE42316F12AF3F0E9
:109F04000EEDF20BF7ED02FBFFFCFAF5E90CF1E6BE
:109F140001130AF01516163304DE18E53A2B071060
:109F240029E0F416D60AFA10241108F337EE0D05C9
:109F3400D81B16180DE820F62F35F4E50724241352
:109F44003113FEE62705F1D8E3FEDE170AF6E5F63F
:109F54000AE41EF019371E1601DFF329E92B1E0847
:109F64000C1005F3252EF6EAE6032FF42BF7FCED8F
:109F7400F6F80B0019E2371522F91A0006FEDAF694
:109F8400F91D1A06FBE41CD311F7DD2DE11328E7B4
:109F94002AFC1930F4FBED2E130A122436F734EAA6
:109FA400F8F1FFECF9281E00DBF9FA2CFADF05F1D1
:109FB4001430EBFBFFF5F719121632E130DEEC2119
:109FC4000BF3D7081E2B16F62C1C121D093410EDAA
:109FD4001E12FF0FEDF7F9EA27E4EF0A27F712073D
:109FE4001414162A0F23310609F4DBEEF5F70728BB
:109FF40009F21B03D316060FC61133FD15E7FCE364
:10A00400EB0DF600EB061BF8FA080E14D713020347
:10A01400021716F123E0290ED308EB06F71BEDFF18
:10A02400F7222617F2251630F3250718E71DF10746
:10A03400000A01FE06FCFC04F5FDFF0E0A06181AD0
:10A044002FE102020D08E7E908FE11FE1006F609E9
:10A05400E021D3310F0AF5DF33C603EFF211E70D28
:10A06400130E1CE2FC25EC1CE41BEC1D2B0EFB0F59
:10A074000F09D91CF50F0B0EF80F0F1E2313E7273A
:10A08400F822F524FF10041519F6020A1112F70D2F
:10A094000009F0F226F5062CF120161103FB0D1031
:10A0A400EFFB1A1DEDFCF2FBDEEBD3FFC40BFF1C30
:10A0B4000D0826E9112DF11906CCF50EF81D10F343
:10A0C4000EE3FCF7E11D10F7DE00F2FBFF2D1DF29D
:10A0D4000DD915F706E20AEC140AF6F31607FCF399
:10A0E400E6FC10E1FD0302E9CC0008F5FDDF2005E4
:10A0F4001813DA05FBF0F4E50CF12A041315F61D28
:10A10400F700221929D6210904E7F9E1113202FEE8
:10A1140028E430C4EDF7F523D90D17F9160B0536ED
:10A12400FEE4FF1ED63408390AF406DB1F1BEE17C3
:10A13400F5E81FF8D8EC21F9FB1CE80F2005E71718
:10A1440008E2D11E02FBFB00F5E61118F20F04250C
:10A154001CFCF7FCFC241208F0190FEAF91514F1A1
:10A164000DDDDE10FD0E0820F52FF8ED27C30CF7EA
:10A17400E9390BFF0405E9F8ED090F140D25CA169A
:10A1840035051A0A28E7EC1D0A001AEF01FCDC1752
:10A19400070AF723F60804FFDCF2D7FFD025270FC0
:10A1A400F8EE0BD6FDE915FEF8F6F3091FE9F61BE8
:10A1B400FAEA0C19F30B240A0BE024F8F401D9137E
:10A1C400F8F9EEF843F116391915CAF6EBE03E0535
:10A1D40020063909EF14F104F60E03ED20031EEDF9
:10A1E40002FDFCF2ECF005FC23F10237E2E8D9149D
:10A1F400FD1725F821EB00E2F326E9F2D224150538
:10A20400EBFDFC03FF030E0E03F0FF0DDD21E2EA7C
:10A214001BF5F10C15FD091FFCD2F814E3E835FB1E
:10A224001C131F25DDF706E63036210731E5ED0363
:10A23400CE13D53B13F60A1715D21210EFE908E135
:10A24400EFEE3121F237C606E113DD292FCFFB09EA
:10A2540004C3F82B0003C02D0AF6FAF519E61C0016
:10A264000F08030B0528DB1D131AE9F70D1412FA66
:10A27400F9F605DD08EF02E036FD1A2C1F3BC6CBCC
:10A28400FBE031FDFEEB2BF7F32BCDFDFE3B33F171
:10A29400FF0A3302F809E1FED6F2D7EB0F1D193A93
:10A2A400DED7E1040FF90EEB241522D701140004C4
:10A2B400F03908FE070D2DDD0EEF192414E32229D1
:10A2C400052AEEE1F5040812F7F9220CDDE22C016F
:10A2D40026010A1D17011A3ECFF323F202FFF8EEFE
:10A2E4000EFED02FEBD9E036010526E51AF922FF40
:10A2F40009F209291C08E8F7F7F1D5E7FBF024EA8D
:10A304001BF404EF22F7E00116F8EA1001E815DC6B
:10A314000A1B04EFFEEA120A06192DF816F6140EAB
:10A32400F4041D27ED050127F1FB25FC1F2521F46D
:10A334003436C2E322D2260E00FB0AFC0232D2D605
:10A34400D3060CF215DF21CB15D109F0E2F528E78D
:10A3540019F80807DCEAFC0512DA0A08FFED02D353
:10A36400F00A1DFDEA301DEA17FE13FBE3FA090F9C
:10A37400181DFA082313F91014FC08F40A2A0BE830
:10A3840010F70C231D292D070C20FB2FDAE5EFCD48
:10A39400362FF40C0DF1CD0CE9F6EB2C34F432E04D
:10A3A40012CAF1CE10E9DAFE2BEBEDE62121ED160F
:10A3B40007E501F520F723071CE9FE06EE27072928
:10A3C40005F8F0FF161EE5F417180D0821E6F5123E
:10A3D400FEE3EAE5041B21FE0BEA0200211DE1DA9B
:10A3E4000EF5D7EA03D60EDAF6F3DE03E9061B0E02
:10A3F4000B000FF7FF02DBE7E913FD1EF7E0F9118D
:10A40400FDFA1302DB08010825E7F0FBF212141B26
:10A41400EBF5EAF9070A060F13E904D3FEE5DA11AE
:10A42400ED0D12D9F71704FB05F5ED0A1318F1ED3C
:10A4340024F7EA16FCFAEE26EAFAF20201F0E7F84B
:10A444000601F6FFF4050CF8ED270AF102F20DF30C
:10A45400D11BEBF7F804F6EBEE0CFC012003DDF264
:10A46400F8EDF60CF2FB21EDFC0BE301DAFCFBEA60
:10A47400F61503FE24E80120DA0D1A0318D80C227D
:10A484001105011A1FEB210729DBF7E1091013EF6E
:10A49400092111F905E6DE22F0E1F1D01328DFDA13
:10A4A400071B1CF825EF20FD01000507ECF8E3135A
:10A4B400F00EEEF5151DEAFCF71012E2EC03F4E3DE
:10A4C400F30A0C1D0C15D81AF50CFA0406DD200D40
:10A4D4000327E4F5F4ECF3D6F924FB14EDFDF2FEC6
:10A4E400FFFEFDE70208D715FF180D301DDF14E944
:10A4F4001F22FA29E30B1C0BFB1DECF6FEFB14F9DF
:10A50400F306FF160BD3090623F4EDF4FEF015FF52
:10A5140020FCF5EC0DF81008F62815EFFC0DF6EE0E
:10A5240023D50A0ADE0AEB2F25FCF4F5041512FCE8
:10A53400F0042207231E06D80E0BF41ADB0DD52BCC
:10A54400261313FA0EE805E102FFF10C0B1DE1FCE2
:10A55400FEF419090FEE27E5ECECF6E401050EF51F
:10A5640001E5080EF106F3EAF70D0CF40D1B1CF3DC
:10A57400FEF1DFED0313FF030EF913F301E7100AF5
:10A58400FEFD0814F6FA201A1F06F5DEF8F6220D71
:10A5940016F101E4D301D50CEB12F90115F8090900
:10A5A400090CEE06FC070E0CE101181DF214F71D50
:10A5B400F6EFFFF2E7FAE51EEE0BEEE90D1411FBE0
:10A5C400DEFF2222EBFD00FE08EB1404EDF1F1EEB8
:10A5D400EF1523FBF0E206FF0FEAFBF20DF11D0D70
:10A5E400EAF61AE70D0CFFE20322F10824DE080B59
:10A5F400EC17DD1AF7E9EF2200ECFF1DF7F721E76E
:10A604000B251B1F19E315141BF10B040EFFE206A7
:10A614000E0DFA2308EE100218D82A09EBF2F224E0
:10A624000BDD0AF0002825EB08EDF22008DAF41718
:10A634002901FF1526DAF7E9DAE0D20CF7F22CEB60
:10A644000332EEF0141A1BF418FC27D137C7DA0BC7
:10A65400EE18DF16051413121DF802F6FF270FF388
:10A66400091DE7EAF90718F50E18E932FE0DFCFF9B
:10A6740024032A042105DF1109F6D70B00D830FA88
:10A6840017E12808FF25CDD7CB3128FC12FAFC05A9
:10A69400F1DF0808FE3117D506EBF02B03DAFBE4F3
:10A6A4000CF0FA05EF0716CAD90FEE17CF1FFB26D9
:10A6B400F3F224F31915173A0D1614FCFD1D0BE6DD
:10A6C4001A1BF3FCE7220F100213FC0613EA28F30B
:10A6D400E80F1526E4DB2BD710160007FFFDCE216B
:10A6E400EEDACE08F6E41E230F0F1DFCDBEEF404B5
:10A6F400E8D52AE0082AE1E7E7FBEAFB06EC25D2E5
:10A7040031F3D20EE227EB28E0D1EBEFCCD9D9D04C
:10A71400FA0AE12DE8CEF0D8C6FDF1FD05F303C336
:10A72400E714ED1CEBED051408111CD2EE0F2443C5
:10A73400F838F9ECF439F9320CF5341719FE091923
:10A74400E5F00BF1F602FD1930F8031C021EDCCE15
:10A75400042AF81E02F3DE1E0120FA182F1020FD31
:10A7640021F7D805BE0FDAECE6EC04F3E900D4DCFB
:10A7740020F3D83704D1F700EBCEF632F4F4EB260D
:10A784000F1BFBFF2FF3D2F44112D53BEEFBF31C5E
:10A79400CF2B22E82A2D2714F22EE6D5FCF0FB1449
:10A7A4001A0DF7DEF629F12AE9E60F25130FF60450
:10A7B4000708FB1CD2230EF018DD3DD0E90FCDF0C5
:10A7C400FC0002F81FE9F43FF2E0FC1ABC3AF9D3AA
:10A7D40002FAFFECDC11FFEEB9FFDE29DEEE0B0618
:10A7E400EFF7163EF932FDE3F219F63A1900152493
:10A7F400F0161A1109DD0EDEECF013F9F609E00E7D
:10A80400EF31F7DD31FF00FF0513E90ADAEA08FC4E
:10A81400FFF4EAE721E500003C84000800000000A2
:10A824008CA800084CA8000848A8000844A8000800
:10A834001E000000030303010000010101000000E9
:10A8440002000000080000006CA8000868A80008C6
:10A8540064A8000860A800080001080000000000C7
:10A864000A0000001E000000331D2E04FAFE3F41C2
:10A874007F4D1E7F4C2904183E542C023B002C4A69
:10A88400203C0DEB1A400000B0A80008A8A800085E
:10A89400A4A80008A0A80008000408000000000004
:10A8A400080000000300030001001E00F8DA0DFD9B
:10A8B400C9D8220FDF1EFEE138231A0CFAEB10C3AD
:10A8C4001C3CD7110AD2E62FF3DF19FDE9EE1C096F
:10A8D400400CF52CE4E62F20F9C6E1F3C8E5FBF0C3
:10A8E400CC1FF5DFE203E601EBFCE936D2F72BD906
:10A8F4000832CDF6E326D7D93EFED537ED332FED1A
:10A90400382BF33627E1E908E1DFD715E0E2E1DC93
:10A914002E04C818ECCE37DC30D5FE3BF3E02AE237
:10A924000D3DC2EB22C7D60FD617E9DC2E1108283D
:10A9340007EAF23337D20B20D53512E8FED113E9FA
:10A94400F80FDDCDE60836F9FA20FB2D38EAD315E9
:10A95400DAFB37DEBC32F4F1D00412050915CCDE83
:10A96400FA32D0C540C9D614F43924191C04ED3E7A
:10A974002E08E819D6D02DE4BA140849C4F815D421
:10A98400E546F6111FEEF244DFF635E8081025DC43
:10A994001B02110E26F010D80B14E52929F72DD42B
:10A9A4000B17F8E0EBD30D2B22C8D62DF2132AF1A6
:10A9B40001C2E5E8B61AD2DB1E1400004484000884
:10A9C400C8A90008C0370020E4A90008E0A90008CD
:10A9D400DCA90008000308000000000004000000D7
:10A9E400960003000100000083000000000800003E
:10A9F4000001001832000500000020410000D2428E
:10AA0400295C0F3E9A99993E3333733F295C0F3E7C
:10AA14006800000476005401F7FD000175191A0C52
:10AA24006A231B1C00001F207274433B4138393ACF
:10AA3400006B6C376F06246D6E70000000007000B0
:10AA44000000002400000002000300000065005420
:10AA5400FFEF0000FA80000B12820001030C30C3E8
:10AA64000E8C8CE914D5400213710F8E3883F88351
:10AA74003000F883258EF8833000F883FFFFFFFF52
:10AA84000FFEA9D6240004001A8279A10000003C1C
:10AA9400FFFF00000010000038836FA2003E033067
:10AAA4004000000002CAE3093E80000020000000CC
:10AAB400000000004000000060000000000C0000E6
:10AAC400000C186E000006920A16C0DFFFFF025643
:10AAD400FD8CD377FFE1C496E0C5BEAA0000000058
:10AAE400FFFF0B2B00001657000003594000000025
:10AAF40000001DFA00026C1D000000003FFFDFEBA8
:10AB0400003EB3B6000D227800002F3C0000000088
:10AB1400001942B5000039A20000B365D90E9FC9DF
:10AB24001DCF4C3430000000500000003BB67AE8E2
:10AB34000064000000C800000000000010000000D5
:10AB44001000FA921000225E000D229F0001000006
:10AB540000320000FF46000063D400001000000033
:10AB640004D6000004CC000004CC000000001072E5
:10AB74000000004000000000000000000006000289
:10AB84000005000700000000006400000000000051
:10AB94000000000500050064002000000000000023
:10ABA400000000000000400000000300000000322C
:10ABB400F8980000FF650000830F0000FF9BFC0075
:10ABC4000000000000000000000000000000000081
:10ABD4000000000000000000000000000000000071
:10ABE4000000000000000000000010004000000011
:10ABF400000000060000B26A000200000001FB83AE
:10AC04000068000000D9FC007CF1FF830000000014
:10AC140000650000006403E80064002800000025CB
:10AC24000000000016A0000000001000000010004A
:10AC3400002F0000000001F40000100000280000B4
:10AC4400FFFF4581FFFFFA720000000000000000D2
:10AC5400004400050005BAC6004778A200000001C0
:10AC64000000000000000600000000140000254D54
:10AC7400002F706D000005AE000C02D00000000033
:10AC8400000000000000000000000000001B0000A5
:10AC9400000000000000000000000000006400004C
:10ACA4000008000000000000000000000000000098
:10ACB4000000000000000000000000000000000090
:10ACC4000000000000000000000000000000000080
:10ACD4000000000000000000000000000000000070
:10ACE4000000000000000000000000000000000060
:10ACF400000000000000000000000000001B000035
:10AD04000000000000000000000E000E00000AC752
:10AD14000004000000000032FFFFFF9C00000B2B2A
:10AD2400000000020000000100000064FFE50000D4
:10AD3400000000000000000000000000000000010E
:10AD4400000000000001000000000000000180007D
:10AD54000001800000018000002426D300000000D0
:10AD640000000000000600100096003C00000000F7
:10AD74000000000000000000000000000C0A4E6803
:10AD8400CDCF770950166759C619CE82000000004E
:10AD940000000000000000000000000000000000AF
:10ADA4000000000017D7840003000000000000002A
:10ADB40000000000C7938F9D1E1B1C19000000009B
:10ADC400000000000000000000000000000000007F
:10ADD400000000000203188500004000000000038A
:10ADE400000000030000000000000000400000001C
:10ADF400000000000000000000000000000000004F
:10AE0400000000000000000000000000000000003E
:10AE1400000000000000000000000000000000002E
:10AE2400677DDF7E72902E554CF6E68800000000A8
:10AE3400000000000000000000000000D8DCB4B8EE
:10AE4400B0D8B9ABF3F8FAB3B7BB8E9EAEF132F516
:10AE54001BF1B4B8B08097F1A9DFDFDFAADFDFDF31
:10AE6400F2AAC5CDC7A90CC92C97F1A989264666B3
:10AE7400B28999A92D557DB0B08AA896365676F137
:10AE8400BAA3B4B280C0B8A89711B28398BAA3F099
:10AE9400240844106418B2B9B49883F1A329557DE9
:10AEA400BAB5B1A38393F0002850F5B2B6AA839340
:10AEB40028547CF1B9A3829361BAA2DADEDFDB8184
:10AEC4009AB9AEF5606870F1DABAA2DFD9BAA2FA1B
:10AED400B9A38292DB31BAA2D9BAA2F8DF85A4D091
:10AEE400C1BBAD83C2C5C7B8A2DFDFDFBAA0DFDF55
:10AEF400DFD8D8F1B8AAB38DB4980D355DB2B6BA1F
:10AF0400AF8C96198F9FA70E161EB49AB8AA872CD9
:10AF1400547CBAA4B08AB691325676B28494A4C84A
:10AF240008CDD8B8B4B0F19982A82D557D98A80E53
:10AF3400161EA22C547C92A4F02C5078F184A8986C
:10AF4400C4CDFCD80DDBA8FC2DF3D9BAA6F8DABA27
:10AF5400A6DED8BAB2B68696A6D0F3C841DAA6C899
:10AF6400F8D8B0B4B882A892F52C548898F135D9A1
:10AF7400F418D8F1A2D0F8F9A884D9C7DFF8F88377
:10AF8400C5DADF69DF83C1D8F40114F1A8824EA8C1
:10AF940084F311D182F5D992289788F109F41C1C05
:10AFA400D884A8F3C0F9D1D99782F129F40DD8F344
:10AFB400F9F9D1D982F4C203D8DEDF1AD8F1A2FAA2
:10AFC400F9A88498D9C7DFF8F8F883C7DADF69DF0E
:10AFD400F883C3D8F40114F198A8822EA884F3113D
:10AFE400D182F5D992509788F109F41CD884A8F33A
:10AFF400C0F8F9D1D99782F149F40DD8F3F9F9D110
:10B00400D982F4C403D8DEDFD8F1AD8898CCA8097E
:10B01400F9D98292A8F57CF1883ACF944A6E98DBEC
:10B024006931DAADF2DEF9D88795A8F221D1DAA533
:10B03400F9F417D9F1AE8ED0C0C3AE82C684C3A8CA
:10B044008595C8A588F2C0F1F4010EF18E9EA8C6BC
:10B054003E56F554F18872F40115F19845856EF564
:10B064008E9E0488F142985A8E9E068869F4011CCB
:10B07400F1981E1108D0F504F11E970202983625A6
:10B08400DBF9D985A5F3C1DA85A5F3DFD88595A8C1
:10B09400F309DAA5FAD88292A8F578F1881A849F80
:10B0A40026889821DAF41DF3D8879F39D1AFD9DFE8
:10B0B400DFFBF9F40CF3D8FAD0F8DAF9F9D0DFD9D8
:10B0C400F9D8F40BD8F3879F39D1AFD9DFDFF41D5A
:10B0D400F3D8FAFCA869F9F9AFD0DADEFAD9F88F17
:10B0E4009FA8F1CCF398DB45D9AFDFD0F8D8F18F26
:10B0F4009FA8CAF38809DAAF8FCBF8D8F2AD978D41
:10B104000CD9A5DFF9BAA6F3FAF412F2D8950DD149
:10B11400D9BAA6F3FADAA5F2C1BAA6F3DFD8F1BA1E
:10B12400B2B68696A6D0CAF349DAA6CBF8D8B0B49C
:10B13400B8D8AD84F2C0DFF18FCBC3A8B2B686967F
:10B14400C8C1CBC3F3B0B48898A821DB718D9D71BD
:10B15400859521D9ADF2FAD88597A828D9F408D8CD
:10B16400F28D29DAF405D9F285A4C2F2D8A88D9417
:10B1740001D1D9F411F2D88721D8F40AD8F28498ED
:10B18400A8C801D1D9F411D8F3A4C8BBAFD0F2DE5A
:10B19400F8F8F8F8F8F8F8F8D8F1B8F6B5B9B08ACC
:10B1A40095A3DE3CA3D9F8D85CA3D9F8D87CA3D95D
:10B1B400F8D8F8F9D1A5D9DFDAFAD8B18530F7D9BA
:10B1C400DED8F830ADDADED8F2B48C99A32D557DF3
:10B1D400A083DFDFDFB591A0F629D9FBD8A0FC2935
:10B1E400D9FAD8A0D051D9F8D8FC51D9F9D879D9FD
:10B1F400FBD8A0D0FC79D9FAD8A1F9F9F9F9F9A0CA
:10B20400DADFDFDFD8A1F8F8F8F8F8ACDEF8ADDE65
:10B214008393AC2C547CF1A8DFDFDFF69D2CDAA0FD
:10B22400DFD9FADB2DF8D8A850DAA0D0DED9D0F8CF
:10B23400F8F8DB55F8D8A878DAA0D0DFD9D0FAF836
:10B24400F8F8F8DB7DF8D89CA88CF530DB38D9D039
:10B25400DEDFA0D0DEDFD8A848DB58D9DFD0DEA0FF
:10B26400DFD0DED8A868DB70D9DFDFA0DFDFD8F15C
:10B27400A888902C547C98A8D05C38D1DAF2AE8C93
:10B28400DFF9D8B087A8C1C1B188A8C6F9F9DA3600
:10B29400D8A8F9DA36D8A8F9DA36D8A8F9DA36D837
:10B2A400A8F9DA36D8F78D9DADF818DAF2AEDFD802
:10B2B400F7ADFA30D9A4DEF9D8F2AEDEFAF983A7F5
:10B2C400D9C3C5C7F1889BA77AADF7DEDFA4F8849C
:10B2D4009408A797F300AEF29819A488C6A394889B
:10B2E400F632DFF28393DB09D9F2AADFD8D8AEF8BD
:10B2F400F9D1DAF3A4DEA7F1889B7AD8F38494AE6B
:10B3040019F9DAAAF1DFD8A881C0C3C5C7A392830B
:10B31400F628ADDED9F8D8A350ADD9F8D8A378ADC6
:10B32400D9F8D8F8F9D1A1DADEC3C5C7D8A1819478
:10B33400F818F2B089ACC3C5C7F1D8B8B4B09786D1
:10B34400A8319B069907AB9728889BF00C201440E2
:10B35400B0B4B8F0A88A9A285078B79BA829517934
:10B36400247059446938644831F1BBAB88002C54CB
:10B374007CF0B38BB8A804285078F1B088B4972631
:10B38400A85998BBABB38B02264666B0B8F08A9C2A
:10B39400A82951798B2951798A2470598B205871A5
:10B3A4008A4469388B3940688A6448318B304960F3
:10B3B40088F1AC002C547CF08CA804285078F188D7
:10B3C4009726A85998AC8C02264666F0899CA82931
:10B3D4005179247059446938644831A9880920593D
:10B3E40070AB11384069A8193148608CA83C415CA5
:10B3F400207C00F187981986A86E767EA999882DFD
:10B40400557DD8B1B5B9A3DFDFDFAED0DFAAD0DE7A
:10B41400F2ABF8F9D9B087C4AAF1DFDFBBAFDFDF45
:10B42400B9D8B1F1A3978E60DFB084F2C8F8F9D926
:10B43400DED89385F14AB183A308B5839A0810B77F
:10B444009F10D8F1B0BAAEB08AC2B2B68E9EF1FBEC
:10B45400D9F41DD8F9D90CF1D8F8F8AD61D9AEFBFF
:10B46400D8F40CF1D8F8F8AD19D9AEFBDFD8F4163E
:10B47400F1D8F8AD8D61D9F4F4ACF59C9C8DDF2B3B
:10B48400BAB6AEFAF8F40BD8F1AED0F8AD51DAAEE4
:10B49400FAF8F1D8B9B1B6A3839C08B9B1839AB5C7
:10B4A400AAC0FD3083B79F10B58B93F20202D1ABD3
:10B4B400DADED8F1B080BAABC0C3B284C1C3D8B1AC
:10B4C400B9F38BA391B609B4D9ABDEB0879CB9A309
:10B4D400DDF1B38B8B8B8B8BB087A3A3A3A3B28B30
:10B4E400B69BF2A3A3A3A3A3A3A3A3A3A3F1B0878F
:10B4F400B59AA3F39BA3A3DCBAACDFB9A3A3A3A31C
:10B50400A3A3A3A3A3A3A3A3A3A3A3A3D8D8D8BB50
:10B51400B3B7F1AAF9DAFFD9809AAA28B48098A718
:10B5240020B79787A86688F07951F1902C870CA7EB
:10B5340081976293F071716085940129517990A586
:10B54400F1284C6C870C95188578A38390284C6C53
:10B55400886CD8F3A28200F210A8921980A2F2D9C2
:10B5640026D8F188A84DD948D896A83980D93CD88E
:10B574009580A839A68698D92CDA87A72CD8A889CB
:10B584009519A980D938D8A88939A980DA3CD8A8CE
:10B594002EA83990D90CD8A8953198D90CD8A809D7
:10B5A400D9FFD801DAFFD89539A9DA26FFD890A8AF
:10B5B4000D8999A810809821DA2ED88999A831800C
:10B5C400DA2ED8A886963180DA2ED8A8873180DA88
:10B5D4002ED8A88292F34180F1D92ED8A882F319EB
:10B5E40080F1D92ED882ACF3C0A28022F1A62EA776
:10B5F4002EA92298A829DAACDEFFD8A2F22AF1A952
:10B604002E8292A8F23180A696F1D900AC8C9C0CC3
:10B6140030ACDED0DEFFD88C9CACD010ACDE809297
:10B62400A2F24C82A8F1CAF235F19688A6D900D8C4
:10B63400F1FF0000000102030405060000000101FF
:10B64400556E6B6E6F776E0053696D706C6500009C
:10B6540047525500000000004C53544D00000000B8
:10B66400556E6B6E6F776E0052654C55000000008E
:10B674004C6B7952654C550041647652654C5500CB
:10B6840054616E48000000005369676D6F6964007F
:10B6940048726454616E4800487264536967640078
:10B6A400556E6B6E6F776E0000000000426173652B
:10B6B4000000000000000000496E70757400000076
:10B6C400000000004F7574707574000000000000E5
:10B6D400436F6E76324400000000000044575F431D
:10B6E4006F6E763244000000436F6E7632445472BB
:10B6F4007370000042617463684E6F726D000000E5
:10B7040044656E7365000000000000005A65726FA6
:10B71400506164000000000043726F7070696E67CE
:10B7240000000000524E4E00000000000000000027
:10B7340041637469766174696F6E000052654C559B
:10B7440000000000000000004C65616B795F5265E9
:10B754004C5500004164765F52654C550000000072
:10B764005369676D6F6964000000000054616E687E
:10B774000000000000000000536F66746D617800E3
:10B78400000000004D6178506F6F6C0000000000F5
:10B79400474C5F4D6178506F6F6C00004176675085
:10B7A4006F6F6C0000000000474C5F417667506F7C
:10B7B4006F6C000053756D506F6F6C0000000000DB
:10B7C400474C5F53756D506F6F6C0000557053613B
:10B7D4006D706C6500000000466C617474656E00E9
:10B7E400000000005265736861706500000000008D
:10B7F4004C616D626461000000000000436F6E6381
:10B804006174000000000000416464000000000056
:10B8140000000000537562000000000000000000FA
:10B824004D756C740000000000000000232D302BC7
:10B834002000686C4C00656667454647003031322D
:10B844003334353637383941424344454600303184
:10B8540032333435363738396162636465660000E3
:08B8640070B6FF7F0100000037
:04B86C00DD100008E3
:04B87000B510000807
:10B87400FF000000FF000000FF00000001000000C6
:10B8840020AA000814AA000800000000000000001C
:10B8940000000000000000000000000000000000A4
:10B8A4000000000000000000ECA900085C83000810
:10B8B4006883000874830008808300088C83000870
:10B8C40098830008A4830008B0830008BC830008A0
:10B8D400C4830008D0830008D88300080000000057
:10B8E40003000000403A00207C000020000000001B
:10B8F400403A0020A83A0020103B0020000000003D
:10B904000000000000000000000000000000000033
:10B914000000000000000000000000000000000023
:10B924000000000000000000000000000000000013
:08B9340000000000000000000B
:0400000508006E89F8
:00000001FF
