ARM GAS  C:\Users\ihavenoK\AppData\Local\Temp\ccLecP1X.s 			page 1


   1              		.cpu cortex-m3
   2              		.arch armv7-m
   3              		.fpu softvfp
   4              		.eabi_attribute 20, 1
   5              		.eabi_attribute 21, 1
   6              		.eabi_attribute 23, 3
   7              		.eabi_attribute 24, 1
   8              		.eabi_attribute 25, 1
   9              		.eabi_attribute 26, 1
  10              		.eabi_attribute 30, 1
  11              		.eabi_attribute 34, 1
  12              		.eabi_attribute 18, 4
  13              		.file	"inv_mpu.c"
  14              		.text
  15              		.section	.text.set_int_enable,"ax",%progbits
  16              		.align	1
  17              		.syntax unified
  18              		.thumb
  19              		.thumb_func
  21              	set_int_enable:
  22              		@ args = 0, pretend = 0, frame = 8
  23              		@ frame_needed = 0, uses_anonymous_args = 0
  24 0000 00B5     		push	{lr}
  25 0002 83B0     		sub	sp, sp, #12
  26 0004 204B     		ldr	r3, .L10
  27 0006 93F82430 		ldrb	r3, [r3, #36]	@ zero_extendqisi2
  28 000a BBB1     		cbz	r3, .L2
  29 000c 0038     		subs	r0, r0, #0
  30 000e 18BF     		it	ne
  31 0010 0120     		movne	r0, #1
  32 0012 4000     		lsls	r0, r0, #1
  33 0014 8DF80700 		strb	r0, [sp, #7]
  34 0018 1B4B     		ldr	r3, .L10
  35 001a 1968     		ldr	r1, [r3]
  36 001c 5868     		ldr	r0, [r3, #4]
  37 001e 0DF10703 		add	r3, sp, #7
  38 0022 0122     		movs	r2, #1
  39 0024 497C     		ldrb	r1, [r1, #17]	@ zero_extendqisi2
  40 0026 0078     		ldrb	r0, [r0]	@ zero_extendqisi2
  41 0028 FFF7FEFF 		bl	IIC1_write
  42 002c 00BB     		cbnz	r0, .L5
  43 002e 9DF80720 		ldrb	r2, [sp, #7]	@ zero_extendqisi2
  44 0032 154B     		ldr	r3, .L10
  45 0034 5A74     		strb	r2, [r3, #17]
  46              	.L1:
  47 0036 03B0     		add	sp, sp, #12
  48              		@ sp needed
  49 0038 5DF804FB 		ldr	pc, [sp], #4
  50              	.L2:
  51 003c 124B     		ldr	r3, .L10
  52 003e 9B7A     		ldrb	r3, [r3, #10]	@ zero_extendqisi2
  53 0040 CBB1     		cbz	r3, .L6
  54 0042 18B1     		cbz	r0, .L4
  55 0044 104B     		ldr	r3, .L10
  56 0046 5B7C     		ldrb	r3, [r3, #17]	@ zero_extendqisi2
  57 0048 C3B9     		cbnz	r3, .L7
  58 004a 0120     		movs	r0, #1
ARM GAS  C:\Users\ihavenoK\AppData\Local\Temp\ccLecP1X.s 			page 2


  59              	.L4:
  60 004c 8DF80700 		strb	r0, [sp, #7]
  61 0050 0D4B     		ldr	r3, .L10
  62 0052 1968     		ldr	r1, [r3]
  63 0054 5868     		ldr	r0, [r3, #4]
  64 0056 0DF10703 		add	r3, sp, #7
  65 005a 0122     		movs	r2, #1
  66 005c 497C     		ldrb	r1, [r1, #17]	@ zero_extendqisi2
  67 005e 0078     		ldrb	r0, [r0]	@ zero_extendqisi2
  68 0060 FFF7FEFF 		bl	IIC1_write
  69 0064 60B9     		cbnz	r0, .L8
  70 0066 9DF80720 		ldrb	r2, [sp, #7]	@ zero_extendqisi2
  71 006a 074B     		ldr	r3, .L10
  72 006c 5A74     		strb	r2, [r3, #17]
  73 006e E2E7     		b	.L1
  74              	.L5:
  75 0070 4FF0FF30 		mov	r0, #-1
  76 0074 DFE7     		b	.L1
  77              	.L6:
  78 0076 4FF0FF30 		mov	r0, #-1
  79 007a DCE7     		b	.L1
  80              	.L7:
  81 007c 0020     		movs	r0, #0
  82 007e DAE7     		b	.L1
  83              	.L8:
  84 0080 4FF0FF30 		mov	r0, #-1
  85 0084 D7E7     		b	.L1
  86              	.L11:
  87 0086 00BF     		.align	2
  88              	.L10:
  89 0088 00000000 		.word	st
  91              		.section	.text.get_st_biases,"ax",%progbits
  92              		.align	1
  93              		.syntax unified
  94              		.thumb
  95              		.thumb_func
  97              	get_st_biases:
  98              		@ args = 0, pretend = 0, frame = 16
  99              		@ frame_needed = 0, uses_anonymous_args = 0
 100 0000 2DE9F04F 		push	{r4, r5, r6, r7, r8, r9, r10, fp, lr}
 101 0004 85B0     		sub	sp, sp, #20
 102 0006 0446     		mov	r4, r0
 103 0008 0D46     		mov	r5, r1
 104 000a 1646     		mov	r6, r2
 105 000c 0123     		movs	r3, #1
 106 000e 8DF80430 		strb	r3, [sp, #4]
 107 0012 0023     		movs	r3, #0
 108 0014 8DF80530 		strb	r3, [sp, #5]
 109 0018 544B     		ldr	r3, .L52
 110 001a 1968     		ldr	r1, [r3]
 111 001c 5868     		ldr	r0, [r3, #4]
 112 001e 01AB     		add	r3, sp, #4
 113 0020 0222     		movs	r2, #2
 114 0022 497D     		ldrb	r1, [r1, #21]	@ zero_extendqisi2
 115 0024 0078     		ldrb	r0, [r0]	@ zero_extendqisi2
 116 0026 FFF7FEFF 		bl	IIC1_write
 117 002a 0028     		cmp	r0, #0
ARM GAS  C:\Users\ihavenoK\AppData\Local\Temp\ccLecP1X.s 			page 3


 118 002c 40F0ED81 		bne	.L24
 119 0030 C820     		movs	r0, #200
 120 0032 FFF7FEFF 		bl	Delay_ms
 121 0036 0023     		movs	r3, #0
 122 0038 8DF80430 		strb	r3, [sp, #4]
 123 003c 4B4B     		ldr	r3, .L52
 124 003e 1968     		ldr	r1, [r3]
 125 0040 5868     		ldr	r0, [r3, #4]
 126 0042 01AB     		add	r3, sp, #4
 127 0044 0122     		movs	r2, #1
 128 0046 497C     		ldrb	r1, [r1, #17]	@ zero_extendqisi2
 129 0048 0078     		ldrb	r0, [r0]	@ zero_extendqisi2
 130 004a FFF7FEFF 		bl	IIC1_write
 131 004e 0028     		cmp	r0, #0
 132 0050 40F0DE81 		bne	.L25
 133 0054 454B     		ldr	r3, .L52
 134 0056 1968     		ldr	r1, [r3]
 135 0058 5868     		ldr	r0, [r3, #4]
 136 005a 01AB     		add	r3, sp, #4
 137 005c 0122     		movs	r2, #1
 138 005e 4979     		ldrb	r1, [r1, #5]	@ zero_extendqisi2
 139 0060 0078     		ldrb	r0, [r0]	@ zero_extendqisi2
 140 0062 FFF7FEFF 		bl	IIC1_write
 141 0066 0028     		cmp	r0, #0
 142 0068 40F0D581 		bne	.L26
 143 006c 3F4B     		ldr	r3, .L52
 144 006e 1968     		ldr	r1, [r3]
 145 0070 5868     		ldr	r0, [r3, #4]
 146 0072 01AB     		add	r3, sp, #4
 147 0074 0122     		movs	r2, #1
 148 0076 497D     		ldrb	r1, [r1, #21]	@ zero_extendqisi2
 149 0078 0078     		ldrb	r0, [r0]	@ zero_extendqisi2
 150 007a FFF7FEFF 		bl	IIC1_write
 151 007e 0028     		cmp	r0, #0
 152 0080 40F0CC81 		bne	.L27
 153 0084 394B     		ldr	r3, .L52
 154 0086 1968     		ldr	r1, [r3]
 155 0088 5868     		ldr	r0, [r3, #4]
 156 008a 01AB     		add	r3, sp, #4
 157 008c 0122     		movs	r2, #1
 158 008e 897E     		ldrb	r1, [r1, #26]	@ zero_extendqisi2
 159 0090 0078     		ldrb	r0, [r0]	@ zero_extendqisi2
 160 0092 FFF7FEFF 		bl	IIC1_write
 161 0096 0028     		cmp	r0, #0
 162 0098 40F0C381 		bne	.L28
 163 009c 334B     		ldr	r3, .L52
 164 009e 1968     		ldr	r1, [r3]
 165 00a0 5868     		ldr	r0, [r3, #4]
 166 00a2 01AB     		add	r3, sp, #4
 167 00a4 0122     		movs	r2, #1
 168 00a6 0979     		ldrb	r1, [r1, #4]	@ zero_extendqisi2
 169 00a8 0078     		ldrb	r0, [r0]	@ zero_extendqisi2
 170 00aa FFF7FEFF 		bl	IIC1_write
 171 00ae 0028     		cmp	r0, #0
 172 00b0 40F0BA81 		bne	.L29
 173 00b4 0C23     		movs	r3, #12
 174 00b6 8DF80430 		strb	r3, [sp, #4]
ARM GAS  C:\Users\ihavenoK\AppData\Local\Temp\ccLecP1X.s 			page 4


 175 00ba 2C4B     		ldr	r3, .L52
 176 00bc 1968     		ldr	r1, [r3]
 177 00be 5868     		ldr	r0, [r3, #4]
 178 00c0 01AB     		add	r3, sp, #4
 179 00c2 0122     		movs	r2, #1
 180 00c4 0979     		ldrb	r1, [r1, #4]	@ zero_extendqisi2
 181 00c6 0078     		ldrb	r0, [r0]	@ zero_extendqisi2
 182 00c8 FFF7FEFF 		bl	IIC1_write
 183 00cc 0028     		cmp	r0, #0
 184 00ce 40F0AE81 		bne	.L30
 185 00d2 0F20     		movs	r0, #15
 186 00d4 FFF7FEFF 		bl	Delay_ms
 187 00d8 244B     		ldr	r3, .L52
 188 00da 9A6A     		ldr	r2, [r3, #40]
 189 00dc 527A     		ldrb	r2, [r2, #9]	@ zero_extendqisi2
 190 00de 8DF80420 		strb	r2, [sp, #4]
 191 00e2 1968     		ldr	r1, [r3]
 192 00e4 5868     		ldr	r0, [r3, #4]
 193 00e6 01AB     		add	r3, sp, #4
 194 00e8 0122     		movs	r2, #1
 195 00ea 8978     		ldrb	r1, [r1, #2]	@ zero_extendqisi2
 196 00ec 0078     		ldrb	r0, [r0]	@ zero_extendqisi2
 197 00ee FFF7FEFF 		bl	IIC1_write
 198 00f2 0028     		cmp	r0, #0
 199 00f4 40F09E81 		bne	.L31
 200 00f8 1C4B     		ldr	r3, .L52
 201 00fa 9A6A     		ldr	r2, [r3, #40]
 202 00fc 127A     		ldrb	r2, [r2, #8]	@ zero_extendqisi2
 203 00fe 8DF80420 		strb	r2, [sp, #4]
 204 0102 1968     		ldr	r1, [r3]
 205 0104 5868     		ldr	r0, [r3, #4]
 206 0106 01AB     		add	r3, sp, #4
 207 0108 0122     		movs	r2, #1
 208 010a 4978     		ldrb	r1, [r1, #1]	@ zero_extendqisi2
 209 010c 0078     		ldrb	r0, [r0]	@ zero_extendqisi2
 210 010e FFF7FEFF 		bl	IIC1_write
 211 0112 0028     		cmp	r0, #0
 212 0114 40F09181 		bne	.L32
 213 0118 56B3     		cbz	r6, .L14
 214 011a 144B     		ldr	r3, .L52
 215 011c 9A6A     		ldr	r2, [r3, #40]
 216 011e 927A     		ldrb	r2, [r2, #10]	@ zero_extendqisi2
 217 0120 62F01F02 		orn	r2, r2, #31
 218 0124 8DF80420 		strb	r2, [sp, #4]
 219 0128 1968     		ldr	r1, [r3]
 220 012a 5868     		ldr	r0, [r3, #4]
 221 012c 01AB     		add	r3, sp, #4
 222 012e 0122     		movs	r2, #1
 223 0130 8979     		ldrb	r1, [r1, #6]	@ zero_extendqisi2
 224 0132 0078     		ldrb	r0, [r0]	@ zero_extendqisi2
 225 0134 FFF7FEFF 		bl	IIC1_write
 226 0138 0028     		cmp	r0, #0
 227 013a 40F08181 		bne	.L46
 228 013e 0B4B     		ldr	r3, .L52
 229 0140 9A6A     		ldr	r2, [r3, #40]
 230 0142 D27A     		ldrb	r2, [r2, #11]	@ zero_extendqisi2
 231 0144 62F01F02 		orn	r2, r2, #31
ARM GAS  C:\Users\ihavenoK\AppData\Local\Temp\ccLecP1X.s 			page 5


 232 0148 8DF80420 		strb	r2, [sp, #4]
 233 014c 1968     		ldr	r1, [r3]
 234 014e 5868     		ldr	r0, [r3, #4]
 235 0150 01AB     		add	r3, sp, #4
 236 0152 0122     		movs	r2, #1
 237 0154 C979     		ldrb	r1, [r1, #7]	@ zero_extendqisi2
 238 0156 0078     		ldrb	r0, [r0]	@ zero_extendqisi2
 239 0158 FFF7FEFF 		bl	IIC1_write
 240 015c 0028     		cmp	r0, #0
 241 015e 40F07581 		bne	.L35
 242 0162 C820     		movs	r0, #200
 243 0164 FFF7FEFF 		bl	Delay_ms
 244 0168 21E0     		b	.L23
 245              	.L53:
 246 016a 00BF     		.align	2
 247              	.L52:
 248 016c 00000000 		.word	st
 249              	.L14:
 250 0170 C14B     		ldr	r3, .L54
 251 0172 9A6A     		ldr	r2, [r3, #40]
 252 0174 927A     		ldrb	r2, [r2, #10]	@ zero_extendqisi2
 253 0176 8DF80420 		strb	r2, [sp, #4]
 254 017a 1968     		ldr	r1, [r3]
 255 017c 5868     		ldr	r0, [r3, #4]
 256 017e 01AB     		add	r3, sp, #4
 257 0180 0122     		movs	r2, #1
 258 0182 8979     		ldrb	r1, [r1, #6]	@ zero_extendqisi2
 259 0184 0078     		ldrb	r0, [r0]	@ zero_extendqisi2
 260 0186 FFF7FEFF 		bl	IIC1_write
 261 018a 0028     		cmp	r0, #0
 262 018c 40F05B81 		bne	.L47
 263 0190 1823     		movs	r3, #24
 264 0192 8DF80430 		strb	r3, [sp, #4]
 265 0196 B84B     		ldr	r3, .L54
 266 0198 1968     		ldr	r1, [r3]
 267 019a 5868     		ldr	r0, [r3, #4]
 268 019c 01AB     		add	r3, sp, #4
 269 019e 0122     		movs	r2, #1
 270 01a0 C979     		ldrb	r1, [r1, #7]	@ zero_extendqisi2
 271 01a2 0078     		ldrb	r0, [r0]	@ zero_extendqisi2
 272 01a4 FFF7FEFF 		bl	IIC1_write
 273 01a8 0028     		cmp	r0, #0
 274 01aa 40F06181 		bne	.L48
 275              	.L23:
 276 01ae 4023     		movs	r3, #64
 277 01b0 8DF80430 		strb	r3, [sp, #4]
 278 01b4 B04B     		ldr	r3, .L54
 279 01b6 1968     		ldr	r1, [r3]
 280 01b8 5868     		ldr	r0, [r3, #4]
 281 01ba 01AB     		add	r3, sp, #4
 282 01bc 0122     		movs	r2, #1
 283 01be 0979     		ldrb	r1, [r1, #4]	@ zero_extendqisi2
 284 01c0 0078     		ldrb	r0, [r0]	@ zero_extendqisi2
 285 01c2 FFF7FEFF 		bl	IIC1_write
 286 01c6 0028     		cmp	r0, #0
 287 01c8 40F04381 		bne	.L36
 288 01cc 7823     		movs	r3, #120
ARM GAS  C:\Users\ihavenoK\AppData\Local\Temp\ccLecP1X.s 			page 6


 289 01ce 8DF80430 		strb	r3, [sp, #4]
 290 01d2 A94B     		ldr	r3, .L54
 291 01d4 1968     		ldr	r1, [r3]
 292 01d6 5868     		ldr	r0, [r3, #4]
 293 01d8 01AB     		add	r3, sp, #4
 294 01da 0122     		movs	r2, #1
 295 01dc 4979     		ldrb	r1, [r1, #5]	@ zero_extendqisi2
 296 01de 0078     		ldrb	r0, [r0]	@ zero_extendqisi2
 297 01e0 FFF7FEFF 		bl	IIC1_write
 298 01e4 0028     		cmp	r0, #0
 299 01e6 40F03781 		bne	.L37
 300 01ea 3220     		movs	r0, #50
 301 01ec FFF7FEFF 		bl	Delay_ms
 302 01f0 0023     		movs	r3, #0
 303 01f2 8DF80430 		strb	r3, [sp, #4]
 304 01f6 A04B     		ldr	r3, .L54
 305 01f8 1968     		ldr	r1, [r3]
 306 01fa 5868     		ldr	r0, [r3, #4]
 307 01fc 01AB     		add	r3, sp, #4
 308 01fe 0122     		movs	r2, #1
 309 0200 4979     		ldrb	r1, [r1, #5]	@ zero_extendqisi2
 310 0202 0078     		ldrb	r0, [r0]	@ zero_extendqisi2
 311 0204 FFF7FEFF 		bl	IIC1_write
 312 0208 0028     		cmp	r0, #0
 313 020a 40F02881 		bne	.L38
 314 020e 9A4B     		ldr	r3, .L54
 315 0210 1968     		ldr	r1, [r3]
 316 0212 5868     		ldr	r0, [r3, #4]
 317 0214 01AB     		add	r3, sp, #4
 318 0216 0222     		movs	r2, #2
 319 0218 097B     		ldrb	r1, [r1, #12]	@ zero_extendqisi2
 320 021a 0078     		ldrb	r0, [r0]	@ zero_extendqisi2
 321 021c FFF7FEFF 		bl	IIC1_read
 322 0220 8346     		mov	fp, r0
 323 0222 0028     		cmp	r0, #0
 324 0224 40F01E81 		bne	.L39
 325 0228 9DF80430 		ldrb	r3, [sp, #4]	@ zero_extendqisi2
 326 022c 9DF80570 		ldrb	r7, [sp, #5]	@ zero_extendqisi2
 327 0230 47EA0327 		orr	r7, r7, r3, lsl #8
 328 0234 914B     		ldr	r3, .L54+4
 329 0236 A3FB0737 		umull	r3, r7, r3, r7
 330 023a C7F3C707 		ubfx	r7, r7, #3, #8
 331 023e 0023     		movs	r3, #0
 332 0240 A360     		str	r3, [r4, #8]
 333 0242 6360     		str	r3, [r4, #4]
 334 0244 2360     		str	r3, [r4]
 335 0246 AB60     		str	r3, [r5, #8]
 336 0248 6B60     		str	r3, [r5, #4]
 337 024a 2B60     		str	r3, [r5]
 338 024c 002F     		cmp	r7, #0
 339 024e 53D0     		beq	.L17
 340 0250 1E46     		mov	r6, r3
 341 0252 0DF1040A 		add	r10, sp, #4
 342 0256 DFF82082 		ldr	r8, .L54
 343 025a 4FF00C09 		mov	r9, #12
 344              	.L18:
 345 025e D8F80010 		ldr	r1, [r8]
ARM GAS  C:\Users\ihavenoK\AppData\Local\Temp\ccLecP1X.s 			page 7


 346 0262 D8F80400 		ldr	r0, [r8, #4]
 347 0266 5346     		mov	r3, r10
 348 0268 4A46     		mov	r2, r9
 349 026a 497B     		ldrb	r1, [r1, #13]	@ zero_extendqisi2
 350 026c 0078     		ldrb	r0, [r0]	@ zero_extendqisi2
 351 026e FFF7FEFF 		bl	IIC1_read
 352 0272 0028     		cmp	r0, #0
 353 0274 40F0F980 		bne	.L40
 354 0278 9DF80630 		ldrb	r3, [sp, #6]	@ zero_extendqisi2
 355 027c 9DF80720 		ldrb	r2, [sp, #7]	@ zero_extendqisi2
 356 0280 42EA0322 		orr	r2, r2, r3, lsl #8
 357 0284 12B2     		sxth	r2, r2
 358 0286 9DF80810 		ldrb	r1, [sp, #8]	@ zero_extendqisi2
 359 028a 9DF80930 		ldrb	r3, [sp, #9]	@ zero_extendqisi2
 360 028e 43EA0123 		orr	r3, r3, r1, lsl #8
 361 0292 1BB2     		sxth	r3, r3
 362 0294 9DF80400 		ldrb	r0, [sp, #4]	@ zero_extendqisi2
 363 0298 9DF80510 		ldrb	r1, [sp, #5]	@ zero_extendqisi2
 364 029c 41EA0021 		orr	r1, r1, r0, lsl #8
 365 02a0 09B2     		sxth	r1, r1
 366 02a2 2868     		ldr	r0, [r5]
 367 02a4 0844     		add	r0, r0, r1
 368 02a6 2860     		str	r0, [r5]
 369 02a8 6968     		ldr	r1, [r5, #4]
 370 02aa 1144     		add	r1, r1, r2
 371 02ac 6960     		str	r1, [r5, #4]
 372 02ae AA68     		ldr	r2, [r5, #8]
 373 02b0 1A44     		add	r2, r2, r3
 374 02b2 AA60     		str	r2, [r5, #8]
 375 02b4 9DF80C30 		ldrb	r3, [sp, #12]	@ zero_extendqisi2
 376 02b8 9DF80D20 		ldrb	r2, [sp, #13]	@ zero_extendqisi2
 377 02bc 42EA0322 		orr	r2, r2, r3, lsl #8
 378 02c0 12B2     		sxth	r2, r2
 379 02c2 9DF80E10 		ldrb	r1, [sp, #14]	@ zero_extendqisi2
 380 02c6 9DF80F30 		ldrb	r3, [sp, #15]	@ zero_extendqisi2
 381 02ca 43EA0123 		orr	r3, r3, r1, lsl #8
 382 02ce 1BB2     		sxth	r3, r3
 383 02d0 9DF80A00 		ldrb	r0, [sp, #10]	@ zero_extendqisi2
 384 02d4 9DF80B10 		ldrb	r1, [sp, #11]	@ zero_extendqisi2
 385 02d8 41EA0021 		orr	r1, r1, r0, lsl #8
 386 02dc 09B2     		sxth	r1, r1
 387 02de 2068     		ldr	r0, [r4]
 388 02e0 0844     		add	r0, r0, r1
 389 02e2 2060     		str	r0, [r4]
 390 02e4 6168     		ldr	r1, [r4, #4]
 391 02e6 1144     		add	r1, r1, r2
 392 02e8 6160     		str	r1, [r4, #4]
 393 02ea A268     		ldr	r2, [r4, #8]
 394 02ec 1A44     		add	r2, r2, r3
 395 02ee A260     		str	r2, [r4, #8]
 396 02f0 0136     		adds	r6, r6, #1
 397 02f2 F3B2     		uxtb	r3, r6
 398 02f4 9F42     		cmp	r7, r3
 399 02f6 B2D8     		bhi	.L18
 400              	.L17:
 401 02f8 0026     		movs	r6, #0
 402 02fa D4F800C0 		ldr	ip, [r4]
ARM GAS  C:\Users\ihavenoK\AppData\Local\Temp\ccLecP1X.s 			page 8


 403 02fe 4FEAEC71 		asr	r1, ip, #31
 404 0302 0904     		lsls	r1, r1, #16
 405 0304 8322     		movs	r2, #131
 406 0306 0023     		movs	r3, #0
 407 0308 4FEA0C40 		lsl	r0, ip, #16
 408 030c 41EA1C41 		orr	r1, r1, ip, lsr #16
 409 0310 FFF7FEFF 		bl	__aeabi_ldivmod
 410 0314 3A46     		mov	r2, r7
 411 0316 3346     		mov	r3, r6
 412 0318 FFF7FEFF 		bl	__aeabi_ldivmod
 413 031c 2060     		str	r0, [r4]
 414 031e D4F804C0 		ldr	ip, [r4, #4]
 415 0322 4FEAEC71 		asr	r1, ip, #31
 416 0326 0904     		lsls	r1, r1, #16
 417 0328 8322     		movs	r2, #131
 418 032a 0023     		movs	r3, #0
 419 032c 4FEA0C40 		lsl	r0, ip, #16
 420 0330 41EA1C41 		orr	r1, r1, ip, lsr #16
 421 0334 FFF7FEFF 		bl	__aeabi_ldivmod
 422 0338 3A46     		mov	r2, r7
 423 033a 3346     		mov	r3, r6
 424 033c FFF7FEFF 		bl	__aeabi_ldivmod
 425 0340 6060     		str	r0, [r4, #4]
 426 0342 D4F808C0 		ldr	ip, [r4, #8]
 427 0346 4FEAEC71 		asr	r1, ip, #31
 428 034a 0904     		lsls	r1, r1, #16
 429 034c 8322     		movs	r2, #131
 430 034e 0023     		movs	r3, #0
 431 0350 4FEA0C40 		lsl	r0, ip, #16
 432 0354 41EA1C41 		orr	r1, r1, ip, lsr #16
 433 0358 FFF7FEFF 		bl	__aeabi_ldivmod
 434 035c 3A46     		mov	r2, r7
 435 035e 3346     		mov	r3, r6
 436 0360 FFF7FEFF 		bl	__aeabi_ldivmod
 437 0364 A060     		str	r0, [r4, #8]
 438 0366 2B68     		ldr	r3, [r5]
 439 0368 DA17     		asrs	r2, r3, #31
 440 036a 1204     		lsls	r2, r2, #16
 441 036c 42EA1342 		orr	r2, r2, r3, lsr #16
 442 0370 1B04     		lsls	r3, r3, #16
 443 0372 1146     		mov	r1, r2
 444 0374 B242     		cmp	r2, r6
 445 0376 36DB     		blt	.L49
 446              	.L19:
 447 0378 D80A     		lsrs	r0, r3, #11
 448 037a 3A46     		mov	r2, r7
 449 037c 3346     		mov	r3, r6
 450 037e 40EA4150 		orr	r0, r0, r1, lsl #21
 451 0382 C912     		asrs	r1, r1, #11
 452 0384 FFF7FEFF 		bl	__aeabi_ldivmod
 453 0388 2860     		str	r0, [r5]
 454 038a 6B68     		ldr	r3, [r5, #4]
 455 038c DA17     		asrs	r2, r3, #31
 456 038e 1204     		lsls	r2, r2, #16
 457 0390 42EA1342 		orr	r2, r2, r3, lsr #16
 458 0394 1B04     		lsls	r3, r3, #16
 459 0396 1146     		mov	r1, r2
ARM GAS  C:\Users\ihavenoK\AppData\Local\Temp\ccLecP1X.s 			page 9


 460 0398 002A     		cmp	r2, #0
 461 039a 2ADB     		blt	.L50
 462              	.L20:
 463 039c D80A     		lsrs	r0, r3, #11
 464 039e 3A46     		mov	r2, r7
 465 03a0 3346     		mov	r3, r6
 466 03a2 40EA4150 		orr	r0, r0, r1, lsl #21
 467 03a6 C912     		asrs	r1, r1, #11
 468 03a8 FFF7FEFF 		bl	__aeabi_ldivmod
 469 03ac 6860     		str	r0, [r5, #4]
 470 03ae AB68     		ldr	r3, [r5, #8]
 471 03b0 DA17     		asrs	r2, r3, #31
 472 03b2 1204     		lsls	r2, r2, #16
 473 03b4 42EA1342 		orr	r2, r2, r3, lsr #16
 474 03b8 1B04     		lsls	r3, r3, #16
 475 03ba 1146     		mov	r1, r2
 476 03bc 002A     		cmp	r2, #0
 477 03be 1EDB     		blt	.L51
 478              	.L21:
 479 03c0 D80A     		lsrs	r0, r3, #11
 480 03c2 3A46     		mov	r2, r7
 481 03c4 3346     		mov	r3, r6
 482 03c6 40EA4150 		orr	r0, r0, r1, lsl #21
 483 03ca C912     		asrs	r1, r1, #11
 484 03cc FFF7FEFF 		bl	__aeabi_ldivmod
 485 03d0 0028     		cmp	r0, #0
 486 03d2 CCBF     		ite	gt
 487 03d4 A0F58030 		subgt	r0, r0, #65536
 488 03d8 00F58030 		addle	r0, r0, #65536
 489 03dc A860     		str	r0, [r5, #8]
 490              	.L12:
 491 03de 5846     		mov	r0, fp
 492 03e0 05B0     		add	sp, sp, #20
 493              		@ sp needed
 494 03e2 BDE8F08F 		pop	{r4, r5, r6, r7, r8, r9, r10, fp, pc}
 495              	.L49:
 496 03e6 40F2FF71 		movw	r1, #2047
 497 03ea 5B18     		adds	r3, r3, r1
 498 03ec 42F10001 		adc	r1, r2, #0
 499 03f0 C2E7     		b	.L19
 500              	.L50:
 501 03f2 40F2FF71 		movw	r1, #2047
 502 03f6 5B18     		adds	r3, r3, r1
 503 03f8 42F10001 		adc	r1, r2, #0
 504 03fc CEE7     		b	.L20
 505              	.L51:
 506 03fe 40F2FF71 		movw	r1, #2047
 507 0402 5B18     		adds	r3, r3, r1
 508 0404 42F10001 		adc	r1, r2, #0
 509 0408 DAE7     		b	.L21
 510              	.L24:
 511 040a 4FF0FF3B 		mov	fp, #-1
 512 040e E6E7     		b	.L12
 513              	.L25:
 514 0410 4FF0FF3B 		mov	fp, #-1
 515 0414 E3E7     		b	.L12
 516              	.L26:
ARM GAS  C:\Users\ihavenoK\AppData\Local\Temp\ccLecP1X.s 			page 10


 517 0416 4FF0FF3B 		mov	fp, #-1
 518 041a E0E7     		b	.L12
 519              	.L27:
 520 041c 4FF0FF3B 		mov	fp, #-1
 521 0420 DDE7     		b	.L12
 522              	.L28:
 523 0422 4FF0FF3B 		mov	fp, #-1
 524 0426 DAE7     		b	.L12
 525              	.L29:
 526 0428 4FF0FF3B 		mov	fp, #-1
 527 042c D7E7     		b	.L12
 528              	.L30:
 529 042e 4FF0FF3B 		mov	fp, #-1
 530 0432 D4E7     		b	.L12
 531              	.L31:
 532 0434 4FF0FF3B 		mov	fp, #-1
 533 0438 D1E7     		b	.L12
 534              	.L32:
 535 043a 4FF0FF3B 		mov	fp, #-1
 536 043e CEE7     		b	.L12
 537              	.L46:
 538 0440 4FF0FF3B 		mov	fp, #-1
 539 0444 CBE7     		b	.L12
 540              	.L47:
 541 0446 4FF0FF3B 		mov	fp, #-1
 542 044a C8E7     		b	.L12
 543              	.L35:
 544 044c 4FF0FF3B 		mov	fp, #-1
 545 0450 C5E7     		b	.L12
 546              	.L36:
 547 0452 4FF0FF3B 		mov	fp, #-1
 548 0456 C2E7     		b	.L12
 549              	.L37:
 550 0458 4FF0FF3B 		mov	fp, #-1
 551 045c BFE7     		b	.L12
 552              	.L38:
 553 045e 4FF0FF3B 		mov	fp, #-1
 554 0462 BCE7     		b	.L12
 555              	.L39:
 556 0464 4FF0FF3B 		mov	fp, #-1
 557 0468 B9E7     		b	.L12
 558              	.L40:
 559 046a 4FF0FF3B 		mov	fp, #-1
 560 046e B6E7     		b	.L12
 561              	.L48:
 562 0470 4FF0FF3B 		mov	fp, #-1
 563 0474 B3E7     		b	.L12
 564              	.L55:
 565 0476 00BF     		.align	2
 566              	.L54:
 567 0478 00000000 		.word	st
 568 047c ABAAAAAA 		.word	-1431655765
 570              		.section	.text.get_tick_count,"ax",%progbits
 571              		.align	1
 572              		.global	get_tick_count
 573              		.syntax unified
 574              		.thumb
ARM GAS  C:\Users\ihavenoK\AppData\Local\Temp\ccLecP1X.s 			page 11


 575              		.thumb_func
 577              	get_tick_count:
 578              		@ args = 0, pretend = 0, frame = 0
 579              		@ frame_needed = 0, uses_anonymous_args = 0
 580              		@ link register save eliminated.
 581 0000 7047     		bx	lr
 583              		.section	.rodata.mpu_reg_dump.str1.4,"aMS",%progbits,1
 584              		.align	2
 585              	.LC0:
 586 0000 25233578 		.ascii	"%#5x: %#5x\015\012\000"
 586      3A202523 
 586      35780D0A 
 586      00
 587              		.section	.text.mpu_reg_dump,"ax",%progbits
 588              		.align	1
 589              		.global	mpu_reg_dump
 590              		.syntax unified
 591              		.thumb
 592              		.thumb_func
 594              	mpu_reg_dump:
 595              		@ args = 0, pretend = 0, frame = 8
 596              		@ frame_needed = 0, uses_anonymous_args = 0
 597 0000 174B     		ldr	r3, .L69
 598 0002 5868     		ldr	r0, [r3, #4]
 599 0004 0379     		ldrb	r3, [r0, #4]	@ zero_extendqisi2
 600 0006 2BB3     		cbz	r3, .L61
 601 0008 F0B5     		push	{r4, r5, r6, r7, lr}
 602 000a 83B0     		sub	sp, sp, #12
 603 000c 0024     		movs	r4, #0
 604 000e 144D     		ldr	r5, .L69
 605 0010 0DF10706 		add	r6, sp, #7
 606 0014 134F     		ldr	r7, .L69+4
 607 0016 05E0     		b	.L60
 608              	.L59:
 609 0018 6868     		ldr	r0, [r5, #4]
 610 001a 0134     		adds	r4, r4, #1
 611 001c 0279     		ldrb	r2, [r0, #4]	@ zero_extendqisi2
 612 001e E3B2     		uxtb	r3, r4
 613 0020 9A42     		cmp	r2, r3
 614 0022 14D9     		bls	.L68
 615              	.L60:
 616 0024 E1B2     		uxtb	r1, r4
 617 0026 2B68     		ldr	r3, [r5]
 618 0028 5A7B     		ldrb	r2, [r3, #13]	@ zero_extendqisi2
 619 002a 8A42     		cmp	r2, r1
 620 002c F4D0     		beq	.L59
 621 002e 1B7E     		ldrb	r3, [r3, #24]	@ zero_extendqisi2
 622 0030 8B42     		cmp	r3, r1
 623 0032 F1D0     		beq	.L59
 624 0034 3346     		mov	r3, r6
 625 0036 0122     		movs	r2, #1
 626 0038 0078     		ldrb	r0, [r0]	@ zero_extendqisi2
 627 003a FFF7FEFF 		bl	IIC1_read
 628 003e 58B9     		cbnz	r0, .L62
 629 0040 9DF80720 		ldrb	r2, [sp, #7]	@ zero_extendqisi2
 630 0044 2146     		mov	r1, r4
 631 0046 3846     		mov	r0, r7
ARM GAS  C:\Users\ihavenoK\AppData\Local\Temp\ccLecP1X.s 			page 12


 632 0048 FFF7FEFF 		bl	printf
 633 004c E4E7     		b	.L59
 634              	.L68:
 635 004e 0020     		movs	r0, #0
 636              	.L57:
 637 0050 03B0     		add	sp, sp, #12
 638              		@ sp needed
 639 0052 F0BD     		pop	{r4, r5, r6, r7, pc}
 640              	.L61:
 641 0054 0020     		movs	r0, #0
 642 0056 7047     		bx	lr
 643              	.L62:
 644 0058 4FF0FF30 		mov	r0, #-1
 645 005c F8E7     		b	.L57
 646              	.L70:
 647 005e 00BF     		.align	2
 648              	.L69:
 649 0060 00000000 		.word	st
 650 0064 00000000 		.word	.LC0
 652              		.section	.text.mpu_read_reg,"ax",%progbits
 653              		.align	1
 654              		.global	mpu_read_reg
 655              		.syntax unified
 656              		.thumb
 657              		.thumb_func
 659              	mpu_read_reg:
 660              		@ args = 0, pretend = 0, frame = 0
 661              		@ frame_needed = 0, uses_anonymous_args = 0
 662 0000 0B46     		mov	r3, r1
 663 0002 0E4A     		ldr	r2, .L80
 664 0004 1268     		ldr	r2, [r2]
 665 0006 517B     		ldrb	r1, [r2, #13]	@ zero_extendqisi2
 666 0008 8142     		cmp	r1, r0
 667 000a 0ED0     		beq	.L73
 668 000c 127E     		ldrb	r2, [r2, #24]	@ zero_extendqisi2
 669 000e 8242     		cmp	r2, r0
 670 0010 0ED0     		beq	.L74
 671 0012 10B5     		push	{r4, lr}
 672 0014 094A     		ldr	r2, .L80
 673 0016 5468     		ldr	r4, [r2, #4]
 674 0018 2279     		ldrb	r2, [r4, #4]	@ zero_extendqisi2
 675 001a 8242     		cmp	r2, r0
 676 001c 0BD9     		bls	.L75
 677 001e 0122     		movs	r2, #1
 678 0020 0146     		mov	r1, r0
 679 0022 2078     		ldrb	r0, [r4]	@ zero_extendqisi2
 680 0024 FFF7FEFF 		bl	IIC1_read
 681              	.L71:
 682 0028 10BD     		pop	{r4, pc}
 683              	.L73:
 684 002a 4FF0FF30 		mov	r0, #-1
 685 002e 7047     		bx	lr
 686              	.L74:
 687 0030 4FF0FF30 		mov	r0, #-1
 688 0034 7047     		bx	lr
 689              	.L75:
 690 0036 4FF0FF30 		mov	r0, #-1
ARM GAS  C:\Users\ihavenoK\AppData\Local\Temp\ccLecP1X.s 			page 13


 691 003a F5E7     		b	.L71
 692              	.L81:
 693              		.align	2
 694              	.L80:
 695 003c 00000000 		.word	st
 697              		.section	.text.mpu_get_gyro_reg,"ax",%progbits
 698              		.align	1
 699              		.global	mpu_get_gyro_reg
 700              		.syntax unified
 701              		.thumb
 702              		.thumb_func
 704              	mpu_get_gyro_reg:
 705              		@ args = 0, pretend = 0, frame = 8
 706              		@ frame_needed = 0, uses_anonymous_args = 0
 707 0000 174B     		ldr	r3, .L90
 708 0002 9B7A     		ldrb	r3, [r3, #10]	@ zero_extendqisi2
 709 0004 13F0700F 		tst	r3, #112
 710 0008 23D0     		beq	.L84
 711 000a 10B5     		push	{r4, lr}
 712 000c 82B0     		sub	sp, sp, #8
 713 000e 0446     		mov	r4, r0
 714 0010 134B     		ldr	r3, .L90
 715 0012 1968     		ldr	r1, [r3]
 716 0014 5868     		ldr	r0, [r3, #4]
 717 0016 6B46     		mov	r3, sp
 718 0018 0622     		movs	r2, #6
 719 001a 897B     		ldrb	r1, [r1, #14]	@ zero_extendqisi2
 720 001c 0078     		ldrb	r0, [r0]	@ zero_extendqisi2
 721 001e FFF7FEFF 		bl	IIC1_read
 722 0022 C8B9     		cbnz	r0, .L85
 723 0024 9DF80020 		ldrb	r2, [sp]	@ zero_extendqisi2
 724 0028 9DF80130 		ldrb	r3, [sp, #1]	@ zero_extendqisi2
 725 002c 43EA0223 		orr	r3, r3, r2, lsl #8
 726 0030 2380     		strh	r3, [r4]	@ movhi
 727 0032 9DF80220 		ldrb	r2, [sp, #2]	@ zero_extendqisi2
 728 0036 9DF80330 		ldrb	r3, [sp, #3]	@ zero_extendqisi2
 729 003a 43EA0223 		orr	r3, r3, r2, lsl #8
 730 003e 6380     		strh	r3, [r4, #2]	@ movhi
 731 0040 9DF80420 		ldrb	r2, [sp, #4]	@ zero_extendqisi2
 732 0044 9DF80530 		ldrb	r3, [sp, #5]	@ zero_extendqisi2
 733 0048 43EA0223 		orr	r3, r3, r2, lsl #8
 734 004c A380     		strh	r3, [r4, #4]	@ movhi
 735              	.L82:
 736 004e 02B0     		add	sp, sp, #8
 737              		@ sp needed
 738 0050 10BD     		pop	{r4, pc}
 739              	.L84:
 740 0052 4FF0FF30 		mov	r0, #-1
 741 0056 7047     		bx	lr
 742              	.L85:
 743 0058 4FF0FF30 		mov	r0, #-1
 744 005c F7E7     		b	.L82
 745              	.L91:
 746 005e 00BF     		.align	2
 747              	.L90:
 748 0060 00000000 		.word	st
 750              		.section	.text.mpu_get_accel_reg,"ax",%progbits
ARM GAS  C:\Users\ihavenoK\AppData\Local\Temp\ccLecP1X.s 			page 14


 751              		.align	1
 752              		.global	mpu_get_accel_reg
 753              		.syntax unified
 754              		.thumb
 755              		.thumb_func
 757              	mpu_get_accel_reg:
 758              		@ args = 0, pretend = 0, frame = 8
 759              		@ frame_needed = 0, uses_anonymous_args = 0
 760 0000 174B     		ldr	r3, .L100
 761 0002 9B7A     		ldrb	r3, [r3, #10]	@ zero_extendqisi2
 762 0004 13F0080F 		tst	r3, #8
 763 0008 23D0     		beq	.L94
 764 000a 10B5     		push	{r4, lr}
 765 000c 82B0     		sub	sp, sp, #8
 766 000e 0446     		mov	r4, r0
 767 0010 134B     		ldr	r3, .L100
 768 0012 1968     		ldr	r1, [r3]
 769 0014 5868     		ldr	r0, [r3, #4]
 770 0016 6B46     		mov	r3, sp
 771 0018 0622     		movs	r2, #6
 772 001a C97B     		ldrb	r1, [r1, #15]	@ zero_extendqisi2
 773 001c 0078     		ldrb	r0, [r0]	@ zero_extendqisi2
 774 001e FFF7FEFF 		bl	IIC1_read
 775 0022 C8B9     		cbnz	r0, .L95
 776 0024 9DF80020 		ldrb	r2, [sp]	@ zero_extendqisi2
 777 0028 9DF80130 		ldrb	r3, [sp, #1]	@ zero_extendqisi2
 778 002c 43EA0223 		orr	r3, r3, r2, lsl #8
 779 0030 2380     		strh	r3, [r4]	@ movhi
 780 0032 9DF80220 		ldrb	r2, [sp, #2]	@ zero_extendqisi2
 781 0036 9DF80330 		ldrb	r3, [sp, #3]	@ zero_extendqisi2
 782 003a 43EA0223 		orr	r3, r3, r2, lsl #8
 783 003e 6380     		strh	r3, [r4, #2]	@ movhi
 784 0040 9DF80420 		ldrb	r2, [sp, #4]	@ zero_extendqisi2
 785 0044 9DF80530 		ldrb	r3, [sp, #5]	@ zero_extendqisi2
 786 0048 43EA0223 		orr	r3, r3, r2, lsl #8
 787 004c A380     		strh	r3, [r4, #4]	@ movhi
 788              	.L92:
 789 004e 02B0     		add	sp, sp, #8
 790              		@ sp needed
 791 0050 10BD     		pop	{r4, pc}
 792              	.L94:
 793 0052 4FF0FF30 		mov	r0, #-1
 794 0056 7047     		bx	lr
 795              	.L95:
 796 0058 4FF0FF30 		mov	r0, #-1
 797 005c F7E7     		b	.L92
 798              	.L101:
 799 005e 00BF     		.align	2
 800              	.L100:
 801 0060 00000000 		.word	st
 803              		.section	.text.mpu_get_temperature,"ax",%progbits
 804              		.align	1
 805              		.global	mpu_get_temperature
 806              		.syntax unified
 807              		.thumb
 808              		.thumb_func
 810              	mpu_get_temperature:
ARM GAS  C:\Users\ihavenoK\AppData\Local\Temp\ccLecP1X.s 			page 15


 811              		@ args = 0, pretend = 0, frame = 8
 812              		@ frame_needed = 0, uses_anonymous_args = 0
 813 0000 F0B5     		push	{r4, r5, r6, r7, lr}
 814 0002 83B0     		sub	sp, sp, #12
 815 0004 1F4B     		ldr	r3, .L107
 816 0006 9B7A     		ldrb	r3, [r3, #10]	@ zero_extendqisi2
 817 0008 002B     		cmp	r3, #0
 818 000a 34D0     		beq	.L104
 819 000c 0446     		mov	r4, r0
 820 000e 1D4B     		ldr	r3, .L107
 821 0010 1968     		ldr	r1, [r3]
 822 0012 5868     		ldr	r0, [r3, #4]
 823 0014 01AB     		add	r3, sp, #4
 824 0016 0222     		movs	r2, #2
 825 0018 097C     		ldrb	r1, [r1, #16]	@ zero_extendqisi2
 826 001a 0078     		ldrb	r0, [r0]	@ zero_extendqisi2
 827 001c FFF7FEFF 		bl	IIC1_read
 828 0020 0746     		mov	r7, r0
 829 0022 58BB     		cbnz	r0, .L105
 830 0024 174B     		ldr	r3, .L107
 831 0026 5E68     		ldr	r6, [r3, #4]
 832 0028 9DF80430 		ldrb	r3, [sp, #4]	@ zero_extendqisi2
 833 002c 9DF80500 		ldrb	r0, [sp, #5]	@ zero_extendqisi2
 834 0030 40EA0320 		orr	r0, r0, r3, lsl #8
 835 0034 00B2     		sxth	r0, r0
 836 0036 FFF7FEFF 		bl	__aeabi_i2f
 837 003a 0546     		mov	r5, r0
 838 003c B6F90800 		ldrsh	r0, [r6, #8]
 839 0040 FFF7FEFF 		bl	__aeabi_i2f
 840 0044 0146     		mov	r1, r0
 841 0046 2846     		mov	r0, r5
 842 0048 FFF7FEFF 		bl	__aeabi_fsub
 843 004c 0546     		mov	r5, r0
 844 004e F088     		ldrh	r0, [r6, #6]
 845 0050 FFF7FEFF 		bl	__aeabi_i2f
 846 0054 0146     		mov	r1, r0
 847 0056 2846     		mov	r0, r5
 848 0058 FFF7FEFF 		bl	__aeabi_fdiv
 849 005c 0A49     		ldr	r1, .L107+4
 850 005e FFF7FEFF 		bl	__aeabi_fadd
 851 0062 4FF08F41 		mov	r1, #1199570944
 852 0066 FFF7FEFF 		bl	__aeabi_fmul
 853 006a FFF7FEFF 		bl	__aeabi_f2iz
 854 006e 2060     		str	r0, [r4]
 855              	.L102:
 856 0070 3846     		mov	r0, r7
 857 0072 03B0     		add	sp, sp, #12
 858              		@ sp needed
 859 0074 F0BD     		pop	{r4, r5, r6, r7, pc}
 860              	.L104:
 861 0076 4FF0FF37 		mov	r7, #-1
 862 007a F9E7     		b	.L102
 863              	.L105:
 864 007c 4FF0FF37 		mov	r7, #-1
 865 0080 F6E7     		b	.L102
 866              	.L108:
 867 0082 00BF     		.align	2
ARM GAS  C:\Users\ihavenoK\AppData\Local\Temp\ccLecP1X.s 			page 16


 868              	.L107:
 869 0084 00000000 		.word	st
 870 0088 00000C42 		.word	1108082688
 872              		.section	.text.mpu_read_6500_accel_bias,"ax",%progbits
 873              		.align	1
 874              		.global	mpu_read_6500_accel_bias
 875              		.syntax unified
 876              		.thumb
 877              		.thumb_func
 879              	mpu_read_6500_accel_bias:
 880              		@ args = 0, pretend = 0, frame = 8
 881              		@ frame_needed = 0, uses_anonymous_args = 0
 882 0000 10B5     		push	{r4, lr}
 883 0002 82B0     		sub	sp, sp, #8
 884 0004 0446     		mov	r4, r0
 885 0006 1E4B     		ldr	r3, .L115
 886 0008 5868     		ldr	r0, [r3, #4]
 887 000a 6B46     		mov	r3, sp
 888 000c 0222     		movs	r2, #2
 889 000e 7721     		movs	r1, #119
 890 0010 0078     		ldrb	r0, [r0]	@ zero_extendqisi2
 891 0012 FFF7FEFF 		bl	IIC1_read
 892 0016 48BB     		cbnz	r0, .L111
 893 0018 194B     		ldr	r3, .L115
 894 001a 5868     		ldr	r0, [r3, #4]
 895 001c 0DF10203 		add	r3, sp, #2
 896 0020 0222     		movs	r2, #2
 897 0022 7A21     		movs	r1, #122
 898 0024 0078     		ldrb	r0, [r0]	@ zero_extendqisi2
 899 0026 FFF7FEFF 		bl	IIC1_read
 900 002a 10BB     		cbnz	r0, .L112
 901 002c 144B     		ldr	r3, .L115
 902 002e 5868     		ldr	r0, [r3, #4]
 903 0030 01AB     		add	r3, sp, #4
 904 0032 0222     		movs	r2, #2
 905 0034 7D21     		movs	r1, #125
 906 0036 0078     		ldrb	r0, [r0]	@ zero_extendqisi2
 907 0038 FFF7FEFF 		bl	IIC1_read
 908 003c E0B9     		cbnz	r0, .L113
 909 003e 9DF80020 		ldrb	r2, [sp]	@ zero_extendqisi2
 910 0042 9DF80130 		ldrb	r3, [sp, #1]	@ zero_extendqisi2
 911 0046 43EA0223 		orr	r3, r3, r2, lsl #8
 912 004a 2360     		str	r3, [r4]
 913 004c 9DF80220 		ldrb	r2, [sp, #2]	@ zero_extendqisi2
 914 0050 9DF80330 		ldrb	r3, [sp, #3]	@ zero_extendqisi2
 915 0054 43EA0223 		orr	r3, r3, r2, lsl #8
 916 0058 6360     		str	r3, [r4, #4]
 917 005a 9DF80420 		ldrb	r2, [sp, #4]	@ zero_extendqisi2
 918 005e 9DF80530 		ldrb	r3, [sp, #5]	@ zero_extendqisi2
 919 0062 43EA0223 		orr	r3, r3, r2, lsl #8
 920 0066 A360     		str	r3, [r4, #8]
 921              	.L109:
 922 0068 02B0     		add	sp, sp, #8
 923              		@ sp needed
 924 006a 10BD     		pop	{r4, pc}
 925              	.L111:
 926 006c 4FF0FF30 		mov	r0, #-1
ARM GAS  C:\Users\ihavenoK\AppData\Local\Temp\ccLecP1X.s 			page 17


 927 0070 FAE7     		b	.L109
 928              	.L112:
 929 0072 4FF0FF30 		mov	r0, #-1
 930 0076 F7E7     		b	.L109
 931              	.L113:
 932 0078 4FF0FF30 		mov	r0, #-1
 933 007c F4E7     		b	.L109
 934              	.L116:
 935 007e 00BF     		.align	2
 936              	.L115:
 937 0080 00000000 		.word	st
 939              		.section	.text.mpu_read_6050_accel_bias,"ax",%progbits
 940              		.align	1
 941              		.global	mpu_read_6050_accel_bias
 942              		.syntax unified
 943              		.thumb
 944              		.thumb_func
 946              	mpu_read_6050_accel_bias:
 947              		@ args = 0, pretend = 0, frame = 8
 948              		@ frame_needed = 0, uses_anonymous_args = 0
 949 0000 10B5     		push	{r4, lr}
 950 0002 82B0     		sub	sp, sp, #8
 951 0004 0446     		mov	r4, r0
 952 0006 1E4B     		ldr	r3, .L123
 953 0008 5868     		ldr	r0, [r3, #4]
 954 000a 6B46     		mov	r3, sp
 955 000c 0222     		movs	r2, #2
 956 000e 0621     		movs	r1, #6
 957 0010 0078     		ldrb	r0, [r0]	@ zero_extendqisi2
 958 0012 FFF7FEFF 		bl	IIC1_read
 959 0016 48BB     		cbnz	r0, .L119
 960 0018 194B     		ldr	r3, .L123
 961 001a 5868     		ldr	r0, [r3, #4]
 962 001c 0DF10203 		add	r3, sp, #2
 963 0020 0222     		movs	r2, #2
 964 0022 0821     		movs	r1, #8
 965 0024 0078     		ldrb	r0, [r0]	@ zero_extendqisi2
 966 0026 FFF7FEFF 		bl	IIC1_read
 967 002a 10BB     		cbnz	r0, .L120
 968 002c 144B     		ldr	r3, .L123
 969 002e 5868     		ldr	r0, [r3, #4]
 970 0030 01AB     		add	r3, sp, #4
 971 0032 0222     		movs	r2, #2
 972 0034 0A21     		movs	r1, #10
 973 0036 0078     		ldrb	r0, [r0]	@ zero_extendqisi2
 974 0038 FFF7FEFF 		bl	IIC1_read
 975 003c E0B9     		cbnz	r0, .L121
 976 003e 9DF80020 		ldrb	r2, [sp]	@ zero_extendqisi2
 977 0042 9DF80130 		ldrb	r3, [sp, #1]	@ zero_extendqisi2
 978 0046 43EA0223 		orr	r3, r3, r2, lsl #8
 979 004a 2360     		str	r3, [r4]
 980 004c 9DF80220 		ldrb	r2, [sp, #2]	@ zero_extendqisi2
 981 0050 9DF80330 		ldrb	r3, [sp, #3]	@ zero_extendqisi2
 982 0054 43EA0223 		orr	r3, r3, r2, lsl #8
 983 0058 6360     		str	r3, [r4, #4]
 984 005a 9DF80420 		ldrb	r2, [sp, #4]	@ zero_extendqisi2
 985 005e 9DF80530 		ldrb	r3, [sp, #5]	@ zero_extendqisi2
ARM GAS  C:\Users\ihavenoK\AppData\Local\Temp\ccLecP1X.s 			page 18


 986 0062 43EA0223 		orr	r3, r3, r2, lsl #8
 987 0066 A360     		str	r3, [r4, #8]
 988              	.L117:
 989 0068 02B0     		add	sp, sp, #8
 990              		@ sp needed
 991 006a 10BD     		pop	{r4, pc}
 992              	.L119:
 993 006c 4FF0FF30 		mov	r0, #-1
 994 0070 FAE7     		b	.L117
 995              	.L120:
 996 0072 4FF0FF30 		mov	r0, #-1
 997 0076 F7E7     		b	.L117
 998              	.L121:
 999 0078 4FF0FF30 		mov	r0, #-1
 1000 007c F4E7     		b	.L117
 1001              	.L124:
 1002 007e 00BF     		.align	2
 1003              	.L123:
 1004 0080 00000000 		.word	st
 1006              		.section	.text.mpu_read_6500_gyro_bias,"ax",%progbits
 1007              		.align	1
 1008              		.global	mpu_read_6500_gyro_bias
 1009              		.syntax unified
 1010              		.thumb
 1011              		.thumb_func
 1013              	mpu_read_6500_gyro_bias:
 1014              		@ args = 0, pretend = 0, frame = 8
 1015              		@ frame_needed = 0, uses_anonymous_args = 0
 1016 0000 10B5     		push	{r4, lr}
 1017 0002 82B0     		sub	sp, sp, #8
 1018 0004 0446     		mov	r4, r0
 1019 0006 1E4B     		ldr	r3, .L131
 1020 0008 5868     		ldr	r0, [r3, #4]
 1021 000a 6B46     		mov	r3, sp
 1022 000c 0222     		movs	r2, #2
 1023 000e 1321     		movs	r1, #19
 1024 0010 0078     		ldrb	r0, [r0]	@ zero_extendqisi2
 1025 0012 FFF7FEFF 		bl	IIC1_read
 1026 0016 48BB     		cbnz	r0, .L127
 1027 0018 194B     		ldr	r3, .L131
 1028 001a 5868     		ldr	r0, [r3, #4]
 1029 001c 0DF10203 		add	r3, sp, #2
 1030 0020 0222     		movs	r2, #2
 1031 0022 1521     		movs	r1, #21
 1032 0024 0078     		ldrb	r0, [r0]	@ zero_extendqisi2
 1033 0026 FFF7FEFF 		bl	IIC1_read
 1034 002a 10BB     		cbnz	r0, .L128
 1035 002c 144B     		ldr	r3, .L131
 1036 002e 5868     		ldr	r0, [r3, #4]
 1037 0030 01AB     		add	r3, sp, #4
 1038 0032 0222     		movs	r2, #2
 1039 0034 1721     		movs	r1, #23
 1040 0036 0078     		ldrb	r0, [r0]	@ zero_extendqisi2
 1041 0038 FFF7FEFF 		bl	IIC1_read
 1042 003c E0B9     		cbnz	r0, .L129
 1043 003e 9DF80020 		ldrb	r2, [sp]	@ zero_extendqisi2
 1044 0042 9DF80130 		ldrb	r3, [sp, #1]	@ zero_extendqisi2
ARM GAS  C:\Users\ihavenoK\AppData\Local\Temp\ccLecP1X.s 			page 19


 1045 0046 43EA0223 		orr	r3, r3, r2, lsl #8
 1046 004a 2360     		str	r3, [r4]
 1047 004c 9DF80220 		ldrb	r2, [sp, #2]	@ zero_extendqisi2
 1048 0050 9DF80330 		ldrb	r3, [sp, #3]	@ zero_extendqisi2
 1049 0054 43EA0223 		orr	r3, r3, r2, lsl #8
 1050 0058 6360     		str	r3, [r4, #4]
 1051 005a 9DF80420 		ldrb	r2, [sp, #4]	@ zero_extendqisi2
 1052 005e 9DF80530 		ldrb	r3, [sp, #5]	@ zero_extendqisi2
 1053 0062 43EA0223 		orr	r3, r3, r2, lsl #8
 1054 0066 A360     		str	r3, [r4, #8]
 1055              	.L125:
 1056 0068 02B0     		add	sp, sp, #8
 1057              		@ sp needed
 1058 006a 10BD     		pop	{r4, pc}
 1059              	.L127:
 1060 006c 4FF0FF30 		mov	r0, #-1
 1061 0070 FAE7     		b	.L125
 1062              	.L128:
 1063 0072 4FF0FF30 		mov	r0, #-1
 1064 0076 F7E7     		b	.L125
 1065              	.L129:
 1066 0078 4FF0FF30 		mov	r0, #-1
 1067 007c F4E7     		b	.L125
 1068              	.L132:
 1069 007e 00BF     		.align	2
 1070              	.L131:
 1071 0080 00000000 		.word	st
 1073              		.section	.text.mpu_set_gyro_bias_reg,"ax",%progbits
 1074              		.align	1
 1075              		.global	mpu_set_gyro_bias_reg
 1076              		.syntax unified
 1077              		.thumb
 1078              		.thumb_func
 1080              	mpu_set_gyro_bias_reg:
 1081              		@ args = 0, pretend = 0, frame = 8
 1082              		@ frame_needed = 0, uses_anonymous_args = 0
 1083 0000 00B5     		push	{lr}
 1084 0002 83B0     		sub	sp, sp, #12
 1085 0004 0168     		ldr	r1, [r0]
 1086 0006 4942     		rsbs	r1, r1, #0
 1087 0008 0160     		str	r1, [r0]
 1088 000a 4268     		ldr	r2, [r0, #4]
 1089 000c 5242     		rsbs	r2, r2, #0
 1090 000e 4260     		str	r2, [r0, #4]
 1091 0010 8368     		ldr	r3, [r0, #8]
 1092 0012 5B42     		rsbs	r3, r3, #0
 1093 0014 8360     		str	r3, [r0, #8]
 1094 0016 0812     		asrs	r0, r1, #8
 1095 0018 8DF80000 		strb	r0, [sp]
 1096 001c 8DF80110 		strb	r1, [sp, #1]
 1097 0020 1112     		asrs	r1, r2, #8
 1098 0022 8DF80210 		strb	r1, [sp, #2]
 1099 0026 8DF80320 		strb	r2, [sp, #3]
 1100 002a 1A12     		asrs	r2, r3, #8
 1101 002c 8DF80420 		strb	r2, [sp, #4]
 1102 0030 8DF80530 		strb	r3, [sp, #5]
 1103 0034 134B     		ldr	r3, .L138
ARM GAS  C:\Users\ihavenoK\AppData\Local\Temp\ccLecP1X.s 			page 20


 1104 0036 5868     		ldr	r0, [r3, #4]
 1105 0038 6B46     		mov	r3, sp
 1106 003a 0222     		movs	r2, #2
 1107 003c 1321     		movs	r1, #19
 1108 003e 0078     		ldrb	r0, [r0]	@ zero_extendqisi2
 1109 0040 FFF7FEFF 		bl	IIC1_write
 1110 0044 C0B9     		cbnz	r0, .L135
 1111 0046 0F4B     		ldr	r3, .L138
 1112 0048 5868     		ldr	r0, [r3, #4]
 1113 004a 0DF10203 		add	r3, sp, #2
 1114 004e 0222     		movs	r2, #2
 1115 0050 1521     		movs	r1, #21
 1116 0052 0078     		ldrb	r0, [r0]	@ zero_extendqisi2
 1117 0054 FFF7FEFF 		bl	IIC1_write
 1118 0058 88B9     		cbnz	r0, .L136
 1119 005a 0A4B     		ldr	r3, .L138
 1120 005c 5868     		ldr	r0, [r3, #4]
 1121 005e 01AB     		add	r3, sp, #4
 1122 0060 0222     		movs	r2, #2
 1123 0062 1721     		movs	r1, #23
 1124 0064 0078     		ldrb	r0, [r0]	@ zero_extendqisi2
 1125 0066 FFF7FEFF 		bl	IIC1_write
 1126 006a 0038     		subs	r0, r0, #0
 1127 006c 18BF     		it	ne
 1128 006e 0120     		movne	r0, #1
 1129 0070 4042     		rsbs	r0, r0, #0
 1130              	.L133:
 1131 0072 03B0     		add	sp, sp, #12
 1132              		@ sp needed
 1133 0074 5DF804FB 		ldr	pc, [sp], #4
 1134              	.L135:
 1135 0078 4FF0FF30 		mov	r0, #-1
 1136 007c F9E7     		b	.L133
 1137              	.L136:
 1138 007e 4FF0FF30 		mov	r0, #-1
 1139 0082 F6E7     		b	.L133
 1140              	.L139:
 1141              		.align	2
 1142              	.L138:
 1143 0084 00000000 		.word	st
 1145              		.section	.text.mpu_set_accel_bias_6050_reg,"ax",%progbits
 1146              		.align	1
 1147              		.global	mpu_set_accel_bias_6050_reg
 1148              		.syntax unified
 1149              		.thumb
 1150              		.thumb_func
 1152              	mpu_set_accel_bias_6050_reg:
 1153              		@ args = 0, pretend = 0, frame = 24
 1154              		@ frame_needed = 0, uses_anonymous_args = 0
 1155 0000 10B5     		push	{r4, lr}
 1156 0002 86B0     		sub	sp, sp, #24
 1157 0004 0446     		mov	r4, r0
 1158 0006 0023     		movs	r3, #0
 1159 0008 0493     		str	r3, [sp, #16]
 1160 000a ADF81430 		strh	r3, [sp, #20]	@ movhi
 1161 000e 0193     		str	r3, [sp, #4]
 1162 0010 0293     		str	r3, [sp, #8]
ARM GAS  C:\Users\ihavenoK\AppData\Local\Temp\ccLecP1X.s 			page 21


 1163 0012 0393     		str	r3, [sp, #12]
 1164 0014 01A8     		add	r0, sp, #4
 1165 0016 FFF7FEFF 		bl	mpu_read_6050_accel_bias
 1166 001a 0199     		ldr	r1, [sp, #4]
 1167 001c 029A     		ldr	r2, [sp, #8]
 1168 001e 039B     		ldr	r3, [sp, #12]
 1169 0020 0028     		cmp	r0, #0
 1170 0022 3BD1     		bne	.L142
 1171 0024 2068     		ldr	r0, [r4]
 1172 0026 20F00100 		bic	r0, r0, #1
 1173 002a 091A     		subs	r1, r1, r0
 1174 002c 6068     		ldr	r0, [r4, #4]
 1175 002e 20F00100 		bic	r0, r0, #1
 1176 0032 121A     		subs	r2, r2, r0
 1177 0034 A068     		ldr	r0, [r4, #8]
 1178 0036 20F00100 		bic	r0, r0, #1
 1179 003a 1B1A     		subs	r3, r3, r0
 1180 003c 0812     		asrs	r0, r1, #8
 1181 003e 8DF81000 		strb	r0, [sp, #16]
 1182 0042 8DF81110 		strb	r1, [sp, #17]
 1183 0046 1112     		asrs	r1, r2, #8
 1184 0048 8DF81210 		strb	r1, [sp, #18]
 1185 004c 8DF81320 		strb	r2, [sp, #19]
 1186 0050 1A12     		asrs	r2, r3, #8
 1187 0052 8DF81420 		strb	r2, [sp, #20]
 1188 0056 8DF81530 		strb	r3, [sp, #21]
 1189 005a 154B     		ldr	r3, .L146
 1190 005c 5868     		ldr	r0, [r3, #4]
 1191 005e 04AB     		add	r3, sp, #16
 1192 0060 0222     		movs	r2, #2
 1193 0062 0621     		movs	r1, #6
 1194 0064 0078     		ldrb	r0, [r0]	@ zero_extendqisi2
 1195 0066 FFF7FEFF 		bl	IIC1_write
 1196 006a D0B9     		cbnz	r0, .L143
 1197 006c 104B     		ldr	r3, .L146
 1198 006e 5868     		ldr	r0, [r3, #4]
 1199 0070 0DF11203 		add	r3, sp, #18
 1200 0074 0222     		movs	r2, #2
 1201 0076 0821     		movs	r1, #8
 1202 0078 0078     		ldrb	r0, [r0]	@ zero_extendqisi2
 1203 007a FFF7FEFF 		bl	IIC1_write
 1204 007e 98B9     		cbnz	r0, .L144
 1205 0080 0B4B     		ldr	r3, .L146
 1206 0082 5868     		ldr	r0, [r3, #4]
 1207 0084 05AB     		add	r3, sp, #20
 1208 0086 0222     		movs	r2, #2
 1209 0088 0A21     		movs	r1, #10
 1210 008a 0078     		ldrb	r0, [r0]	@ zero_extendqisi2
 1211 008c FFF7FEFF 		bl	IIC1_write
 1212 0090 0038     		subs	r0, r0, #0
 1213 0092 18BF     		it	ne
 1214 0094 0120     		movne	r0, #1
 1215 0096 4042     		rsbs	r0, r0, #0
 1216              	.L140:
 1217 0098 06B0     		add	sp, sp, #24
 1218              		@ sp needed
 1219 009a 10BD     		pop	{r4, pc}
ARM GAS  C:\Users\ihavenoK\AppData\Local\Temp\ccLecP1X.s 			page 22


 1220              	.L142:
 1221 009c 4FF0FF30 		mov	r0, #-1
 1222 00a0 FAE7     		b	.L140
 1223              	.L143:
 1224 00a2 4FF0FF30 		mov	r0, #-1
 1225 00a6 F7E7     		b	.L140
 1226              	.L144:
 1227 00a8 4FF0FF30 		mov	r0, #-1
 1228 00ac F4E7     		b	.L140
 1229              	.L147:
 1230 00ae 00BF     		.align	2
 1231              	.L146:
 1232 00b0 00000000 		.word	st
 1234              		.section	.text.mpu_set_accel_bias_6500_reg,"ax",%progbits
 1235              		.align	1
 1236              		.global	mpu_set_accel_bias_6500_reg
 1237              		.syntax unified
 1238              		.thumb
 1239              		.thumb_func
 1241              	mpu_set_accel_bias_6500_reg:
 1242              		@ args = 0, pretend = 0, frame = 24
 1243              		@ frame_needed = 0, uses_anonymous_args = 0
 1244 0000 10B5     		push	{r4, lr}
 1245 0002 86B0     		sub	sp, sp, #24
 1246 0004 0446     		mov	r4, r0
 1247 0006 0023     		movs	r3, #0
 1248 0008 0493     		str	r3, [sp, #16]
 1249 000a ADF81430 		strh	r3, [sp, #20]	@ movhi
 1250 000e 0193     		str	r3, [sp, #4]
 1251 0010 0293     		str	r3, [sp, #8]
 1252 0012 0393     		str	r3, [sp, #12]
 1253 0014 01A8     		add	r0, sp, #4
 1254 0016 FFF7FEFF 		bl	mpu_read_6500_accel_bias
 1255 001a 0199     		ldr	r1, [sp, #4]
 1256 001c 029A     		ldr	r2, [sp, #8]
 1257 001e 039B     		ldr	r3, [sp, #12]
 1258 0020 0028     		cmp	r0, #0
 1259 0022 3BD1     		bne	.L150
 1260 0024 2068     		ldr	r0, [r4]
 1261 0026 20F00100 		bic	r0, r0, #1
 1262 002a 091A     		subs	r1, r1, r0
 1263 002c 6068     		ldr	r0, [r4, #4]
 1264 002e 20F00100 		bic	r0, r0, #1
 1265 0032 121A     		subs	r2, r2, r0
 1266 0034 A068     		ldr	r0, [r4, #8]
 1267 0036 20F00100 		bic	r0, r0, #1
 1268 003a 1B1A     		subs	r3, r3, r0
 1269 003c 0812     		asrs	r0, r1, #8
 1270 003e 8DF81000 		strb	r0, [sp, #16]
 1271 0042 8DF81110 		strb	r1, [sp, #17]
 1272 0046 1112     		asrs	r1, r2, #8
 1273 0048 8DF81210 		strb	r1, [sp, #18]
 1274 004c 8DF81320 		strb	r2, [sp, #19]
 1275 0050 1A12     		asrs	r2, r3, #8
 1276 0052 8DF81420 		strb	r2, [sp, #20]
 1277 0056 8DF81530 		strb	r3, [sp, #21]
 1278 005a 154B     		ldr	r3, .L154
ARM GAS  C:\Users\ihavenoK\AppData\Local\Temp\ccLecP1X.s 			page 23


 1279 005c 5868     		ldr	r0, [r3, #4]
 1280 005e 04AB     		add	r3, sp, #16
 1281 0060 0222     		movs	r2, #2
 1282 0062 7721     		movs	r1, #119
 1283 0064 0078     		ldrb	r0, [r0]	@ zero_extendqisi2
 1284 0066 FFF7FEFF 		bl	IIC1_write
 1285 006a D0B9     		cbnz	r0, .L151
 1286 006c 104B     		ldr	r3, .L154
 1287 006e 5868     		ldr	r0, [r3, #4]
 1288 0070 0DF11203 		add	r3, sp, #18
 1289 0074 0222     		movs	r2, #2
 1290 0076 7A21     		movs	r1, #122
 1291 0078 0078     		ldrb	r0, [r0]	@ zero_extendqisi2
 1292 007a FFF7FEFF 		bl	IIC1_write
 1293 007e 98B9     		cbnz	r0, .L152
 1294 0080 0B4B     		ldr	r3, .L154
 1295 0082 5868     		ldr	r0, [r3, #4]
 1296 0084 05AB     		add	r3, sp, #20
 1297 0086 0222     		movs	r2, #2
 1298 0088 7D21     		movs	r1, #125
 1299 008a 0078     		ldrb	r0, [r0]	@ zero_extendqisi2
 1300 008c FFF7FEFF 		bl	IIC1_write
 1301 0090 0038     		subs	r0, r0, #0
 1302 0092 18BF     		it	ne
 1303 0094 0120     		movne	r0, #1
 1304 0096 4042     		rsbs	r0, r0, #0
 1305              	.L148:
 1306 0098 06B0     		add	sp, sp, #24
 1307              		@ sp needed
 1308 009a 10BD     		pop	{r4, pc}
 1309              	.L150:
 1310 009c 4FF0FF30 		mov	r0, #-1
 1311 00a0 FAE7     		b	.L148
 1312              	.L151:
 1313 00a2 4FF0FF30 		mov	r0, #-1
 1314 00a6 F7E7     		b	.L148
 1315              	.L152:
 1316 00a8 4FF0FF30 		mov	r0, #-1
 1317 00ac F4E7     		b	.L148
 1318              	.L155:
 1319 00ae 00BF     		.align	2
 1320              	.L154:
 1321 00b0 00000000 		.word	st
 1323              		.section	.text.mpu_reset_fifo,"ax",%progbits
 1324              		.align	1
 1325              		.global	mpu_reset_fifo
 1326              		.syntax unified
 1327              		.thumb
 1328              		.thumb_func
 1330              	mpu_reset_fifo:
 1331              		@ args = 0, pretend = 0, frame = 8
 1332              		@ frame_needed = 0, uses_anonymous_args = 0
 1333 0000 794B     		ldr	r3, .L177
 1334 0002 9B7A     		ldrb	r3, [r3, #10]	@ zero_extendqisi2
 1335 0004 002B     		cmp	r3, #0
 1336 0006 00F0D080 		beq	.L161
 1337 000a 00B5     		push	{lr}
ARM GAS  C:\Users\ihavenoK\AppData\Local\Temp\ccLecP1X.s 			page 24


 1338 000c 83B0     		sub	sp, sp, #12
 1339 000e 0023     		movs	r3, #0
 1340 0010 8DF80730 		strb	r3, [sp, #7]
 1341 0014 744B     		ldr	r3, .L177
 1342 0016 1968     		ldr	r1, [r3]
 1343 0018 5868     		ldr	r0, [r3, #4]
 1344 001a 0DF10703 		add	r3, sp, #7
 1345 001e 0122     		movs	r2, #1
 1346 0020 497C     		ldrb	r1, [r1, #17]	@ zero_extendqisi2
 1347 0022 0078     		ldrb	r0, [r0]	@ zero_extendqisi2
 1348 0024 FFF7FEFF 		bl	IIC1_write
 1349 0028 0028     		cmp	r0, #0
 1350 002a 40F0C180 		bne	.L162
 1351 002e 6E4B     		ldr	r3, .L177
 1352 0030 1968     		ldr	r1, [r3]
 1353 0032 5868     		ldr	r0, [r3, #4]
 1354 0034 0DF10703 		add	r3, sp, #7
 1355 0038 0122     		movs	r2, #1
 1356 003a 4979     		ldrb	r1, [r1, #5]	@ zero_extendqisi2
 1357 003c 0078     		ldrb	r0, [r0]	@ zero_extendqisi2
 1358 003e FFF7FEFF 		bl	IIC1_write
 1359 0042 0028     		cmp	r0, #0
 1360 0044 40F0B780 		bne	.L163
 1361 0048 674B     		ldr	r3, .L177
 1362 004a 1968     		ldr	r1, [r3]
 1363 004c 5868     		ldr	r0, [r3, #4]
 1364 004e 0DF10703 		add	r3, sp, #7
 1365 0052 0122     		movs	r2, #1
 1366 0054 0979     		ldrb	r1, [r1, #4]	@ zero_extendqisi2
 1367 0056 0078     		ldrb	r0, [r0]	@ zero_extendqisi2
 1368 0058 FFF7FEFF 		bl	IIC1_write
 1369 005c 0028     		cmp	r0, #0
 1370 005e 40F0AD80 		bne	.L164
 1371 0062 614B     		ldr	r3, .L177
 1372 0064 93F82430 		ldrb	r3, [r3, #36]	@ zero_extendqisi2
 1373 0068 002B     		cmp	r3, #0
 1374 006a 51D0     		beq	.L158
 1375 006c 0C23     		movs	r3, #12
 1376 006e 8DF80730 		strb	r3, [sp, #7]
 1377 0072 5D4B     		ldr	r3, .L177
 1378 0074 1968     		ldr	r1, [r3]
 1379 0076 5868     		ldr	r0, [r3, #4]
 1380 0078 0DF10703 		add	r3, sp, #7
 1381 007c 0122     		movs	r2, #1
 1382 007e 0979     		ldrb	r1, [r1, #4]	@ zero_extendqisi2
 1383 0080 0078     		ldrb	r0, [r0]	@ zero_extendqisi2
 1384 0082 FFF7FEFF 		bl	IIC1_write
 1385 0086 0028     		cmp	r0, #0
 1386 0088 40F09B80 		bne	.L165
 1387 008c 3220     		movs	r0, #50
 1388 008e FFF7FEFF 		bl	Delay_ms
 1389 0092 C023     		movs	r3, #192
 1390 0094 8DF80730 		strb	r3, [sp, #7]
 1391 0098 534B     		ldr	r3, .L177
 1392 009a 9B7A     		ldrb	r3, [r3, #10]	@ zero_extendqisi2
 1393 009c 13F0010F 		tst	r3, #1
 1394 00a0 1CBF     		itt	ne
ARM GAS  C:\Users\ihavenoK\AppData\Local\Temp\ccLecP1X.s 			page 25


 1395 00a2 E023     		movne	r3, #224
 1396 00a4 8DF80730 		strbne	r3, [sp, #7]
 1397 00a8 4F4B     		ldr	r3, .L177
 1398 00aa 1968     		ldr	r1, [r3]
 1399 00ac 5868     		ldr	r0, [r3, #4]
 1400 00ae 0DF10703 		add	r3, sp, #7
 1401 00b2 0122     		movs	r2, #1
 1402 00b4 0979     		ldrb	r1, [r1, #4]	@ zero_extendqisi2
 1403 00b6 0078     		ldrb	r0, [r0]	@ zero_extendqisi2
 1404 00b8 FFF7FEFF 		bl	IIC1_write
 1405 00bc 0028     		cmp	r0, #0
 1406 00be 40F08380 		bne	.L166
 1407 00c2 494A     		ldr	r2, .L177
 1408 00c4 537C     		ldrb	r3, [r2, #17]	@ zero_extendqisi2
 1409 00c6 003B     		subs	r3, r3, #0
 1410 00c8 18BF     		it	ne
 1411 00ca 0123     		movne	r3, #1
 1412 00cc 5B00     		lsls	r3, r3, #1
 1413 00ce 8DF80730 		strb	r3, [sp, #7]
 1414 00d2 1168     		ldr	r1, [r2]
 1415 00d4 5068     		ldr	r0, [r2, #4]
 1416 00d6 0DF10703 		add	r3, sp, #7
 1417 00da 0122     		movs	r2, #1
 1418 00dc 497C     		ldrb	r1, [r1, #17]	@ zero_extendqisi2
 1419 00de 0078     		ldrb	r0, [r0]	@ zero_extendqisi2
 1420 00e0 FFF7FEFF 		bl	IIC1_write
 1421 00e4 0028     		cmp	r0, #0
 1422 00e6 72D1     		bne	.L167
 1423 00e8 0023     		movs	r3, #0
 1424 00ea 8DF80730 		strb	r3, [sp, #7]
 1425 00ee 3E4B     		ldr	r3, .L177
 1426 00f0 1968     		ldr	r1, [r3]
 1427 00f2 5868     		ldr	r0, [r3, #4]
 1428 00f4 0DF10703 		add	r3, sp, #7
 1429 00f8 0122     		movs	r2, #1
 1430 00fa 4979     		ldrb	r1, [r1, #5]	@ zero_extendqisi2
 1431 00fc 0078     		ldrb	r0, [r0]	@ zero_extendqisi2
 1432 00fe FFF7FEFF 		bl	IIC1_write
 1433 0102 0038     		subs	r0, r0, #0
 1434 0104 18BF     		it	ne
 1435 0106 0120     		movne	r0, #1
 1436 0108 4042     		rsbs	r0, r0, #0
 1437              	.L156:
 1438 010a 03B0     		add	sp, sp, #12
 1439              		@ sp needed
 1440 010c 5DF804FB 		ldr	pc, [sp], #4
 1441              	.L158:
 1442 0110 0423     		movs	r3, #4
 1443 0112 8DF80730 		strb	r3, [sp, #7]
 1444 0116 344B     		ldr	r3, .L177
 1445 0118 1968     		ldr	r1, [r3]
 1446 011a 5868     		ldr	r0, [r3, #4]
 1447 011c 0DF10703 		add	r3, sp, #7
 1448 0120 0122     		movs	r2, #1
 1449 0122 0979     		ldrb	r1, [r1, #4]	@ zero_extendqisi2
 1450 0124 0078     		ldrb	r0, [r0]	@ zero_extendqisi2
 1451 0126 FFF7FEFF 		bl	IIC1_write
ARM GAS  C:\Users\ihavenoK\AppData\Local\Temp\ccLecP1X.s 			page 26


 1452 012a 0028     		cmp	r0, #0
 1453 012c 52D1     		bne	.L168
 1454 012e 2E4B     		ldr	r3, .L177
 1455 0130 9B7C     		ldrb	r3, [r3, #18]	@ zero_extendqisi2
 1456 0132 002B     		cmp	r3, #0
 1457 0134 37D1     		bne	.L169
 1458 0136 2C4B     		ldr	r3, .L177
 1459 0138 9B7A     		ldrb	r3, [r3, #10]	@ zero_extendqisi2
 1460 013a 13F0010F 		tst	r3, #1
 1461 013e 14BF     		ite	ne
 1462 0140 6023     		movne	r3, #96
 1463 0142 4023     		moveq	r3, #64
 1464              	.L160:
 1465 0144 8DF80730 		strb	r3, [sp, #7]
 1466 0148 274B     		ldr	r3, .L177
 1467 014a 1968     		ldr	r1, [r3]
 1468 014c 5868     		ldr	r0, [r3, #4]
 1469 014e 0DF10703 		add	r3, sp, #7
 1470 0152 0122     		movs	r2, #1
 1471 0154 0979     		ldrb	r1, [r1, #4]	@ zero_extendqisi2
 1472 0156 0078     		ldrb	r0, [r0]	@ zero_extendqisi2
 1473 0158 FFF7FEFF 		bl	IIC1_write
 1474 015c 0028     		cmp	r0, #0
 1475 015e 3CD1     		bne	.L171
 1476 0160 3220     		movs	r0, #50
 1477 0162 FFF7FEFF 		bl	Delay_ms
 1478 0166 204B     		ldr	r3, .L177
 1479 0168 5A7C     		ldrb	r2, [r3, #17]	@ zero_extendqisi2
 1480 016a 003A     		subs	r2, r2, #0
 1481 016c 18BF     		it	ne
 1482 016e 0122     		movne	r2, #1
 1483 0170 8DF80720 		strb	r2, [sp, #7]
 1484 0174 1968     		ldr	r1, [r3]
 1485 0176 5868     		ldr	r0, [r3, #4]
 1486 0178 0DF10703 		add	r3, sp, #7
 1487 017c 0122     		movs	r2, #1
 1488 017e 497C     		ldrb	r1, [r1, #17]	@ zero_extendqisi2
 1489 0180 0078     		ldrb	r0, [r0]	@ zero_extendqisi2
 1490 0182 FFF7FEFF 		bl	IIC1_write
 1491 0186 58BB     		cbnz	r0, .L172
 1492 0188 184B     		ldr	r3, .L177+4
 1493 018a 53F8101C 		ldr	r1, [r3, #-16]
 1494 018e 53F80C0C 		ldr	r0, [r3, #-12]
 1495 0192 0122     		movs	r2, #1
 1496 0194 4979     		ldrb	r1, [r1, #5]	@ zero_extendqisi2
 1497 0196 0078     		ldrb	r0, [r0]	@ zero_extendqisi2
 1498 0198 FFF7FEFF 		bl	IIC1_write
 1499 019c 0038     		subs	r0, r0, #0
 1500 019e 18BF     		it	ne
 1501 01a0 0120     		movne	r0, #1
 1502 01a2 4042     		rsbs	r0, r0, #0
 1503 01a4 B1E7     		b	.L156
 1504              	.L169:
 1505 01a6 4023     		movs	r3, #64
 1506 01a8 CCE7     		b	.L160
 1507              	.L161:
 1508 01aa 4FF0FF30 		mov	r0, #-1
ARM GAS  C:\Users\ihavenoK\AppData\Local\Temp\ccLecP1X.s 			page 27


 1509 01ae 7047     		bx	lr
 1510              	.L162:
 1511 01b0 4FF0FF30 		mov	r0, #-1
 1512 01b4 A9E7     		b	.L156
 1513              	.L163:
 1514 01b6 4FF0FF30 		mov	r0, #-1
 1515 01ba A6E7     		b	.L156
 1516              	.L164:
 1517 01bc 4FF0FF30 		mov	r0, #-1
 1518 01c0 A3E7     		b	.L156
 1519              	.L165:
 1520 01c2 4FF0FF30 		mov	r0, #-1
 1521 01c6 A0E7     		b	.L156
 1522              	.L166:
 1523 01c8 4FF0FF30 		mov	r0, #-1
 1524 01cc 9DE7     		b	.L156
 1525              	.L167:
 1526 01ce 4FF0FF30 		mov	r0, #-1
 1527 01d2 9AE7     		b	.L156
 1528              	.L168:
 1529 01d4 4FF0FF30 		mov	r0, #-1
 1530 01d8 97E7     		b	.L156
 1531              	.L171:
 1532 01da 4FF0FF30 		mov	r0, #-1
 1533 01de 94E7     		b	.L156
 1534              	.L172:
 1535 01e0 4FF0FF30 		mov	r0, #-1
 1536 01e4 91E7     		b	.L156
 1537              	.L178:
 1538 01e6 00BF     		.align	2
 1539              	.L177:
 1540 01e8 00000000 		.word	st
 1541 01ec 10000000 		.word	st+16
 1543              		.section	.text.mpu_get_gyro_fsr,"ax",%progbits
 1544              		.align	1
 1545              		.global	mpu_get_gyro_fsr
 1546              		.syntax unified
 1547              		.thumb
 1548              		.thumb_func
 1550              	mpu_get_gyro_fsr:
 1551              		@ args = 0, pretend = 0, frame = 0
 1552              		@ frame_needed = 0, uses_anonymous_args = 0
 1553              		@ link register save eliminated.
 1554 0000 0B4B     		ldr	r3, .L187
 1555 0002 1B7A     		ldrb	r3, [r3, #8]	@ zero_extendqisi2
 1556 0004 032B     		cmp	r3, #3
 1557 0006 0ED8     		bhi	.L180
 1558 0008 DFE803F0 		tbb	[pc, r3]
 1559              	.L182:
 1560 000c 0F       		.byte	(.L186-.L182)/2
 1561 000d 02       		.byte	(.L184-.L182)/2
 1562 000e 07       		.byte	(.L183-.L182)/2
 1563 000f 0A       		.byte	(.L181-.L182)/2
 1564              		.p2align 1
 1565              	.L184:
 1566 0010 4FF4FA73 		mov	r3, #500
 1567              	.L185:
ARM GAS  C:\Users\ihavenoK\AppData\Local\Temp\ccLecP1X.s 			page 28


 1568 0014 0380     		strh	r3, [r0]	@ movhi
 1569 0016 0020     		movs	r0, #0
 1570 0018 7047     		bx	lr
 1571              	.L183:
 1572 001a 4FF47A73 		mov	r3, #1000
 1573 001e F9E7     		b	.L185
 1574              	.L181:
 1575 0020 4FF4FA63 		mov	r3, #2000
 1576 0024 F6E7     		b	.L185
 1577              	.L180:
 1578 0026 0023     		movs	r3, #0
 1579 0028 F4E7     		b	.L185
 1580              	.L186:
 1581 002a FA23     		movs	r3, #250
 1582 002c F2E7     		b	.L185
 1583              	.L188:
 1584 002e 00BF     		.align	2
 1585              	.L187:
 1586 0030 00000000 		.word	st
 1588              		.section	.text.mpu_set_gyro_fsr,"ax",%progbits
 1589              		.align	1
 1590              		.global	mpu_set_gyro_fsr
 1591              		.syntax unified
 1592              		.thumb
 1593              		.thumb_func
 1595              	mpu_set_gyro_fsr:
 1596              		@ args = 0, pretend = 0, frame = 8
 1597              		@ frame_needed = 0, uses_anonymous_args = 0
 1598 0000 1F4B     		ldr	r3, .L204
 1599 0002 9B7A     		ldrb	r3, [r3, #10]	@ zero_extendqisi2
 1600 0004 8BB3     		cbz	r3, .L193
 1601 0006 B0F57A7F 		cmp	r0, #1000
 1602 000a 0FD0     		beq	.L194
 1603 000c 09D8     		bhi	.L192
 1604 000e FA28     		cmp	r0, #250
 1605 0010 29D0     		beq	.L195
 1606 0012 B0F5FA7F 		cmp	r0, #500
 1607 0016 01D1     		bne	.L203
 1608 0018 0823     		movs	r3, #8
 1609 001a 08E0     		b	.L191
 1610              	.L203:
 1611 001c 4FF0FF30 		mov	r0, #-1
 1612 0020 7047     		bx	lr
 1613              	.L192:
 1614 0022 B0F5FA6F 		cmp	r0, #2000
 1615 0026 23D1     		bne	.L197
 1616 0028 1823     		movs	r3, #24
 1617 002a 00E0     		b	.L191
 1618              	.L194:
 1619 002c 1023     		movs	r3, #16
 1620              	.L191:
 1621 002e 00B5     		push	{lr}
 1622 0030 83B0     		sub	sp, sp, #12
 1623 0032 8DF80730 		strb	r3, [sp, #7]
 1624 0036 124A     		ldr	r2, .L204
 1625 0038 127A     		ldrb	r2, [r2, #8]	@ zero_extendqisi2
 1626 003a B2EBD30F 		cmp	r2, r3, lsr #3
ARM GAS  C:\Users\ihavenoK\AppData\Local\Temp\ccLecP1X.s 			page 29


 1627 003e 1AD0     		beq	.L198
 1628 0040 0F4B     		ldr	r3, .L204
 1629 0042 1968     		ldr	r1, [r3]
 1630 0044 5868     		ldr	r0, [r3, #4]
 1631 0046 0DF10703 		add	r3, sp, #7
 1632 004a 0122     		movs	r2, #1
 1633 004c 8979     		ldrb	r1, [r1, #6]	@ zero_extendqisi2
 1634 004e 0078     		ldrb	r0, [r0]	@ zero_extendqisi2
 1635 0050 FFF7FEFF 		bl	IIC1_write
 1636 0054 88B9     		cbnz	r0, .L199
 1637 0056 9DF80730 		ldrb	r3, [sp, #7]	@ zero_extendqisi2
 1638 005a DB08     		lsrs	r3, r3, #3
 1639 005c 084A     		ldr	r2, .L204
 1640 005e 1372     		strb	r3, [r2, #8]
 1641              	.L189:
 1642 0060 03B0     		add	sp, sp, #12
 1643              		@ sp needed
 1644 0062 5DF804FB 		ldr	pc, [sp], #4
 1645              	.L195:
 1646 0066 0023     		movs	r3, #0
 1647 0068 E1E7     		b	.L191
 1648              	.L193:
 1649 006a 4FF0FF30 		mov	r0, #-1
 1650 006e 7047     		bx	lr
 1651              	.L197:
 1652 0070 4FF0FF30 		mov	r0, #-1
 1653 0074 7047     		bx	lr
 1654              	.L198:
 1655 0076 0020     		movs	r0, #0
 1656 0078 F2E7     		b	.L189
 1657              	.L199:
 1658 007a 4FF0FF30 		mov	r0, #-1
 1659 007e EFE7     		b	.L189
 1660              	.L205:
 1661              		.align	2
 1662              	.L204:
 1663 0080 00000000 		.word	st
 1665              		.section	.text.mpu_get_accel_fsr,"ax",%progbits
 1666              		.align	1
 1667              		.global	mpu_get_accel_fsr
 1668              		.syntax unified
 1669              		.thumb
 1670              		.thumb_func
 1672              	mpu_get_accel_fsr:
 1673              		@ args = 0, pretend = 0, frame = 0
 1674              		@ frame_needed = 0, uses_anonymous_args = 0
 1675              		@ link register save eliminated.
 1676 0000 0D4B     		ldr	r3, .L216
 1677 0002 5B7A     		ldrb	r3, [r3, #9]	@ zero_extendqisi2
 1678 0004 032B     		cmp	r3, #3
 1679 0006 12D8     		bhi	.L213
 1680 0008 DFE803F0 		tbb	[pc, r3]
 1681              	.L209:
 1682 000c 0F       		.byte	(.L214-.L209)/2
 1683 000d 02       		.byte	(.L211-.L209)/2
 1684 000e 0B       		.byte	(.L210-.L209)/2
 1685 000f 0D       		.byte	(.L208-.L209)/2
ARM GAS  C:\Users\ihavenoK\AppData\Local\Temp\ccLecP1X.s 			page 30


 1686              		.p2align 1
 1687              	.L211:
 1688 0010 0423     		movs	r3, #4
 1689              	.L212:
 1690 0012 0370     		strb	r3, [r0]
 1691 0014 084A     		ldr	r2, .L216
 1692 0016 D27C     		ldrb	r2, [r2, #19]	@ zero_extendqisi2
 1693 0018 62B1     		cbz	r2, .L215
 1694 001a 5B00     		lsls	r3, r3, #1
 1695 001c 0370     		strb	r3, [r0]
 1696 001e 0020     		movs	r0, #0
 1697 0020 7047     		bx	lr
 1698              	.L210:
 1699 0022 0823     		movs	r3, #8
 1700 0024 F5E7     		b	.L212
 1701              	.L208:
 1702 0026 1023     		movs	r3, #16
 1703 0028 F3E7     		b	.L212
 1704              	.L214:
 1705 002a 0223     		movs	r3, #2
 1706 002c F1E7     		b	.L212
 1707              	.L213:
 1708 002e 4FF0FF30 		mov	r0, #-1
 1709 0032 7047     		bx	lr
 1710              	.L215:
 1711 0034 0020     		movs	r0, #0
 1712 0036 7047     		bx	lr
 1713              	.L217:
 1714              		.align	2
 1715              	.L216:
 1716 0038 00000000 		.word	st
 1718              		.section	.text.mpu_set_accel_fsr,"ax",%progbits
 1719              		.align	1
 1720              		.global	mpu_set_accel_fsr
 1721              		.syntax unified
 1722              		.thumb
 1723              		.thumb_func
 1725              	mpu_set_accel_fsr:
 1726              		@ args = 0, pretend = 0, frame = 8
 1727              		@ frame_needed = 0, uses_anonymous_args = 0
 1728 0000 1E4B     		ldr	r3, .L233
 1729 0002 9B7A     		ldrb	r3, [r3, #10]	@ zero_extendqisi2
 1730 0004 7BB3     		cbz	r3, .L225
 1731 0006 0238     		subs	r0, r0, #2
 1732 0008 0E28     		cmp	r0, #14
 1733 000a 2FD8     		bhi	.L226
 1734 000c DFE800F0 		tbb	[pc, r0]
 1735              	.L221:
 1736 0010 29       		.byte	(.L227-.L221)/2
 1737 0011 2E       		.byte	(.L226-.L221)/2
 1738 0012 08       		.byte	(.L223-.L221)/2
 1739 0013 2E       		.byte	(.L226-.L221)/2
 1740 0014 2E       		.byte	(.L226-.L221)/2
 1741 0015 2E       		.byte	(.L226-.L221)/2
 1742 0016 0A       		.byte	(.L222-.L221)/2
 1743 0017 2E       		.byte	(.L226-.L221)/2
 1744 0018 2E       		.byte	(.L226-.L221)/2
ARM GAS  C:\Users\ihavenoK\AppData\Local\Temp\ccLecP1X.s 			page 31


 1745 0019 2E       		.byte	(.L226-.L221)/2
 1746 001a 2E       		.byte	(.L226-.L221)/2
 1747 001b 2E       		.byte	(.L226-.L221)/2
 1748 001c 2E       		.byte	(.L226-.L221)/2
 1749 001d 2E       		.byte	(.L226-.L221)/2
 1750 001e 27       		.byte	(.L220-.L221)/2
 1751 001f 00       		.p2align 1
 1752              	.L223:
 1753 0020 0823     		movs	r3, #8
 1754 0022 00E0     		b	.L224
 1755              	.L222:
 1756 0024 1023     		movs	r3, #16
 1757              	.L224:
 1758 0026 00B5     		push	{lr}
 1759 0028 83B0     		sub	sp, sp, #12
 1760 002a 8DF80730 		strb	r3, [sp, #7]
 1761 002e 134A     		ldr	r2, .L233
 1762 0030 527A     		ldrb	r2, [r2, #9]	@ zero_extendqisi2
 1763 0032 B2EBD30F 		cmp	r2, r3, lsr #3
 1764 0036 1CD0     		beq	.L228
 1765 0038 104B     		ldr	r3, .L233
 1766 003a 1968     		ldr	r1, [r3]
 1767 003c 5868     		ldr	r0, [r3, #4]
 1768 003e 0DF10703 		add	r3, sp, #7
 1769 0042 0122     		movs	r2, #1
 1770 0044 C979     		ldrb	r1, [r1, #7]	@ zero_extendqisi2
 1771 0046 0078     		ldrb	r0, [r0]	@ zero_extendqisi2
 1772 0048 FFF7FEFF 		bl	IIC1_write
 1773 004c 98B9     		cbnz	r0, .L229
 1774 004e 9DF80730 		ldrb	r3, [sp, #7]	@ zero_extendqisi2
 1775 0052 DB08     		lsrs	r3, r3, #3
 1776 0054 094A     		ldr	r2, .L233
 1777 0056 5372     		strb	r3, [r2, #9]
 1778              	.L218:
 1779 0058 03B0     		add	sp, sp, #12
 1780              		@ sp needed
 1781 005a 5DF804FB 		ldr	pc, [sp], #4
 1782              	.L220:
 1783 005e 1823     		movs	r3, #24
 1784 0060 E1E7     		b	.L224
 1785              	.L227:
 1786 0062 0023     		movs	r3, #0
 1787 0064 DFE7     		b	.L224
 1788              	.L225:
 1789 0066 4FF0FF30 		mov	r0, #-1
 1790 006a 7047     		bx	lr
 1791              	.L226:
 1792 006c 4FF0FF30 		mov	r0, #-1
 1793 0070 7047     		bx	lr
 1794              	.L228:
 1795 0072 0020     		movs	r0, #0
 1796 0074 F0E7     		b	.L218
 1797              	.L229:
 1798 0076 4FF0FF30 		mov	r0, #-1
 1799 007a EDE7     		b	.L218
 1800              	.L234:
 1801              		.align	2
ARM GAS  C:\Users\ihavenoK\AppData\Local\Temp\ccLecP1X.s 			page 32


 1802              	.L233:
 1803 007c 00000000 		.word	st
 1805              		.section	.text.mpu_get_lpf,"ax",%progbits
 1806              		.align	1
 1807              		.global	mpu_get_lpf
 1808              		.syntax unified
 1809              		.thumb
 1810              		.thumb_func
 1812              	mpu_get_lpf:
 1813              		@ args = 0, pretend = 0, frame = 0
 1814              		@ frame_needed = 0, uses_anonymous_args = 0
 1815              		@ link register save eliminated.
 1816 0000 0C4B     		ldr	r3, .L245
 1817 0002 DB7A     		ldrb	r3, [r3, #11]	@ zero_extendqisi2
 1818 0004 013B     		subs	r3, r3, #1
 1819 0006 052B     		cmp	r3, #5
 1820 0008 10D8     		bhi	.L236
 1821 000a DFE803F0 		tbb	[pc, r3]
 1822              	.L238:
 1823 000e 11       		.byte	(.L244-.L238)/2
 1824 000f 03       		.byte	(.L242-.L238)/2
 1825 0010 07       		.byte	(.L241-.L238)/2
 1826 0011 09       		.byte	(.L240-.L238)/2
 1827 0012 0B       		.byte	(.L239-.L238)/2
 1828 0013 0D       		.byte	(.L237-.L238)/2
 1829              		.p2align 1
 1830              	.L242:
 1831 0014 6223     		movs	r3, #98
 1832              	.L243:
 1833 0016 0380     		strh	r3, [r0]	@ movhi
 1834 0018 0020     		movs	r0, #0
 1835 001a 7047     		bx	lr
 1836              	.L241:
 1837 001c 2A23     		movs	r3, #42
 1838 001e FAE7     		b	.L243
 1839              	.L240:
 1840 0020 1423     		movs	r3, #20
 1841 0022 F8E7     		b	.L243
 1842              	.L239:
 1843 0024 0A23     		movs	r3, #10
 1844 0026 F6E7     		b	.L243
 1845              	.L237:
 1846 0028 0523     		movs	r3, #5
 1847 002a F4E7     		b	.L243
 1848              	.L236:
 1849 002c 0023     		movs	r3, #0
 1850 002e F2E7     		b	.L243
 1851              	.L244:
 1852 0030 BC23     		movs	r3, #188
 1853 0032 F0E7     		b	.L243
 1854              	.L246:
 1855              		.align	2
 1856              	.L245:
 1857 0034 00000000 		.word	st
 1859              		.section	.text.mpu_set_lpf,"ax",%progbits
 1860              		.align	1
 1861              		.global	mpu_set_lpf
ARM GAS  C:\Users\ihavenoK\AppData\Local\Temp\ccLecP1X.s 			page 33


 1862              		.syntax unified
 1863              		.thumb
 1864              		.thumb_func
 1866              	mpu_set_lpf:
 1867              		@ args = 0, pretend = 0, frame = 8
 1868              		@ frame_needed = 0, uses_anonymous_args = 0
 1869 0000 1C4B     		ldr	r3, .L262
 1870 0002 9B7A     		ldrb	r3, [r3, #10]	@ zero_extendqisi2
 1871 0004 6BB3     		cbz	r3, .L250
 1872 0006 00B5     		push	{lr}
 1873 0008 83B0     		sub	sp, sp, #12
 1874 000a BB28     		cmp	r0, #187
 1875 000c 0AD8     		bhi	.L251
 1876 000e 6128     		cmp	r0, #97
 1877 0010 21D8     		bhi	.L252
 1878 0012 2928     		cmp	r0, #41
 1879 0014 21D8     		bhi	.L253
 1880 0016 1328     		cmp	r0, #19
 1881 0018 21D8     		bhi	.L254
 1882 001a 0928     		cmp	r0, #9
 1883 001c 8CBF     		ite	hi
 1884 001e 0523     		movhi	r3, #5
 1885 0020 0623     		movls	r3, #6
 1886 0022 00E0     		b	.L249
 1887              	.L251:
 1888 0024 0123     		movs	r3, #1
 1889              	.L249:
 1890 0026 8DF80730 		strb	r3, [sp, #7]
 1891 002a 124A     		ldr	r2, .L262
 1892 002c D27A     		ldrb	r2, [r2, #11]	@ zero_extendqisi2
 1893 002e 9A42     		cmp	r2, r3
 1894 0030 1AD0     		beq	.L256
 1895 0032 104B     		ldr	r3, .L262
 1896 0034 1968     		ldr	r1, [r3]
 1897 0036 5868     		ldr	r0, [r3, #4]
 1898 0038 0DF10703 		add	r3, sp, #7
 1899 003c 0122     		movs	r2, #1
 1900 003e 8978     		ldrb	r1, [r1, #2]	@ zero_extendqisi2
 1901 0040 0078     		ldrb	r0, [r0]	@ zero_extendqisi2
 1902 0042 FFF7FEFF 		bl	IIC1_write
 1903 0046 88B9     		cbnz	r0, .L257
 1904 0048 9DF80720 		ldrb	r2, [sp, #7]	@ zero_extendqisi2
 1905 004c 094B     		ldr	r3, .L262
 1906 004e DA72     		strb	r2, [r3, #11]
 1907              	.L247:
 1908 0050 03B0     		add	sp, sp, #12
 1909              		@ sp needed
 1910 0052 5DF804FB 		ldr	pc, [sp], #4
 1911              	.L252:
 1912 0056 0223     		movs	r3, #2
 1913 0058 E5E7     		b	.L249
 1914              	.L253:
 1915 005a 0323     		movs	r3, #3
 1916 005c E3E7     		b	.L249
 1917              	.L254:
 1918 005e 0423     		movs	r3, #4
 1919 0060 E1E7     		b	.L249
ARM GAS  C:\Users\ihavenoK\AppData\Local\Temp\ccLecP1X.s 			page 34


 1920              	.L250:
 1921 0062 4FF0FF30 		mov	r0, #-1
 1922 0066 7047     		bx	lr
 1923              	.L256:
 1924 0068 0020     		movs	r0, #0
 1925 006a F1E7     		b	.L247
 1926              	.L257:
 1927 006c 4FF0FF30 		mov	r0, #-1
 1928 0070 EEE7     		b	.L247
 1929              	.L263:
 1930 0072 00BF     		.align	2
 1931              	.L262:
 1932 0074 00000000 		.word	st
 1934              		.section	.text.mpu_get_sample_rate,"ax",%progbits
 1935              		.align	1
 1936              		.global	mpu_get_sample_rate
 1937              		.syntax unified
 1938              		.thumb
 1939              		.thumb_func
 1941              	mpu_get_sample_rate:
 1942              		@ args = 0, pretend = 0, frame = 0
 1943              		@ frame_needed = 0, uses_anonymous_args = 0
 1944              		@ link register save eliminated.
 1945 0000 054B     		ldr	r3, .L267
 1946 0002 93F82430 		ldrb	r3, [r3, #36]	@ zero_extendqisi2
 1947 0006 23B9     		cbnz	r3, .L266
 1948 0008 034B     		ldr	r3, .L267
 1949 000a DB89     		ldrh	r3, [r3, #14]
 1950 000c 0380     		strh	r3, [r0]	@ movhi
 1951 000e 0020     		movs	r0, #0
 1952 0010 7047     		bx	lr
 1953              	.L266:
 1954 0012 4FF0FF30 		mov	r0, #-1
 1955 0016 7047     		bx	lr
 1956              	.L268:
 1957              		.align	2
 1958              	.L267:
 1959 0018 00000000 		.word	st
 1961              		.section	.text.mpu_get_compass_sample_rate,"ax",%progbits
 1962              		.align	1
 1963              		.global	mpu_get_compass_sample_rate
 1964              		.syntax unified
 1965              		.thumb
 1966              		.thumb_func
 1968              	mpu_get_compass_sample_rate:
 1969              		@ args = 0, pretend = 0, frame = 0
 1970              		@ frame_needed = 0, uses_anonymous_args = 0
 1971              		@ link register save eliminated.
 1972 0000 0023     		movs	r3, #0
 1973 0002 0380     		strh	r3, [r0]	@ movhi
 1974 0004 4FF0FF30 		mov	r0, #-1
 1975 0008 7047     		bx	lr
 1977              		.section	.text.mpu_set_compass_sample_rate,"ax",%progbits
 1978              		.align	1
 1979              		.global	mpu_set_compass_sample_rate
 1980              		.syntax unified
 1981              		.thumb
ARM GAS  C:\Users\ihavenoK\AppData\Local\Temp\ccLecP1X.s 			page 35


 1982              		.thumb_func
 1984              	mpu_set_compass_sample_rate:
 1985              		@ args = 0, pretend = 0, frame = 0
 1986              		@ frame_needed = 0, uses_anonymous_args = 0
 1987              		@ link register save eliminated.
 1988 0000 4FF0FF30 		mov	r0, #-1
 1989 0004 7047     		bx	lr
 1991              		.section	.text.mpu_get_gyro_sens,"ax",%progbits
 1992              		.align	1
 1993              		.global	mpu_get_gyro_sens
 1994              		.syntax unified
 1995              		.thumb
 1996              		.thumb_func
 1998              	mpu_get_gyro_sens:
 1999              		@ args = 0, pretend = 0, frame = 0
 2000              		@ frame_needed = 0, uses_anonymous_args = 0
 2001              		@ link register save eliminated.
 2002 0000 0D4B     		ldr	r3, .L279
 2003 0002 1B7A     		ldrb	r3, [r3, #8]	@ zero_extendqisi2
 2004 0004 032B     		cmp	r3, #3
 2005 0006 13D8     		bhi	.L278
 2006 0008 DFE803F0 		tbb	[pc, r3]
 2007              	.L274:
 2008 000c 02       		.byte	(.L277-.L274)/2
 2009 000d 06       		.byte	(.L276-.L274)/2
 2010 000e 0A       		.byte	(.L275-.L274)/2
 2011 000f 0E       		.byte	(.L273-.L274)/2
 2012              		.p2align 1
 2013              	.L277:
 2014 0010 0A4B     		ldr	r3, .L279+4
 2015 0012 0360     		str	r3, [r0]	@ float
 2016 0014 0020     		movs	r0, #0
 2017 0016 7047     		bx	lr
 2018              	.L276:
 2019 0018 094B     		ldr	r3, .L279+8
 2020 001a 0360     		str	r3, [r0]	@ float
 2021 001c 0020     		movs	r0, #0
 2022 001e 7047     		bx	lr
 2023              	.L275:
 2024 0020 084B     		ldr	r3, .L279+12
 2025 0022 0360     		str	r3, [r0]	@ float
 2026 0024 0020     		movs	r0, #0
 2027 0026 7047     		bx	lr
 2028              	.L273:
 2029 0028 074B     		ldr	r3, .L279+16
 2030 002a 0360     		str	r3, [r0]	@ float
 2031 002c 0020     		movs	r0, #0
 2032 002e 7047     		bx	lr
 2033              	.L278:
 2034 0030 4FF0FF30 		mov	r0, #-1
 2035 0034 7047     		bx	lr
 2036              	.L280:
 2037 0036 00BF     		.align	2
 2038              	.L279:
 2039 0038 00000000 		.word	st
 2040 003c 00000343 		.word	1124270080
 2041 0040 00008342 		.word	1115881472
ARM GAS  C:\Users\ihavenoK\AppData\Local\Temp\ccLecP1X.s 			page 36


 2042 0044 33330342 		.word	1107505971
 2043 0048 33338341 		.word	1099117363
 2045              		.section	.text.mpu_get_accel_sens,"ax",%progbits
 2046              		.align	1
 2047              		.global	mpu_get_accel_sens
 2048              		.syntax unified
 2049              		.thumb
 2050              		.thumb_func
 2052              	mpu_get_accel_sens:
 2053              		@ args = 0, pretend = 0, frame = 0
 2054              		@ frame_needed = 0, uses_anonymous_args = 0
 2055              		@ link register save eliminated.
 2056 0000 0F4B     		ldr	r3, .L291
 2057 0002 5B7A     		ldrb	r3, [r3, #9]	@ zero_extendqisi2
 2058 0004 032B     		cmp	r3, #3
 2059 0006 16D8     		bhi	.L288
 2060 0008 DFE803F0 		tbb	[pc, r3]
 2061              	.L284:
 2062 000c 12       		.byte	(.L289-.L284)/2
 2063 000d 02       		.byte	(.L286-.L284)/2
 2064 000e 0C       		.byte	(.L285-.L284)/2
 2065 000f 0F       		.byte	(.L283-.L284)/2
 2066              		.p2align 1
 2067              	.L286:
 2068 0010 4FF40053 		mov	r3, #8192
 2069              	.L287:
 2070 0014 0380     		strh	r3, [r0]	@ movhi
 2071 0016 0A4A     		ldr	r2, .L291
 2072 0018 D27C     		ldrb	r2, [r2, #19]	@ zero_extendqisi2
 2073 001a 7AB1     		cbz	r2, .L290
 2074 001c 5B08     		lsrs	r3, r3, #1
 2075 001e 0380     		strh	r3, [r0]	@ movhi
 2076 0020 0020     		movs	r0, #0
 2077 0022 7047     		bx	lr
 2078              	.L285:
 2079 0024 4FF48053 		mov	r3, #4096
 2080 0028 F4E7     		b	.L287
 2081              	.L283:
 2082 002a 4FF40063 		mov	r3, #2048
 2083 002e F1E7     		b	.L287
 2084              	.L289:
 2085 0030 4FF48043 		mov	r3, #16384
 2086 0034 EEE7     		b	.L287
 2087              	.L288:
 2088 0036 4FF0FF30 		mov	r0, #-1
 2089 003a 7047     		bx	lr
 2090              	.L290:
 2091 003c 0020     		movs	r0, #0
 2092 003e 7047     		bx	lr
 2093              	.L292:
 2094              		.align	2
 2095              	.L291:
 2096 0040 00000000 		.word	st
 2098              		.section	.text.mpu_get_fifo_config,"ax",%progbits
 2099              		.align	1
 2100              		.global	mpu_get_fifo_config
 2101              		.syntax unified
ARM GAS  C:\Users\ihavenoK\AppData\Local\Temp\ccLecP1X.s 			page 37


 2102              		.thumb
 2103              		.thumb_func
 2105              	mpu_get_fifo_config:
 2106              		@ args = 0, pretend = 0, frame = 0
 2107              		@ frame_needed = 0, uses_anonymous_args = 0
 2108              		@ link register save eliminated.
 2109 0000 024B     		ldr	r3, .L294
 2110 0002 1B7C     		ldrb	r3, [r3, #16]	@ zero_extendqisi2
 2111 0004 0370     		strb	r3, [r0]
 2112 0006 0020     		movs	r0, #0
 2113 0008 7047     		bx	lr
 2114              	.L295:
 2115 000a 00BF     		.align	2
 2116              	.L294:
 2117 000c 00000000 		.word	st
 2119              		.section	.text.mpu_configure_fifo,"ax",%progbits
 2120              		.align	1
 2121              		.global	mpu_configure_fifo
 2122              		.syntax unified
 2123              		.thumb
 2124              		.thumb_func
 2126              	mpu_configure_fifo:
 2127              		@ args = 0, pretend = 0, frame = 0
 2128              		@ frame_needed = 0, uses_anonymous_args = 0
 2129 0000 70B5     		push	{r4, r5, r6, lr}
 2130 0002 144B     		ldr	r3, .L303
 2131 0004 93F82430 		ldrb	r3, [r3, #36]	@ zero_extendqisi2
 2132 0008 F3B9     		cbnz	r3, .L300
 2133 000a 124B     		ldr	r3, .L303
 2134 000c 9D7A     		ldrb	r5, [r3, #10]	@ zero_extendqisi2
 2135 000e F5B1     		cbz	r5, .L301
 2136 0010 00F0FE04 		and	r4, r0, #254
 2137 0014 1E7C     		ldrb	r6, [r3, #16]	@ zero_extendqisi2
 2138 0016 2540     		ands	r5, r5, r4
 2139 0018 1D74     		strb	r5, [r3, #16]
 2140 001a 2D1B     		subs	r5, r5, r4
 2141 001c 18BF     		it	ne
 2142 001e 4FF0FF35 		movne	r5, #-1
 2143 0022 1B7D     		ldrb	r3, [r3, #20]	@ zero_extendqisi2
 2144 0024 2343     		orrs	r3, r3, r4
 2145 0026 0BD0     		beq	.L298
 2146 0028 0120     		movs	r0, #1
 2147 002a FFF7FEFF 		bl	set_int_enable
 2148 002e 64B1     		cbz	r4, .L296
 2149 0030 FFF7FEFF 		bl	mpu_reset_fifo
 2150 0034 48B1     		cbz	r0, .L296
 2151 0036 074B     		ldr	r3, .L303
 2152 0038 1E74     		strb	r6, [r3, #16]
 2153 003a 4FF0FF35 		mov	r5, #-1
 2154 003e 04E0     		b	.L296
 2155              	.L298:
 2156 0040 0020     		movs	r0, #0
 2157 0042 FFF7FEFF 		bl	set_int_enable
 2158 0046 00E0     		b	.L296
 2159              	.L300:
 2160 0048 0025     		movs	r5, #0
 2161              	.L296:
ARM GAS  C:\Users\ihavenoK\AppData\Local\Temp\ccLecP1X.s 			page 38


 2162 004a 2846     		mov	r0, r5
 2163 004c 70BD     		pop	{r4, r5, r6, pc}
 2164              	.L301:
 2165 004e 4FF0FF35 		mov	r5, #-1
 2166 0052 FAE7     		b	.L296
 2167              	.L304:
 2168              		.align	2
 2169              	.L303:
 2170 0054 00000000 		.word	st
 2172              		.section	.text.mpu_get_power_state,"ax",%progbits
 2173              		.align	1
 2174              		.global	mpu_get_power_state
 2175              		.syntax unified
 2176              		.thumb
 2177              		.thumb_func
 2179              	mpu_get_power_state:
 2180              		@ args = 0, pretend = 0, frame = 0
 2181              		@ frame_needed = 0, uses_anonymous_args = 0
 2182              		@ link register save eliminated.
 2183 0000 034B     		ldr	r3, .L306
 2184 0002 9B7A     		ldrb	r3, [r3, #10]	@ zero_extendqisi2
 2185 0004 003B     		subs	r3, r3, #0
 2186 0006 18BF     		it	ne
 2187 0008 0123     		movne	r3, #1
 2188 000a 0370     		strb	r3, [r0]
 2189 000c 0020     		movs	r0, #0
 2190 000e 7047     		bx	lr
 2191              	.L307:
 2192              		.align	2
 2193              	.L306:
 2194 0010 00000000 		.word	st
 2196              		.section	.text.mpu_get_int_status,"ax",%progbits
 2197              		.align	1
 2198              		.global	mpu_get_int_status
 2199              		.syntax unified
 2200              		.thumb
 2201              		.thumb_func
 2203              	mpu_get_int_status:
 2204              		@ args = 0, pretend = 0, frame = 8
 2205              		@ frame_needed = 0, uses_anonymous_args = 0
 2206 0000 0F4B     		ldr	r3, .L316
 2207 0002 9B7A     		ldrb	r3, [r3, #10]	@ zero_extendqisi2
 2208 0004 ABB1     		cbz	r3, .L310
 2209 0006 10B5     		push	{r4, lr}
 2210 0008 82B0     		sub	sp, sp, #8
 2211 000a 0446     		mov	r4, r0
 2212 000c 0C4B     		ldr	r3, .L316
 2213 000e 1968     		ldr	r1, [r3]
 2214 0010 5868     		ldr	r0, [r3, #4]
 2215 0012 01AB     		add	r3, sp, #4
 2216 0014 0222     		movs	r2, #2
 2217 0016 897C     		ldrb	r1, [r1, #18]	@ zero_extendqisi2
 2218 0018 0078     		ldrb	r0, [r0]	@ zero_extendqisi2
 2219 001a FFF7FEFF 		bl	IIC1_read
 2220 001e 58B9     		cbnz	r0, .L311
 2221 0020 9DF80420 		ldrb	r2, [sp, #4]	@ zero_extendqisi2
 2222 0024 9DF80530 		ldrb	r3, [sp, #5]	@ zero_extendqisi2
ARM GAS  C:\Users\ihavenoK\AppData\Local\Temp\ccLecP1X.s 			page 39


 2223 0028 43EA0223 		orr	r3, r3, r2, lsl #8
 2224 002c 2380     		strh	r3, [r4]	@ movhi
 2225              	.L308:
 2226 002e 02B0     		add	sp, sp, #8
 2227              		@ sp needed
 2228 0030 10BD     		pop	{r4, pc}
 2229              	.L310:
 2230 0032 4FF0FF30 		mov	r0, #-1
 2231 0036 7047     		bx	lr
 2232              	.L311:
 2233 0038 4FF0FF30 		mov	r0, #-1
 2234 003c F7E7     		b	.L308
 2235              	.L317:
 2236 003e 00BF     		.align	2
 2237              	.L316:
 2238 0040 00000000 		.word	st
 2240              		.section	.text.mpu_read_fifo,"ax",%progbits
 2241              		.align	1
 2242              		.global	mpu_read_fifo
 2243              		.syntax unified
 2244              		.thumb
 2245              		.thumb_func
 2247              	mpu_read_fifo:
 2248              		@ args = 4, pretend = 0, frame = 16
 2249              		@ frame_needed = 0, uses_anonymous_args = 0
 2250 0000 2DE9F043 		push	{r4, r5, r6, r7, r8, r9, lr}
 2251 0004 85B0     		sub	sp, sp, #20
 2252 0006 1E46     		mov	r6, r3
 2253 0008 734B     		ldr	r3, .L338
 2254 000a 93F82430 		ldrb	r3, [r3, #36]	@ zero_extendqisi2
 2255 000e 002B     		cmp	r3, #0
 2256 0010 40F0CF80 		bne	.L329
 2257 0014 0746     		mov	r7, r0
 2258 0016 8846     		mov	r8, r1
 2259 0018 3370     		strb	r3, [r6]
 2260 001a 6F4B     		ldr	r3, .L338
 2261 001c 9B7A     		ldrb	r3, [r3, #10]	@ zero_extendqisi2
 2262 001e 002B     		cmp	r3, #0
 2263 0020 00F0CA80 		beq	.L330
 2264 0024 6C4B     		ldr	r3, .L338
 2265 0026 1A7C     		ldrb	r2, [r3, #16]	@ zero_extendqisi2
 2266 0028 002A     		cmp	r2, #0
 2267 002a 00F0C880 		beq	.L331
 2268 002e C2F38014 		ubfx	r4, r2, #6, #1
 2269 0032 6400     		lsls	r4, r4, #1
 2270 0034 E4B2     		uxtb	r4, r4
 2271 0036 12F0200F 		tst	r2, #32
 2272 003a 18BF     		it	ne
 2273 003c 0234     		addne	r4, r4, #2
 2274 003e 12F0100F 		tst	r2, #16
 2275 0042 1CBF     		itt	ne
 2276 0044 0234     		addne	r4, r4, #2
 2277 0046 E4B2     		uxtbne	r4, r4
 2278 0048 12F0080F 		tst	r2, #8
 2279 004c 1CBF     		itt	ne
 2280 004e 0634     		addne	r4, r4, #6
 2281 0050 E4B2     		uxtbne	r4, r4
ARM GAS  C:\Users\ihavenoK\AppData\Local\Temp\ccLecP1X.s 			page 40


 2282 0052 614B     		ldr	r3, .L338
 2283 0054 1968     		ldr	r1, [r3]
 2284 0056 5868     		ldr	r0, [r3, #4]
 2285 0058 01AB     		add	r3, sp, #4
 2286 005a 0222     		movs	r2, #2
 2287 005c 097B     		ldrb	r1, [r1, #12]	@ zero_extendqisi2
 2288 005e 0078     		ldrb	r0, [r0]	@ zero_extendqisi2
 2289 0060 FFF7FEFF 		bl	IIC1_read
 2290 0064 0028     		cmp	r0, #0
 2291 0066 40F0AD80 		bne	.L332
 2292 006a 9DF80430 		ldrb	r3, [sp, #4]	@ zero_extendqisi2
 2293 006e 9DF80550 		ldrb	r5, [sp, #5]	@ zero_extendqisi2
 2294 0072 45EA0325 		orr	r5, r5, r3, lsl #8
 2295 0076 A146     		mov	r9, r4
 2296 0078 AC42     		cmp	r4, r5
 2297 007a 00F29780 		bhi	.L318
 2298 007e 564B     		ldr	r3, .L338
 2299 0080 5868     		ldr	r0, [r3, #4]
 2300 0082 4388     		ldrh	r3, [r0, #2]
 2301 0084 B5EB530F 		cmp	r5, r3, lsr #1
 2302 0088 0FD9     		bls	.L323
 2303 008a 534B     		ldr	r3, .L338
 2304 008c 1968     		ldr	r1, [r3]
 2305 008e 01AB     		add	r3, sp, #4
 2306 0090 0122     		movs	r2, #1
 2307 0092 C97C     		ldrb	r1, [r1, #19]	@ zero_extendqisi2
 2308 0094 0078     		ldrb	r0, [r0]	@ zero_extendqisi2
 2309 0096 FFF7FEFF 		bl	IIC1_read
 2310 009a 0028     		cmp	r0, #0
 2311 009c 40F09580 		bne	.L333
 2312 00a0 9DF80430 		ldrb	r3, [sp, #4]	@ zero_extendqisi2
 2313 00a4 13F0100F 		tst	r3, #16
 2314 00a8 3AD1     		bne	.L337
 2315              	.L323:
 2316 00aa 4B4B     		ldr	r3, .L338
 2317 00ac 1968     		ldr	r1, [r3]
 2318 00ae 5868     		ldr	r0, [r3, #4]
 2319 00b0 01AB     		add	r3, sp, #4
 2320 00b2 2246     		mov	r2, r4
 2321 00b4 497B     		ldrb	r1, [r1, #13]	@ zero_extendqisi2
 2322 00b6 0078     		ldrb	r0, [r0]	@ zero_extendqisi2
 2323 00b8 FFF7FEFF 		bl	IIC1_read
 2324 00bc 0028     		cmp	r0, #0
 2325 00be 40F08780 		bne	.L334
 2326 00c2 95FBF4F5 		sdiv	r5, r5, r4
 2327 00c6 013D     		subs	r5, r5, #1
 2328 00c8 0C9B     		ldr	r3, [sp, #48]
 2329 00ca 1D70     		strb	r5, [r3]
 2330 00cc 0023     		movs	r3, #0
 2331 00ce 3370     		strb	r3, [r6]
 2332 00d0 002C     		cmp	r4, #0
 2333 00d2 6BD0     		beq	.L318
 2334 00d4 404B     		ldr	r3, .L338
 2335 00d6 1B7C     		ldrb	r3, [r3, #16]	@ zero_extendqisi2
 2336 00d8 13F0080F 		tst	r3, #8
 2337 00dc 25D0     		beq	.L335
 2338 00de 9DF80420 		ldrb	r2, [sp, #4]	@ zero_extendqisi2
ARM GAS  C:\Users\ihavenoK\AppData\Local\Temp\ccLecP1X.s 			page 41


 2339 00e2 9DF80530 		ldrb	r3, [sp, #5]	@ zero_extendqisi2
 2340 00e6 43EA0223 		orr	r3, r3, r2, lsl #8
 2341 00ea A8F80030 		strh	r3, [r8]	@ movhi
 2342 00ee 9DF80620 		ldrb	r2, [sp, #6]	@ zero_extendqisi2
 2343 00f2 9DF80730 		ldrb	r3, [sp, #7]	@ zero_extendqisi2
 2344 00f6 43EA0223 		orr	r3, r3, r2, lsl #8
 2345 00fa A8F80230 		strh	r3, [r8, #2]	@ movhi
 2346 00fe 9DF80820 		ldrb	r2, [sp, #8]	@ zero_extendqisi2
 2347 0102 9DF80930 		ldrb	r3, [sp, #9]	@ zero_extendqisi2
 2348 0106 43EA0223 		orr	r3, r3, r2, lsl #8
 2349 010a A8F80430 		strh	r3, [r8, #4]	@ movhi
 2350 010e 3378     		ldrb	r3, [r6]	@ zero_extendqisi2
 2351 0110 43F00803 		orr	r3, r3, #8
 2352 0114 3370     		strb	r3, [r6]
 2353 0116 B9F1060F 		cmp	r9, #6
 2354 011a 47D0     		beq	.L318
 2355 011c 0623     		movs	r3, #6
 2356 011e 05E0     		b	.L325
 2357              	.L337:
 2358 0120 FFF7FEFF 		bl	mpu_reset_fifo
 2359 0124 6FF00100 		mvn	r0, #1
 2360 0128 40E0     		b	.L318
 2361              	.L335:
 2362 012a 0023     		movs	r3, #0
 2363              	.L325:
 2364 012c 2A4A     		ldr	r2, .L338
 2365 012e 127C     		ldrb	r2, [r2, #16]	@ zero_extendqisi2
 2366 0130 12F0400F 		tst	r2, #64
 2367 0134 11D0     		beq	.L326
 2368 0136 03F11002 		add	r2, r3, #16
 2369 013a 6A44     		add	r2, sp, r2
 2370 013c 12F80C1C 		ldrb	r1, [r2, #-12]	@ zero_extendqisi2
 2371 0140 12F80B2C 		ldrb	r2, [r2, #-11]	@ zero_extendqisi2
 2372 0144 42EA0122 		orr	r2, r2, r1, lsl #8
 2373 0148 3A80     		strh	r2, [r7]	@ movhi
 2374 014a 3278     		ldrb	r2, [r6]	@ zero_extendqisi2
 2375 014c 42F04002 		orr	r2, r2, #64
 2376 0150 3270     		strb	r2, [r6]
 2377 0152 0233     		adds	r3, r3, #2
 2378 0154 9BB2     		uxth	r3, r3
 2379 0156 9945     		cmp	r9, r3
 2380 0158 28D0     		beq	.L318
 2381              	.L326:
 2382 015a 1F4A     		ldr	r2, .L338
 2383 015c 127C     		ldrb	r2, [r2, #16]	@ zero_extendqisi2
 2384 015e 12F0200F 		tst	r2, #32
 2385 0162 11D0     		beq	.L328
 2386 0164 03F11002 		add	r2, r3, #16
 2387 0168 6A44     		add	r2, sp, r2
 2388 016a 12F80C1C 		ldrb	r1, [r2, #-12]	@ zero_extendqisi2
 2389 016e 12F80B2C 		ldrb	r2, [r2, #-11]	@ zero_extendqisi2
 2390 0172 42EA0122 		orr	r2, r2, r1, lsl #8
 2391 0176 7A80     		strh	r2, [r7, #2]	@ movhi
 2392 0178 3278     		ldrb	r2, [r6]	@ zero_extendqisi2
 2393 017a 42F02002 		orr	r2, r2, #32
 2394 017e 3270     		strb	r2, [r6]
 2395 0180 0233     		adds	r3, r3, #2
ARM GAS  C:\Users\ihavenoK\AppData\Local\Temp\ccLecP1X.s 			page 42


 2396 0182 9BB2     		uxth	r3, r3
 2397 0184 9945     		cmp	r9, r3
 2398 0186 11D0     		beq	.L318
 2399              	.L328:
 2400 0188 134A     		ldr	r2, .L338
 2401 018a 127C     		ldrb	r2, [r2, #16]	@ zero_extendqisi2
 2402 018c 12F0100F 		tst	r2, #16
 2403 0190 0CD0     		beq	.L318
 2404 0192 1033     		adds	r3, r3, #16
 2405 0194 6B44     		add	r3, sp, r3
 2406 0196 13F80C2C 		ldrb	r2, [r3, #-12]	@ zero_extendqisi2
 2407 019a 13F80B3C 		ldrb	r3, [r3, #-11]	@ zero_extendqisi2
 2408 019e 43EA0223 		orr	r3, r3, r2, lsl #8
 2409 01a2 BB80     		strh	r3, [r7, #4]	@ movhi
 2410 01a4 3378     		ldrb	r3, [r6]	@ zero_extendqisi2
 2411 01a6 43F01003 		orr	r3, r3, #16
 2412 01aa 3370     		strb	r3, [r6]
 2413              	.L318:
 2414 01ac 05B0     		add	sp, sp, #20
 2415              		@ sp needed
 2416 01ae BDE8F083 		pop	{r4, r5, r6, r7, r8, r9, pc}
 2417              	.L329:
 2418 01b2 4FF0FF30 		mov	r0, #-1
 2419 01b6 F9E7     		b	.L318
 2420              	.L330:
 2421 01b8 4FF0FF30 		mov	r0, #-1
 2422 01bc F6E7     		b	.L318
 2423              	.L331:
 2424 01be 4FF0FF30 		mov	r0, #-1
 2425 01c2 F3E7     		b	.L318
 2426              	.L332:
 2427 01c4 4FF0FF30 		mov	r0, #-1
 2428 01c8 F0E7     		b	.L318
 2429              	.L333:
 2430 01ca 4FF0FF30 		mov	r0, #-1
 2431 01ce EDE7     		b	.L318
 2432              	.L334:
 2433 01d0 4FF0FF30 		mov	r0, #-1
 2434 01d4 EAE7     		b	.L318
 2435              	.L339:
 2436 01d6 00BF     		.align	2
 2437              	.L338:
 2438 01d8 00000000 		.word	st
 2440              		.section	.text.mpu_read_fifo_stream,"ax",%progbits
 2441              		.align	1
 2442              		.global	mpu_read_fifo_stream
 2443              		.syntax unified
 2444              		.thumb
 2445              		.thumb_func
 2447              	mpu_read_fifo_stream:
 2448              		@ args = 0, pretend = 0, frame = 8
 2449              		@ frame_needed = 0, uses_anonymous_args = 0
 2450 0000 2E4B     		ldr	r3, .L355
 2451 0002 93F82430 		ldrb	r3, [r3, #36]	@ zero_extendqisi2
 2452 0006 002B     		cmp	r3, #0
 2453 0008 49D0     		beq	.L344
 2454 000a F0B5     		push	{r4, r5, r6, r7, lr}
ARM GAS  C:\Users\ihavenoK\AppData\Local\Temp\ccLecP1X.s 			page 43


 2455 000c 83B0     		sub	sp, sp, #12
 2456 000e 0546     		mov	r5, r0
 2457 0010 0F46     		mov	r7, r1
 2458 0012 1646     		mov	r6, r2
 2459 0014 294B     		ldr	r3, .L355
 2460 0016 9B7A     		ldrb	r3, [r3, #10]	@ zero_extendqisi2
 2461 0018 002B     		cmp	r3, #0
 2462 001a 43D0     		beq	.L345
 2463 001c 274B     		ldr	r3, .L355
 2464 001e 1968     		ldr	r1, [r3]
 2465 0020 5868     		ldr	r0, [r3, #4]
 2466 0022 01AB     		add	r3, sp, #4
 2467 0024 0222     		movs	r2, #2
 2468 0026 097B     		ldrb	r1, [r1, #12]	@ zero_extendqisi2
 2469 0028 0078     		ldrb	r0, [r0]	@ zero_extendqisi2
 2470 002a FFF7FEFF 		bl	IIC1_read
 2471 002e 0028     		cmp	r0, #0
 2472 0030 3BD1     		bne	.L346
 2473 0032 9DF80430 		ldrb	r3, [sp, #4]	@ zero_extendqisi2
 2474 0036 9DF80540 		ldrb	r4, [sp, #5]	@ zero_extendqisi2
 2475 003a 44EA0324 		orr	r4, r4, r3, lsl #8
 2476 003e AC42     		cmp	r4, r5
 2477 0040 23D3     		bcc	.L353
 2478 0042 1E4B     		ldr	r3, .L355
 2479 0044 5868     		ldr	r0, [r3, #4]
 2480 0046 4388     		ldrh	r3, [r0, #2]
 2481 0048 B4EB530F 		cmp	r4, r3, lsr #1
 2482 004c 0DD9     		bls	.L343
 2483 004e 1B4B     		ldr	r3, .L355
 2484 0050 1968     		ldr	r1, [r3]
 2485 0052 01AB     		add	r3, sp, #4
 2486 0054 0122     		movs	r2, #1
 2487 0056 C97C     		ldrb	r1, [r1, #19]	@ zero_extendqisi2
 2488 0058 0078     		ldrb	r0, [r0]	@ zero_extendqisi2
 2489 005a FFF7FEFF 		bl	IIC1_read
 2490 005e 38BB     		cbnz	r0, .L347
 2491 0060 9DF80430 		ldrb	r3, [sp, #4]	@ zero_extendqisi2
 2492 0064 13F0100F 		tst	r3, #16
 2493 0068 14D1     		bne	.L354
 2494              	.L343:
 2495 006a 144B     		ldr	r3, .L355
 2496 006c 1968     		ldr	r1, [r3]
 2497 006e 5868     		ldr	r0, [r3, #4]
 2498 0070 3B46     		mov	r3, r7
 2499 0072 EAB2     		uxtb	r2, r5
 2500 0074 497B     		ldrb	r1, [r1, #13]	@ zero_extendqisi2
 2501 0076 0078     		ldrb	r0, [r0]	@ zero_extendqisi2
 2502 0078 FFF7FEFF 		bl	IIC1_read
 2503 007c D8B9     		cbnz	r0, .L348
 2504 007e B4FBF5F4 		udiv	r4, r4, r5
 2505 0082 013C     		subs	r4, r4, #1
 2506 0084 3470     		strb	r4, [r6]
 2507              	.L340:
 2508 0086 03B0     		add	sp, sp, #12
 2509              		@ sp needed
 2510 0088 F0BD     		pop	{r4, r5, r6, r7, pc}
 2511              	.L353:
ARM GAS  C:\Users\ihavenoK\AppData\Local\Temp\ccLecP1X.s 			page 44


 2512 008a 0023     		movs	r3, #0
 2513 008c 3370     		strb	r3, [r6]
 2514 008e 4FF0FF30 		mov	r0, #-1
 2515 0092 F8E7     		b	.L340
 2516              	.L354:
 2517 0094 FFF7FEFF 		bl	mpu_reset_fifo
 2518 0098 6FF00100 		mvn	r0, #1
 2519 009c F3E7     		b	.L340
 2520              	.L344:
 2521 009e 4FF0FF30 		mov	r0, #-1
 2522 00a2 7047     		bx	lr
 2523              	.L345:
 2524 00a4 4FF0FF30 		mov	r0, #-1
 2525 00a8 EDE7     		b	.L340
 2526              	.L346:
 2527 00aa 4FF0FF30 		mov	r0, #-1
 2528 00ae EAE7     		b	.L340
 2529              	.L347:
 2530 00b0 4FF0FF30 		mov	r0, #-1
 2531 00b4 E7E7     		b	.L340
 2532              	.L348:
 2533 00b6 4FF0FF30 		mov	r0, #-1
 2534 00ba E4E7     		b	.L340
 2535              	.L356:
 2536              		.align	2
 2537              	.L355:
 2538 00bc 00000000 		.word	st
 2540              		.section	.text.mpu_set_bypass,"ax",%progbits
 2541              		.align	1
 2542              		.global	mpu_set_bypass
 2543              		.syntax unified
 2544              		.thumb
 2545              		.thumb_func
 2547              	mpu_set_bypass:
 2548              		@ args = 0, pretend = 0, frame = 8
 2549              		@ frame_needed = 0, uses_anonymous_args = 0
 2550 0000 534B     		ldr	r3, .L377
 2551 0002 9B7C     		ldrb	r3, [r3, #18]	@ zero_extendqisi2
 2552 0004 8342     		cmp	r3, r0
 2553 0006 00F09180 		beq	.L366
 2554 000a 10B5     		push	{r4, lr}
 2555 000c 82B0     		sub	sp, sp, #8
 2556 000e 0446     		mov	r4, r0
 2557 0010 0028     		cmp	r0, #0
 2558 0012 44D0     		beq	.L359
 2559 0014 4E4B     		ldr	r3, .L377
 2560 0016 1968     		ldr	r1, [r3]
 2561 0018 5868     		ldr	r0, [r3, #4]
 2562 001a 0DF10703 		add	r3, sp, #7
 2563 001e 0122     		movs	r2, #1
 2564 0020 0979     		ldrb	r1, [r1, #4]	@ zero_extendqisi2
 2565 0022 0078     		ldrb	r0, [r0]	@ zero_extendqisi2
 2566 0024 FFF7FEFF 		bl	IIC1_read
 2567 0028 0028     		cmp	r0, #0
 2568 002a 40F08180 		bne	.L367
 2569 002e 9DF80730 		ldrb	r3, [sp, #7]	@ zero_extendqisi2
 2570 0032 23F02003 		bic	r3, r3, #32
ARM GAS  C:\Users\ihavenoK\AppData\Local\Temp\ccLecP1X.s 			page 45


 2571 0036 8DF80730 		strb	r3, [sp, #7]
 2572 003a 454B     		ldr	r3, .L377
 2573 003c 1968     		ldr	r1, [r3]
 2574 003e 5868     		ldr	r0, [r3, #4]
 2575 0040 0DF10703 		add	r3, sp, #7
 2576 0044 0122     		movs	r2, #1
 2577 0046 0979     		ldrb	r1, [r1, #4]	@ zero_extendqisi2
 2578 0048 0078     		ldrb	r0, [r0]	@ zero_extendqisi2
 2579 004a FFF7FEFF 		bl	IIC1_write
 2580 004e 0028     		cmp	r0, #0
 2581 0050 71D1     		bne	.L368
 2582 0052 0320     		movs	r0, #3
 2583 0054 FFF7FEFF 		bl	Delay_ms
 2584 0058 0223     		movs	r3, #2
 2585 005a 8DF80730 		strb	r3, [sp, #7]
 2586 005e 3C4B     		ldr	r3, .L377
 2587 0060 93F82230 		ldrb	r3, [r3, #34]	@ zero_extendqisi2
 2588 0064 13B1     		cbz	r3, .L360
 2589 0066 8223     		movs	r3, #130
 2590 0068 8DF80730 		strb	r3, [sp, #7]
 2591              	.L360:
 2592 006c 384B     		ldr	r3, .L377
 2593 006e 93F82330 		ldrb	r3, [r3, #35]	@ zero_extendqisi2
 2594 0072 2BB1     		cbz	r3, .L361
 2595 0074 9DF80730 		ldrb	r3, [sp, #7]	@ zero_extendqisi2
 2596 0078 43F03003 		orr	r3, r3, #48
 2597 007c 8DF80730 		strb	r3, [sp, #7]
 2598              	.L361:
 2599 0080 334B     		ldr	r3, .L377
 2600 0082 1968     		ldr	r1, [r3]
 2601 0084 5868     		ldr	r0, [r3, #4]
 2602 0086 0DF10703 		add	r3, sp, #7
 2603 008a 0122     		movs	r2, #1
 2604 008c C97D     		ldrb	r1, [r1, #23]	@ zero_extendqisi2
 2605 008e 0078     		ldrb	r0, [r0]	@ zero_extendqisi2
 2606 0090 FFF7FEFF 		bl	IIC1_write
 2607 0094 0028     		cmp	r0, #0
 2608 0096 44D0     		beq	.L362
 2609 0098 4FF0FF30 		mov	r0, #-1
 2610 009c 44E0     		b	.L357
 2611              	.L359:
 2612 009e 2C4B     		ldr	r3, .L377
 2613 00a0 1968     		ldr	r1, [r3]
 2614 00a2 5868     		ldr	r0, [r3, #4]
 2615 00a4 0DF10703 		add	r3, sp, #7
 2616 00a8 0122     		movs	r2, #1
 2617 00aa 0979     		ldrb	r1, [r1, #4]	@ zero_extendqisi2
 2618 00ac 0078     		ldrb	r0, [r0]	@ zero_extendqisi2
 2619 00ae FFF7FEFF 		bl	IIC1_read
 2620 00b2 0028     		cmp	r0, #0
 2621 00b4 42D1     		bne	.L370
 2622 00b6 264B     		ldr	r3, .L377
 2623 00b8 9B7A     		ldrb	r3, [r3, #10]	@ zero_extendqisi2
 2624 00ba 13F0010F 		tst	r3, #1
 2625 00be 9DF80730 		ldrb	r3, [sp, #7]	@ zero_extendqisi2
 2626 00c2 14BF     		ite	ne
 2627 00c4 43F02003 		orrne	r3, r3, #32
ARM GAS  C:\Users\ihavenoK\AppData\Local\Temp\ccLecP1X.s 			page 46


 2628 00c8 03F0DF03 		andeq	r3, r3, #223
 2629 00cc 8DF80730 		strb	r3, [sp, #7]
 2630 00d0 1F4B     		ldr	r3, .L377
 2631 00d2 1968     		ldr	r1, [r3]
 2632 00d4 5868     		ldr	r0, [r3, #4]
 2633 00d6 0DF10703 		add	r3, sp, #7
 2634 00da 0122     		movs	r2, #1
 2635 00dc 0979     		ldrb	r1, [r1, #4]	@ zero_extendqisi2
 2636 00de 0078     		ldrb	r0, [r0]	@ zero_extendqisi2
 2637 00e0 FFF7FEFF 		bl	IIC1_write
 2638 00e4 68BB     		cbnz	r0, .L371
 2639 00e6 0320     		movs	r0, #3
 2640 00e8 FFF7FEFF 		bl	Delay_ms
 2641 00ec 184A     		ldr	r2, .L377
 2642 00ee 92F82230 		ldrb	r3, [r2, #34]	@ zero_extendqisi2
 2643 00f2 003B     		subs	r3, r3, #0
 2644 00f4 18BF     		it	ne
 2645 00f6 0123     		movne	r3, #1
 2646 00f8 DB01     		lsls	r3, r3, #7
 2647 00fa 8DF80730 		strb	r3, [sp, #7]
 2648 00fe 92F82320 		ldrb	r2, [r2, #35]	@ zero_extendqisi2
 2649 0102 1AB1     		cbz	r2, .L365
 2650 0104 43F03003 		orr	r3, r3, #48
 2651 0108 8DF80730 		strb	r3, [sp, #7]
 2652              	.L365:
 2653 010c 104B     		ldr	r3, .L377
 2654 010e 1968     		ldr	r1, [r3]
 2655 0110 5868     		ldr	r0, [r3, #4]
 2656 0112 0DF10703 		add	r3, sp, #7
 2657 0116 0122     		movs	r2, #1
 2658 0118 C97D     		ldrb	r1, [r1, #23]	@ zero_extendqisi2
 2659 011a 0078     		ldrb	r0, [r0]	@ zero_extendqisi2
 2660 011c FFF7FEFF 		bl	IIC1_write
 2661 0120 90B9     		cbnz	r0, .L372
 2662              	.L362:
 2663 0122 0B4B     		ldr	r3, .L377
 2664 0124 9C74     		strb	r4, [r3, #18]
 2665 0126 0020     		movs	r0, #0
 2666              	.L357:
 2667 0128 02B0     		add	sp, sp, #8
 2668              		@ sp needed
 2669 012a 10BD     		pop	{r4, pc}
 2670              	.L366:
 2671 012c 0020     		movs	r0, #0
 2672 012e 7047     		bx	lr
 2673              	.L367:
 2674 0130 4FF0FF30 		mov	r0, #-1
 2675 0134 F8E7     		b	.L357
 2676              	.L368:
 2677 0136 4FF0FF30 		mov	r0, #-1
 2678 013a F5E7     		b	.L357
 2679              	.L370:
 2680 013c 4FF0FF30 		mov	r0, #-1
 2681 0140 F2E7     		b	.L357
 2682              	.L371:
 2683 0142 4FF0FF30 		mov	r0, #-1
 2684 0146 EFE7     		b	.L357
ARM GAS  C:\Users\ihavenoK\AppData\Local\Temp\ccLecP1X.s 			page 47


 2685              	.L372:
 2686 0148 4FF0FF30 		mov	r0, #-1
 2687 014c ECE7     		b	.L357
 2688              	.L378:
 2689 014e 00BF     		.align	2
 2690              	.L377:
 2691 0150 00000000 		.word	st
 2693              		.section	.text.mpu_set_int_level,"ax",%progbits
 2694              		.align	1
 2695              		.global	mpu_set_int_level
 2696              		.syntax unified
 2697              		.thumb
 2698              		.thumb_func
 2700              	mpu_set_int_level:
 2701              		@ args = 0, pretend = 0, frame = 0
 2702              		@ frame_needed = 0, uses_anonymous_args = 0
 2703              		@ link register save eliminated.
 2704 0000 024B     		ldr	r3, .L380
 2705 0002 83F82200 		strb	r0, [r3, #34]
 2706 0006 0020     		movs	r0, #0
 2707 0008 7047     		bx	lr
 2708              	.L381:
 2709 000a 00BF     		.align	2
 2710              	.L380:
 2711 000c 00000000 		.word	st
 2713              		.section	.text.mpu_set_int_latched,"ax",%progbits
 2714              		.align	1
 2715              		.global	mpu_set_int_latched
 2716              		.syntax unified
 2717              		.thumb
 2718              		.thumb_func
 2720              	mpu_set_int_latched:
 2721              		@ args = 0, pretend = 0, frame = 8
 2722              		@ frame_needed = 0, uses_anonymous_args = 0
 2723 0000 194B     		ldr	r3, .L394
 2724 0002 93F82330 		ldrb	r3, [r3, #35]	@ zero_extendqisi2
 2725 0006 8342     		cmp	r3, r0
 2726 0008 29D0     		beq	.L387
 2727 000a 10B5     		push	{r4, lr}
 2728 000c 82B0     		sub	sp, sp, #8
 2729 000e 0446     		mov	r4, r0
 2730 0010 0028     		cmp	r0, #0
 2731 0012 0CBF     		ite	eq
 2732 0014 0346     		moveq	r3, r0
 2733 0016 3023     		movne	r3, #48
 2734 0018 8DF80730 		strb	r3, [sp, #7]
 2735 001c 124A     		ldr	r2, .L394
 2736 001e 927C     		ldrb	r2, [r2, #18]	@ zero_extendqisi2
 2737 0020 1AB1     		cbz	r2, .L385
 2738 0022 43F00203 		orr	r3, r3, #2
 2739 0026 8DF80730 		strb	r3, [sp, #7]
 2740              	.L385:
 2741 002a 0F4B     		ldr	r3, .L394
 2742 002c 93F82230 		ldrb	r3, [r3, #34]	@ zero_extendqisi2
 2743 0030 2BB1     		cbz	r3, .L386
 2744 0032 9DF80730 		ldrb	r3, [sp, #7]	@ zero_extendqisi2
 2745 0036 63F07F03 		orn	r3, r3, #127
ARM GAS  C:\Users\ihavenoK\AppData\Local\Temp\ccLecP1X.s 			page 48


 2746 003a 8DF80730 		strb	r3, [sp, #7]
 2747              	.L386:
 2748 003e 0A4B     		ldr	r3, .L394
 2749 0040 1968     		ldr	r1, [r3]
 2750 0042 5868     		ldr	r0, [r3, #4]
 2751 0044 0DF10703 		add	r3, sp, #7
 2752 0048 0122     		movs	r2, #1
 2753 004a C97D     		ldrb	r1, [r1, #23]	@ zero_extendqisi2
 2754 004c 0078     		ldrb	r0, [r0]	@ zero_extendqisi2
 2755 004e FFF7FEFF 		bl	IIC1_write
 2756 0052 30B9     		cbnz	r0, .L389
 2757 0054 044B     		ldr	r3, .L394
 2758 0056 83F82340 		strb	r4, [r3, #35]
 2759              	.L382:
 2760 005a 02B0     		add	sp, sp, #8
 2761              		@ sp needed
 2762 005c 10BD     		pop	{r4, pc}
 2763              	.L387:
 2764 005e 0020     		movs	r0, #0
 2765 0060 7047     		bx	lr
 2766              	.L389:
 2767 0062 4FF0FF30 		mov	r0, #-1
 2768 0066 F8E7     		b	.L382
 2769              	.L395:
 2770              		.align	2
 2771              	.L394:
 2772 0068 00000000 		.word	st
 2774              		.section	.text.mpu_lp_accel_mode,"ax",%progbits
 2775              		.align	1
 2776              		.global	mpu_lp_accel_mode
 2777              		.syntax unified
 2778              		.thumb
 2779              		.thumb_func
 2781              	mpu_lp_accel_mode:
 2782              		@ args = 0, pretend = 0, frame = 8
 2783              		@ frame_needed = 0, uses_anonymous_args = 0
 2784 0000 10B5     		push	{r4, lr}
 2785 0002 82B0     		sub	sp, sp, #8
 2786 0004 2828     		cmp	r0, #40
 2787 0006 5ED8     		bhi	.L403
 2788 0008 0446     		mov	r4, r0
 2789 000a D0B9     		cbnz	r0, .L398
 2790 000c 0020     		movs	r0, #0
 2791 000e FFF7FEFF 		bl	mpu_set_int_latched
 2792 0012 0023     		movs	r3, #0
 2793 0014 8DF80430 		strb	r3, [sp, #4]
 2794 0018 0723     		movs	r3, #7
 2795 001a 8DF80530 		strb	r3, [sp, #5]
 2796 001e 2E4B     		ldr	r3, .L409
 2797 0020 1968     		ldr	r1, [r3]
 2798 0022 5868     		ldr	r0, [r3, #4]
 2799 0024 01AB     		add	r3, sp, #4
 2800 0026 0222     		movs	r2, #2
 2801 0028 497D     		ldrb	r1, [r1, #21]	@ zero_extendqisi2
 2802 002a 0078     		ldrb	r0, [r0]	@ zero_extendqisi2
 2803 002c FFF7FEFF 		bl	IIC1_write
 2804 0030 0446     		mov	r4, r0
ARM GAS  C:\Users\ihavenoK\AppData\Local\Temp\ccLecP1X.s 			page 49


 2805 0032 0028     		cmp	r0, #0
 2806 0034 4AD1     		bne	.L404
 2807 0036 284B     		ldr	r3, .L409
 2808 0038 0022     		movs	r2, #0
 2809 003a 1A75     		strb	r2, [r3, #20]
 2810              	.L396:
 2811 003c 2046     		mov	r0, r4
 2812 003e 02B0     		add	sp, sp, #8
 2813              		@ sp needed
 2814 0040 10BD     		pop	{r4, pc}
 2815              	.L398:
 2816 0042 0120     		movs	r0, #1
 2817 0044 FFF7FEFF 		bl	mpu_set_int_latched
 2818 0048 2023     		movs	r3, #32
 2819 004a 8DF80430 		strb	r3, [sp, #4]
 2820 004e 012C     		cmp	r4, #1
 2821 0050 24D0     		beq	.L407
 2822 0052 052C     		cmp	r4, #5
 2823 0054 29D9     		bls	.L408
 2824 0056 142C     		cmp	r4, #20
 2825 0058 2ED8     		bhi	.L402
 2826 005a 0223     		movs	r3, #2
 2827 005c 8DF80530 		strb	r3, [sp, #5]
 2828 0060 0A20     		movs	r0, #10
 2829 0062 FFF7FEFF 		bl	mpu_set_lpf
 2830              	.L400:
 2831 0066 9DF80530 		ldrb	r3, [sp, #5]	@ zero_extendqisi2
 2832 006a 9B01     		lsls	r3, r3, #6
 2833 006c 43F00703 		orr	r3, r3, #7
 2834 0070 8DF80530 		strb	r3, [sp, #5]
 2835 0074 184B     		ldr	r3, .L409
 2836 0076 1968     		ldr	r1, [r3]
 2837 0078 5868     		ldr	r0, [r3, #4]
 2838 007a 01AB     		add	r3, sp, #4
 2839 007c 0222     		movs	r2, #2
 2840 007e 497D     		ldrb	r1, [r1, #21]	@ zero_extendqisi2
 2841 0080 0078     		ldrb	r0, [r0]	@ zero_extendqisi2
 2842 0082 FFF7FEFF 		bl	IIC1_write
 2843 0086 0446     		mov	r4, r0
 2844 0088 18BB     		cbnz	r0, .L405
 2845 008a 134B     		ldr	r3, .L409
 2846 008c 0822     		movs	r2, #8
 2847 008e 9A72     		strb	r2, [r3, #10]
 2848 0090 1873     		strb	r0, [r3, #12]
 2849 0092 0122     		movs	r2, #1
 2850 0094 1A75     		strb	r2, [r3, #20]
 2851 0096 FFF7FEFF 		bl	mpu_configure_fifo
 2852 009a CFE7     		b	.L396
 2853              	.L407:
 2854 009c 0023     		movs	r3, #0
 2855 009e 8DF80530 		strb	r3, [sp, #5]
 2856 00a2 0520     		movs	r0, #5
 2857 00a4 FFF7FEFF 		bl	mpu_set_lpf
 2858 00a8 DDE7     		b	.L400
 2859              	.L408:
 2860 00aa 0123     		movs	r3, #1
 2861 00ac 8DF80530 		strb	r3, [sp, #5]
ARM GAS  C:\Users\ihavenoK\AppData\Local\Temp\ccLecP1X.s 			page 50


 2862 00b0 0520     		movs	r0, #5
 2863 00b2 FFF7FEFF 		bl	mpu_set_lpf
 2864 00b6 D6E7     		b	.L400
 2865              	.L402:
 2866 00b8 0323     		movs	r3, #3
 2867 00ba 8DF80530 		strb	r3, [sp, #5]
 2868 00be 1420     		movs	r0, #20
 2869 00c0 FFF7FEFF 		bl	mpu_set_lpf
 2870 00c4 CFE7     		b	.L400
 2871              	.L403:
 2872 00c6 4FF0FF34 		mov	r4, #-1
 2873 00ca B7E7     		b	.L396
 2874              	.L404:
 2875 00cc 4FF0FF34 		mov	r4, #-1
 2876 00d0 B4E7     		b	.L396
 2877              	.L405:
 2878 00d2 4FF0FF34 		mov	r4, #-1
 2879 00d6 B1E7     		b	.L396
 2880              	.L410:
 2881              		.align	2
 2882              	.L409:
 2883 00d8 00000000 		.word	st
 2885              		.section	.text.mpu_set_sample_rate,"ax",%progbits
 2886              		.align	1
 2887              		.global	mpu_set_sample_rate
 2888              		.syntax unified
 2889              		.thumb
 2890              		.thumb_func
 2892              	mpu_set_sample_rate:
 2893              		@ args = 0, pretend = 0, frame = 8
 2894              		@ frame_needed = 0, uses_anonymous_args = 0
 2895 0000 10B5     		push	{r4, lr}
 2896 0002 82B0     		sub	sp, sp, #8
 2897 0004 254B     		ldr	r3, .L420
 2898 0006 9B7A     		ldrb	r3, [r3, #10]	@ zero_extendqisi2
 2899 0008 002B     		cmp	r3, #0
 2900 000a 3DD0     		beq	.L415
 2901 000c 0446     		mov	r4, r0
 2902 000e 234B     		ldr	r3, .L420
 2903 0010 93F82430 		ldrb	r3, [r3, #36]	@ zero_extendqisi2
 2904 0014 002B     		cmp	r3, #0
 2905 0016 3AD1     		bne	.L416
 2906 0018 204B     		ldr	r3, .L420
 2907 001a 1B7D     		ldrb	r3, [r3, #20]	@ zero_extendqisi2
 2908 001c 33B1     		cbz	r3, .L413
 2909 001e 431E     		subs	r3, r0, #1
 2910 0020 9BB2     		uxth	r3, r3
 2911 0022 272B     		cmp	r3, #39
 2912 0024 2CD9     		bls	.L419
 2913 0026 0020     		movs	r0, #0
 2914 0028 FFF7FEFF 		bl	mpu_lp_accel_mode
 2915              	.L413:
 2916 002c B4F57A7F 		cmp	r4, #1000
 2917 0030 28BF     		it	cs
 2918 0032 4FF47A74 		movcs	r4, #1000
 2919 0036 042C     		cmp	r4, #4
 2920 0038 38BF     		it	cc
ARM GAS  C:\Users\ihavenoK\AppData\Local\Temp\ccLecP1X.s 			page 51


 2921 003a 0424     		movcc	r4, #4
 2922 003c 4FF47A73 		mov	r3, #1000
 2923 0040 93FBF4F3 		sdiv	r3, r3, r4
 2924 0044 013B     		subs	r3, r3, #1
 2925 0046 8DF80730 		strb	r3, [sp, #7]
 2926 004a 144B     		ldr	r3, .L420
 2927 004c 1968     		ldr	r1, [r3]
 2928 004e 5868     		ldr	r0, [r3, #4]
 2929 0050 0DF10703 		add	r3, sp, #7
 2930 0054 0122     		movs	r2, #1
 2931 0056 4978     		ldrb	r1, [r1, #1]	@ zero_extendqisi2
 2932 0058 0078     		ldrb	r0, [r0]	@ zero_extendqisi2
 2933 005a FFF7FEFF 		bl	IIC1_write
 2934 005e 0446     		mov	r4, r0
 2935 0060 C0B9     		cbnz	r0, .L417
 2936 0062 9DF80730 		ldrb	r3, [sp, #7]	@ zero_extendqisi2
 2937 0066 0133     		adds	r3, r3, #1
 2938 0068 4FF47A70 		mov	r0, #1000
 2939 006c 90FBF3F0 		sdiv	r0, r0, r3
 2940 0070 0A4B     		ldr	r3, .L420
 2941 0072 D881     		strh	r0, [r3, #14]	@ movhi
 2942 0074 4008     		lsrs	r0, r0, #1
 2943 0076 FFF7FEFF 		bl	mpu_set_lpf
 2944              	.L411:
 2945 007a 2046     		mov	r0, r4
 2946 007c 02B0     		add	sp, sp, #8
 2947              		@ sp needed
 2948 007e 10BD     		pop	{r4, pc}
 2949              	.L419:
 2950 0080 FFF7FEFF 		bl	mpu_lp_accel_mode
 2951 0084 0024     		movs	r4, #0
 2952 0086 F8E7     		b	.L411
 2953              	.L415:
 2954 0088 4FF0FF34 		mov	r4, #-1
 2955 008c F5E7     		b	.L411
 2956              	.L416:
 2957 008e 4FF0FF34 		mov	r4, #-1
 2958 0092 F2E7     		b	.L411
 2959              	.L417:
 2960 0094 4FF0FF34 		mov	r4, #-1
 2961 0098 EFE7     		b	.L411
 2962              	.L421:
 2963 009a 00BF     		.align	2
 2964              	.L420:
 2965 009c 00000000 		.word	st
 2967              		.section	.text.mpu_set_sensors,"ax",%progbits
 2968              		.align	1
 2969              		.global	mpu_set_sensors
 2970              		.syntax unified
 2971              		.thumb
 2972              		.thumb_func
 2974              	mpu_set_sensors:
 2975              		@ args = 0, pretend = 0, frame = 8
 2976              		@ frame_needed = 0, uses_anonymous_args = 0
 2977 0000 10B5     		push	{r4, lr}
 2978 0002 82B0     		sub	sp, sp, #8
 2979 0004 0446     		mov	r4, r0
ARM GAS  C:\Users\ihavenoK\AppData\Local\Temp\ccLecP1X.s 			page 52


 2980 0006 10F0700F 		tst	r0, #112
 2981 000a 4BD0     		beq	.L423
 2982 000c 0122     		movs	r2, #1
 2983 000e 8DF80720 		strb	r2, [sp, #7]
 2984 0012 414B     		ldr	r3, .L441
 2985 0014 1968     		ldr	r1, [r3]
 2986 0016 5868     		ldr	r0, [r3, #4]
 2987 0018 0DF10703 		add	r3, sp, #7
 2988 001c 497D     		ldrb	r1, [r1, #21]	@ zero_extendqisi2
 2989 001e 0078     		ldrb	r0, [r0]	@ zero_extendqisi2
 2990 0020 FFF7FEFF 		bl	IIC1_write
 2991 0024 0028     		cmp	r0, #0
 2992 0026 58D1     		bne	.L424
 2993 0028 9DF80730 		ldrb	r3, [sp, #7]	@ zero_extendqisi2
 2994 002c 23F04003 		bic	r3, r3, #64
 2995 0030 394A     		ldr	r2, .L441
 2996 0032 1373     		strb	r3, [r2, #12]
 2997 0034 0023     		movs	r3, #0
 2998 0036 8DF80730 		strb	r3, [sp, #7]
 2999 003a 14F0400F 		tst	r4, #64
 3000 003e 48D0     		beq	.L437
 3001              	.L428:
 3002 0040 14F0200F 		tst	r4, #32
 3003 0044 05D1     		bne	.L429
 3004 0046 9DF80730 		ldrb	r3, [sp, #7]	@ zero_extendqisi2
 3005 004a 43F00203 		orr	r3, r3, #2
 3006 004e 8DF80730 		strb	r3, [sp, #7]
 3007              	.L429:
 3008 0052 14F0100F 		tst	r4, #16
 3009 0056 05D1     		bne	.L430
 3010 0058 9DF80730 		ldrb	r3, [sp, #7]	@ zero_extendqisi2
 3011 005c 43F00103 		orr	r3, r3, #1
 3012 0060 8DF80730 		strb	r3, [sp, #7]
 3013              	.L430:
 3014 0064 14F0080F 		tst	r4, #8
 3015 0068 43D1     		bne	.L431
 3016 006a 9DF80730 		ldrb	r3, [sp, #7]	@ zero_extendqisi2
 3017 006e 43F03803 		orr	r3, r3, #56
 3018 0072 8DF80730 		strb	r3, [sp, #7]
 3019 0076 284B     		ldr	r3, .L441
 3020 0078 1968     		ldr	r1, [r3]
 3021 007a 5868     		ldr	r0, [r3, #4]
 3022 007c 0DF10703 		add	r3, sp, #7
 3023 0080 0122     		movs	r2, #1
 3024 0082 897D     		ldrb	r1, [r1, #22]	@ zero_extendqisi2
 3025 0084 0078     		ldrb	r0, [r0]	@ zero_extendqisi2
 3026 0086 FFF7FEFF 		bl	IIC1_write
 3027 008a 60BB     		cbnz	r0, .L435
 3028 008c 002C     		cmp	r4, #0
 3029 008e 3ED1     		bne	.L433
 3030              	.L434:
 3031 0090 214B     		ldr	r3, .L441
 3032 0092 9C72     		strb	r4, [r3, #10]
 3033 0094 0024     		movs	r4, #0
 3034 0096 1C75     		strb	r4, [r3, #20]
 3035 0098 3220     		movs	r0, #50
 3036 009a FFF7FEFF 		bl	Delay_ms
ARM GAS  C:\Users\ihavenoK\AppData\Local\Temp\ccLecP1X.s 			page 53


 3037 009e 2046     		mov	r0, r4
 3038              	.L422:
 3039 00a0 02B0     		add	sp, sp, #8
 3040              		@ sp needed
 3041 00a2 10BD     		pop	{r4, pc}
 3042              	.L423:
 3043 00a4 B0FA80F3 		clz	r3, r0
 3044 00a8 5B09     		lsrs	r3, r3, #5
 3045 00aa 9B01     		lsls	r3, r3, #6
 3046 00ac 8DF80730 		strb	r3, [sp, #7]
 3047 00b0 194B     		ldr	r3, .L441
 3048 00b2 1968     		ldr	r1, [r3]
 3049 00b4 5868     		ldr	r0, [r3, #4]
 3050 00b6 0DF10703 		add	r3, sp, #7
 3051 00ba 0122     		movs	r2, #1
 3052 00bc 497D     		ldrb	r1, [r1, #21]	@ zero_extendqisi2
 3053 00be 0078     		ldrb	r0, [r0]	@ zero_extendqisi2
 3054 00c0 FFF7FEFF 		bl	IIC1_write
 3055 00c4 48B9     		cbnz	r0, .L424
 3056 00c6 9DF80730 		ldrb	r3, [sp, #7]	@ zero_extendqisi2
 3057 00ca 23F04003 		bic	r3, r3, #64
 3058 00ce 124A     		ldr	r2, .L441
 3059 00d0 1373     		strb	r3, [r2, #12]
 3060              	.L437:
 3061 00d2 0423     		movs	r3, #4
 3062 00d4 8DF80730 		strb	r3, [sp, #7]
 3063 00d8 B2E7     		b	.L428
 3064              	.L424:
 3065 00da 0F4B     		ldr	r3, .L441
 3066 00dc 0022     		movs	r2, #0
 3067 00de 9A72     		strb	r2, [r3, #10]
 3068 00e0 4FF0FF30 		mov	r0, #-1
 3069 00e4 DCE7     		b	.L422
 3070              	.L435:
 3071 00e6 0C4B     		ldr	r3, .L441
 3072 00e8 0022     		movs	r2, #0
 3073 00ea 9A72     		strb	r2, [r3, #10]
 3074 00ec 4FF0FF30 		mov	r0, #-1
 3075 00f0 D6E7     		b	.L422
 3076              	.L431:
 3077 00f2 094B     		ldr	r3, .L441
 3078 00f4 1968     		ldr	r1, [r3]
 3079 00f6 5868     		ldr	r0, [r3, #4]
 3080 00f8 0DF10703 		add	r3, sp, #7
 3081 00fc 0122     		movs	r2, #1
 3082 00fe 897D     		ldrb	r1, [r1, #22]	@ zero_extendqisi2
 3083 0100 0078     		ldrb	r0, [r0]	@ zero_extendqisi2
 3084 0102 FFF7FEFF 		bl	IIC1_write
 3085 0106 0028     		cmp	r0, #0
 3086 0108 EDD1     		bne	.L435
 3087 010a 082C     		cmp	r4, #8
 3088 010c C0D0     		beq	.L434
 3089              	.L433:
 3090 010e 0020     		movs	r0, #0
 3091 0110 FFF7FEFF 		bl	mpu_set_int_latched
 3092 0114 BCE7     		b	.L434
 3093              	.L442:
ARM GAS  C:\Users\ihavenoK\AppData\Local\Temp\ccLecP1X.s 			page 54


 3094 0116 00BF     		.align	2
 3095              	.L441:
 3096 0118 00000000 		.word	st
 3098              		.section	.text.mpu_init,"ax",%progbits
 3099              		.align	1
 3100              		.global	mpu_init
 3101              		.syntax unified
 3102              		.thumb
 3103              		.thumb_func
 3105              	mpu_init:
 3106              		@ args = 0, pretend = 0, frame = 8
 3107              		@ frame_needed = 0, uses_anonymous_args = 0
 3108 0000 10B5     		push	{r4, lr}
 3109 0002 82B0     		sub	sp, sp, #8
 3110 0004 8023     		movs	r3, #128
 3111 0006 8DF80030 		strb	r3, [sp]
 3112 000a 384B     		ldr	r3, .L454
 3113 000c 1968     		ldr	r1, [r3]
 3114 000e 5868     		ldr	r0, [r3, #4]
 3115 0010 6B46     		mov	r3, sp
 3116 0012 0122     		movs	r2, #1
 3117 0014 497D     		ldrb	r1, [r1, #21]	@ zero_extendqisi2
 3118 0016 0078     		ldrb	r0, [r0]	@ zero_extendqisi2
 3119 0018 FFF7FEFF 		bl	IIC1_write
 3120 001c 0028     		cmp	r0, #0
 3121 001e 4DD1     		bne	.L445
 3122 0020 6420     		movs	r0, #100
 3123 0022 FFF7FEFF 		bl	Delay_ms
 3124 0026 0023     		movs	r3, #0
 3125 0028 8DF80030 		strb	r3, [sp]
 3126 002c 2F4B     		ldr	r3, .L454
 3127 002e 1968     		ldr	r1, [r3]
 3128 0030 5868     		ldr	r0, [r3, #4]
 3129 0032 6B46     		mov	r3, sp
 3130 0034 0122     		movs	r2, #1
 3131 0036 497D     		ldrb	r1, [r1, #21]	@ zero_extendqisi2
 3132 0038 0078     		ldrb	r0, [r0]	@ zero_extendqisi2
 3133 003a FFF7FEFF 		bl	IIC1_write
 3134 003e 0028     		cmp	r0, #0
 3135 0040 3FD1     		bne	.L446
 3136 0042 2A4B     		ldr	r3, .L454
 3137 0044 0022     		movs	r2, #0
 3138 0046 DA74     		strb	r2, [r3, #19]
 3139 0048 FF21     		movs	r1, #255
 3140 004a 9972     		strb	r1, [r3, #10]
 3141 004c 1972     		strb	r1, [r3, #8]
 3142 004e 5972     		strb	r1, [r3, #9]
 3143 0050 D972     		strb	r1, [r3, #11]
 3144 0052 4FF6FF70 		movw	r0, #65535
 3145 0056 D881     		strh	r0, [r3, #14]	@ movhi
 3146 0058 1974     		strb	r1, [r3, #16]
 3147 005a 9974     		strb	r1, [r3, #18]
 3148 005c 0121     		movs	r1, #1
 3149 005e 1973     		strb	r1, [r3, #12]
 3150 0060 83F82210 		strb	r1, [r3, #34]
 3151 0064 83F82320 		strb	r2, [r3, #35]
 3152 0068 5A75     		strb	r2, [r3, #21]
ARM GAS  C:\Users\ihavenoK\AppData\Local\Temp\ccLecP1X.s 			page 55


 3153 006a 1A75     		strb	r2, [r3, #20]
 3154 006c C3F81620 		str	r2, [r3, #22]	@ unaligned
 3155 0070 C3F81A20 		str	r2, [r3, #26]	@ unaligned
 3156 0074 C3F81E20 		str	r2, [r3, #30]	@ unaligned
 3157 0078 83F82420 		strb	r2, [r3, #36]
 3158 007c 83F82520 		strb	r2, [r3, #37]
 3159 0080 DA84     		strh	r2, [r3, #38]	@ movhi
 3160 0082 4FF4FA60 		mov	r0, #2000
 3161 0086 FFF7FEFF 		bl	mpu_set_gyro_fsr
 3162 008a E8B9     		cbnz	r0, .L447
 3163 008c 0220     		movs	r0, #2
 3164 008e FFF7FEFF 		bl	mpu_set_accel_fsr
 3165 0092 E0B9     		cbnz	r0, .L448
 3166 0094 2A20     		movs	r0, #42
 3167 0096 FFF7FEFF 		bl	mpu_set_lpf
 3168 009a D8B9     		cbnz	r0, .L449
 3169 009c 3220     		movs	r0, #50
 3170 009e FFF7FEFF 		bl	mpu_set_sample_rate
 3171 00a2 D0B9     		cbnz	r0, .L450
 3172 00a4 FFF7FEFF 		bl	mpu_configure_fifo
 3173 00a8 D0B9     		cbnz	r0, .L451
 3174 00aa FFF7FEFF 		bl	mpu_set_bypass
 3175 00ae 0446     		mov	r4, r0
 3176 00b0 C8B9     		cbnz	r0, .L452
 3177 00b2 FFF7FEFF 		bl	mpu_set_sensors
 3178              	.L443:
 3179 00b6 2046     		mov	r0, r4
 3180 00b8 02B0     		add	sp, sp, #8
 3181              		@ sp needed
 3182 00ba 10BD     		pop	{r4, pc}
 3183              	.L445:
 3184 00bc 4FF0FF34 		mov	r4, #-1
 3185 00c0 F9E7     		b	.L443
 3186              	.L446:
 3187 00c2 4FF0FF34 		mov	r4, #-1
 3188 00c6 F6E7     		b	.L443
 3189              	.L447:
 3190 00c8 4FF0FF34 		mov	r4, #-1
 3191 00cc F3E7     		b	.L443
 3192              	.L448:
 3193 00ce 4FF0FF34 		mov	r4, #-1
 3194 00d2 F0E7     		b	.L443
 3195              	.L449:
 3196 00d4 4FF0FF34 		mov	r4, #-1
 3197 00d8 EDE7     		b	.L443
 3198              	.L450:
 3199 00da 4FF0FF34 		mov	r4, #-1
 3200 00de EAE7     		b	.L443
 3201              	.L451:
 3202 00e0 4FF0FF34 		mov	r4, #-1
 3203 00e4 E7E7     		b	.L443
 3204              	.L452:
 3205 00e6 4FF0FF34 		mov	r4, #-1
 3206 00ea E4E7     		b	.L443
 3207              	.L455:
 3208              		.align	2
 3209              	.L454:
ARM GAS  C:\Users\ihavenoK\AppData\Local\Temp\ccLecP1X.s 			page 56


 3210 00ec 00000000 		.word	st
 3212              		.section	.text.mpu_write_mem,"ax",%progbits
 3213              		.align	1
 3214              		.global	mpu_write_mem
 3215              		.syntax unified
 3216              		.thumb
 3217              		.thumb_func
 3219              	mpu_write_mem:
 3220              		@ args = 0, pretend = 0, frame = 8
 3221              		@ frame_needed = 0, uses_anonymous_args = 0
 3222 0000 52B3     		cbz	r2, .L458
 3223 0002 70B5     		push	{r4, r5, r6, lr}
 3224 0004 82B0     		sub	sp, sp, #8
 3225 0006 0C46     		mov	r4, r1
 3226 0008 1646     		mov	r6, r2
 3227 000a 194B     		ldr	r3, .L466
 3228 000c 9B7A     		ldrb	r3, [r3, #10]	@ zero_extendqisi2
 3229 000e 33B3     		cbz	r3, .L459
 3230 0010 030A     		lsrs	r3, r0, #8
 3231 0012 8DF80430 		strb	r3, [sp, #4]
 3232 0016 C0B2     		uxtb	r0, r0
 3233 0018 8DF80500 		strb	r0, [sp, #5]
 3234 001c 144B     		ldr	r3, .L466
 3235 001e 5D68     		ldr	r5, [r3, #4]
 3236 0020 0844     		add	r0, r0, r1
 3237 0022 6B89     		ldrh	r3, [r5, #10]
 3238 0024 9842     		cmp	r0, r3
 3239 0026 1DDC     		bgt	.L460
 3240 0028 114B     		ldr	r3, .L466
 3241 002a 1968     		ldr	r1, [r3]
 3242 002c 01AB     		add	r3, sp, #4
 3243 002e 0222     		movs	r2, #2
 3244 0030 C97E     		ldrb	r1, [r1, #27]	@ zero_extendqisi2
 3245 0032 2878     		ldrb	r0, [r5]	@ zero_extendqisi2
 3246 0034 FFF7FEFF 		bl	IIC1_write
 3247 0038 B8B9     		cbnz	r0, .L461
 3248 003a 0D4B     		ldr	r3, .L466
 3249 003c 1968     		ldr	r1, [r3]
 3250 003e 5868     		ldr	r0, [r3, #4]
 3251 0040 3346     		mov	r3, r6
 3252 0042 E2B2     		uxtb	r2, r4
 3253 0044 097E     		ldrb	r1, [r1, #24]	@ zero_extendqisi2
 3254 0046 0078     		ldrb	r0, [r0]	@ zero_extendqisi2
 3255 0048 FFF7FEFF 		bl	IIC1_write
 3256 004c 0038     		subs	r0, r0, #0
 3257 004e 18BF     		it	ne
 3258 0050 0120     		movne	r0, #1
 3259 0052 4042     		rsbs	r0, r0, #0
 3260              	.L456:
 3261 0054 02B0     		add	sp, sp, #8
 3262              		@ sp needed
 3263 0056 70BD     		pop	{r4, r5, r6, pc}
 3264              	.L458:
 3265 0058 4FF0FF30 		mov	r0, #-1
 3266 005c 7047     		bx	lr
 3267              	.L459:
 3268 005e 4FF0FF30 		mov	r0, #-1
ARM GAS  C:\Users\ihavenoK\AppData\Local\Temp\ccLecP1X.s 			page 57


 3269 0062 F7E7     		b	.L456
 3270              	.L460:
 3271 0064 4FF0FF30 		mov	r0, #-1
 3272 0068 F4E7     		b	.L456
 3273              	.L461:
 3274 006a 4FF0FF30 		mov	r0, #-1
 3275 006e F1E7     		b	.L456
 3276              	.L467:
 3277              		.align	2
 3278              	.L466:
 3279 0070 00000000 		.word	st
 3281              		.section	.text.mpu_read_mem,"ax",%progbits
 3282              		.align	1
 3283              		.global	mpu_read_mem
 3284              		.syntax unified
 3285              		.thumb
 3286              		.thumb_func
 3288              	mpu_read_mem:
 3289              		@ args = 0, pretend = 0, frame = 8
 3290              		@ frame_needed = 0, uses_anonymous_args = 0
 3291 0000 52B3     		cbz	r2, .L470
 3292 0002 70B5     		push	{r4, r5, r6, lr}
 3293 0004 82B0     		sub	sp, sp, #8
 3294 0006 0C46     		mov	r4, r1
 3295 0008 1646     		mov	r6, r2
 3296 000a 194B     		ldr	r3, .L478
 3297 000c 9B7A     		ldrb	r3, [r3, #10]	@ zero_extendqisi2
 3298 000e 33B3     		cbz	r3, .L471
 3299 0010 030A     		lsrs	r3, r0, #8
 3300 0012 8DF80430 		strb	r3, [sp, #4]
 3301 0016 C0B2     		uxtb	r0, r0
 3302 0018 8DF80500 		strb	r0, [sp, #5]
 3303 001c 144B     		ldr	r3, .L478
 3304 001e 5D68     		ldr	r5, [r3, #4]
 3305 0020 0844     		add	r0, r0, r1
 3306 0022 6B89     		ldrh	r3, [r5, #10]
 3307 0024 9842     		cmp	r0, r3
 3308 0026 1DDC     		bgt	.L472
 3309 0028 114B     		ldr	r3, .L478
 3310 002a 1968     		ldr	r1, [r3]
 3311 002c 01AB     		add	r3, sp, #4
 3312 002e 0222     		movs	r2, #2
 3313 0030 C97E     		ldrb	r1, [r1, #27]	@ zero_extendqisi2
 3314 0032 2878     		ldrb	r0, [r5]	@ zero_extendqisi2
 3315 0034 FFF7FEFF 		bl	IIC1_write
 3316 0038 B8B9     		cbnz	r0, .L473
 3317 003a 0D4B     		ldr	r3, .L478
 3318 003c 1968     		ldr	r1, [r3]
 3319 003e 5868     		ldr	r0, [r3, #4]
 3320 0040 3346     		mov	r3, r6
 3321 0042 E2B2     		uxtb	r2, r4
 3322 0044 097E     		ldrb	r1, [r1, #24]	@ zero_extendqisi2
 3323 0046 0078     		ldrb	r0, [r0]	@ zero_extendqisi2
 3324 0048 FFF7FEFF 		bl	IIC1_read
 3325 004c 0038     		subs	r0, r0, #0
 3326 004e 18BF     		it	ne
 3327 0050 0120     		movne	r0, #1
ARM GAS  C:\Users\ihavenoK\AppData\Local\Temp\ccLecP1X.s 			page 58


 3328 0052 4042     		rsbs	r0, r0, #0
 3329              	.L468:
 3330 0054 02B0     		add	sp, sp, #8
 3331              		@ sp needed
 3332 0056 70BD     		pop	{r4, r5, r6, pc}
 3333              	.L470:
 3334 0058 4FF0FF30 		mov	r0, #-1
 3335 005c 7047     		bx	lr
 3336              	.L471:
 3337 005e 4FF0FF30 		mov	r0, #-1
 3338 0062 F7E7     		b	.L468
 3339              	.L472:
 3340 0064 4FF0FF30 		mov	r0, #-1
 3341 0068 F4E7     		b	.L468
 3342              	.L473:
 3343 006a 4FF0FF30 		mov	r0, #-1
 3344 006e F1E7     		b	.L468
 3345              	.L479:
 3346              		.align	2
 3347              	.L478:
 3348 0070 00000000 		.word	st
 3350              		.section	.text.mpu_load_firmware,"ax",%progbits
 3351              		.align	1
 3352              		.global	mpu_load_firmware
 3353              		.syntax unified
 3354              		.thumb
 3355              		.thumb_func
 3357              	mpu_load_firmware:
 3358              		@ args = 0, pretend = 0, frame = 32
 3359              		@ frame_needed = 0, uses_anonymous_args = 0
 3360 0000 2DE9F04F 		push	{r4, r5, r6, r7, r8, r9, r10, fp, lr}
 3361 0004 89B0     		sub	sp, sp, #36
 3362 0006 0193     		str	r3, [sp, #4]
 3363 0008 2B4B     		ldr	r3, .L492
 3364 000a 93F82530 		ldrb	r3, [r3, #37]	@ zero_extendqisi2
 3365 000e 002B     		cmp	r3, #0
 3366 0010 3FD1     		bne	.L484
 3367 0012 8046     		mov	r8, r0
 3368 0014 8A46     		mov	r10, r1
 3369 0016 9346     		mov	fp, r2
 3370 0018 0029     		cmp	r1, #0
 3371 001a 3DD0     		beq	.L485
 3372 001c 00B3     		cbz	r0, .L482
 3373 001e 0024     		movs	r4, #0
 3374 0020 0DF11009 		add	r9, sp, #16
 3375              	.L483:
 3376 0024 A8EB0406 		sub	r6, r8, r4
 3377 0028 102E     		cmp	r6, #16
 3378 002a A8BF     		it	ge
 3379 002c 1026     		movge	r6, #16
 3380 002e B5B2     		uxth	r5, r6
 3381 0030 0AEB0407 		add	r7, r10, r4
 3382 0034 3A46     		mov	r2, r7
 3383 0036 2946     		mov	r1, r5
 3384 0038 2046     		mov	r0, r4
 3385 003a FFF7FEFF 		bl	mpu_write_mem
 3386 003e 70BB     		cbnz	r0, .L486
ARM GAS  C:\Users\ihavenoK\AppData\Local\Temp\ccLecP1X.s 			page 59


 3387 0040 4A46     		mov	r2, r9
 3388 0042 2946     		mov	r1, r5
 3389 0044 2046     		mov	r0, r4
 3390 0046 FFF7FEFF 		bl	mpu_read_mem
 3391 004a 58BB     		cbnz	r0, .L487
 3392 004c 2A46     		mov	r2, r5
 3393 004e 4946     		mov	r1, r9
 3394 0050 3846     		mov	r0, r7
 3395 0052 FFF7FEFF 		bl	memcmp
 3396 0056 40BB     		cbnz	r0, .L488
 3397 0058 2544     		add	r5, r5, r4
 3398 005a ACB2     		uxth	r4, r5
 3399 005c A045     		cmp	r8, r4
 3400 005e E1D8     		bhi	.L483
 3401              	.L482:
 3402 0060 4FEA1B23 		lsr	r3, fp, #8
 3403 0064 8DF80C30 		strb	r3, [sp, #12]
 3404 0068 8DF80DB0 		strb	fp, [sp, #13]
 3405 006c 124B     		ldr	r3, .L492
 3406 006e 1968     		ldr	r1, [r3]
 3407 0070 5868     		ldr	r0, [r3, #4]
 3408 0072 03AB     		add	r3, sp, #12
 3409 0074 0222     		movs	r2, #2
 3410 0076 497F     		ldrb	r1, [r1, #29]	@ zero_extendqisi2
 3411 0078 0078     		ldrb	r0, [r0]	@ zero_extendqisi2
 3412 007a FFF7FEFF 		bl	IIC1_write
 3413 007e B8B9     		cbnz	r0, .L489
 3414 0080 0D4B     		ldr	r3, .L492
 3415 0082 0122     		movs	r2, #1
 3416 0084 83F82520 		strb	r2, [r3, #37]
 3417 0088 019A     		ldr	r2, [sp, #4]
 3418 008a DA84     		strh	r2, [r3, #38]	@ movhi
 3419              	.L480:
 3420 008c 09B0     		add	sp, sp, #36
 3421              		@ sp needed
 3422 008e BDE8F08F 		pop	{r4, r5, r6, r7, r8, r9, r10, fp, pc}
 3423              	.L484:
 3424 0092 4FF0FF30 		mov	r0, #-1
 3425 0096 F9E7     		b	.L480
 3426              	.L485:
 3427 0098 4FF0FF30 		mov	r0, #-1
 3428 009c F6E7     		b	.L480
 3429              	.L486:
 3430 009e 4FF0FF30 		mov	r0, #-1
 3431 00a2 F3E7     		b	.L480
 3432              	.L487:
 3433 00a4 4FF0FF30 		mov	r0, #-1
 3434 00a8 F0E7     		b	.L480
 3435              	.L488:
 3436 00aa 6FF00100 		mvn	r0, #1
 3437 00ae EDE7     		b	.L480
 3438              	.L489:
 3439 00b0 4FF0FF30 		mov	r0, #-1
 3440 00b4 EAE7     		b	.L480
 3441              	.L493:
 3442 00b6 00BF     		.align	2
 3443              	.L492:
ARM GAS  C:\Users\ihavenoK\AppData\Local\Temp\ccLecP1X.s 			page 60


 3444 00b8 00000000 		.word	st
 3446              		.section	.text.mpu_set_dmp_state,"ax",%progbits
 3447              		.align	1
 3448              		.global	mpu_set_dmp_state
 3449              		.syntax unified
 3450              		.thumb
 3451              		.thumb_func
 3453              	mpu_set_dmp_state:
 3454              		@ args = 0, pretend = 0, frame = 8
 3455              		@ frame_needed = 0, uses_anonymous_args = 0
 3456 0000 234B     		ldr	r3, .L503
 3457 0002 93F82430 		ldrb	r3, [r3, #36]	@ zero_extendqisi2
 3458 0006 8342     		cmp	r3, r0
 3459 0008 3CD0     		beq	.L497
 3460 000a 30B5     		push	{r4, r5, lr}
 3461 000c 83B0     		sub	sp, sp, #12
 3462 000e 18B3     		cbz	r0, .L496
 3463 0010 1F4B     		ldr	r3, .L503
 3464 0012 93F82530 		ldrb	r3, [r3, #37]	@ zero_extendqisi2
 3465 0016 002B     		cmp	r3, #0
 3466 0018 36D0     		beq	.L498
 3467 001a 0020     		movs	r0, #0
 3468 001c FFF7FEFF 		bl	set_int_enable
 3469 0020 0020     		movs	r0, #0
 3470 0022 FFF7FEFF 		bl	mpu_set_bypass
 3471 0026 1A4D     		ldr	r5, .L503
 3472 0028 E88C     		ldrh	r0, [r5, #38]
 3473 002a FFF7FEFF 		bl	mpu_set_sample_rate
 3474 002e 0024     		movs	r4, #0
 3475 0030 8DF80740 		strb	r4, [sp, #7]
 3476 0034 6868     		ldr	r0, [r5, #4]
 3477 0036 0DF10703 		add	r3, sp, #7
 3478 003a 0122     		movs	r2, #1
 3479 003c 2321     		movs	r1, #35
 3480 003e 0078     		ldrb	r0, [r0]	@ zero_extendqisi2
 3481 0040 FFF7FEFF 		bl	IIC1_write
 3482 0044 0120     		movs	r0, #1
 3483 0046 85F82400 		strb	r0, [r5, #36]
 3484 004a FFF7FEFF 		bl	set_int_enable
 3485 004e FFF7FEFF 		bl	mpu_reset_fifo
 3486 0052 2046     		mov	r0, r4
 3487              	.L494:
 3488 0054 03B0     		add	sp, sp, #12
 3489              		@ sp needed
 3490 0056 30BD     		pop	{r4, r5, pc}
 3491              	.L496:
 3492 0058 0020     		movs	r0, #0
 3493 005a FFF7FEFF 		bl	set_int_enable
 3494 005e 0C4D     		ldr	r5, .L503
 3495 0060 2B7C     		ldrb	r3, [r5, #16]	@ zero_extendqisi2
 3496 0062 8DF80730 		strb	r3, [sp, #7]
 3497 0066 6868     		ldr	r0, [r5, #4]
 3498 0068 0DF10703 		add	r3, sp, #7
 3499 006c 0122     		movs	r2, #1
 3500 006e 2321     		movs	r1, #35
 3501 0070 0078     		ldrb	r0, [r0]	@ zero_extendqisi2
 3502 0072 FFF7FEFF 		bl	IIC1_write
ARM GAS  C:\Users\ihavenoK\AppData\Local\Temp\ccLecP1X.s 			page 61


 3503 0076 0024     		movs	r4, #0
 3504 0078 85F82440 		strb	r4, [r5, #36]
 3505 007c FFF7FEFF 		bl	mpu_reset_fifo
 3506 0080 2046     		mov	r0, r4
 3507 0082 E7E7     		b	.L494
 3508              	.L497:
 3509 0084 0020     		movs	r0, #0
 3510 0086 7047     		bx	lr
 3511              	.L498:
 3512 0088 4FF0FF30 		mov	r0, #-1
 3513 008c E2E7     		b	.L494
 3514              	.L504:
 3515 008e 00BF     		.align	2
 3516              	.L503:
 3517 0090 00000000 		.word	st
 3519              		.section	.text.mpu_run_self_test,"ax",%progbits
 3520              		.align	1
 3521              		.global	mpu_run_self_test
 3522              		.syntax unified
 3523              		.thumb
 3524              		.thumb_func
 3526              	mpu_run_self_test:
 3527              		@ args = 0, pretend = 0, frame = 80
 3528              		@ frame_needed = 0, uses_anonymous_args = 0
 3529 0000 2DE9F04F 		push	{r4, r5, r6, r7, r8, r9, r10, fp, lr}
 3530 0004 95B0     		sub	sp, sp, #84
 3531 0006 8346     		mov	fp, r0
 3532 0008 0D46     		mov	r5, r1
 3533 000a A94B     		ldr	r3, .L556
 3534 000c 93F82440 		ldrb	r4, [r3, #36]	@ zero_extendqisi2
 3535 0010 002C     		cmp	r4, #0
 3536 0012 4CD1     		bne	.L549
 3537              	.L506:
 3538 0014 0DA8     		add	r0, sp, #52
 3539 0016 FFF7FEFF 		bl	mpu_get_gyro_fsr
 3540 001a 0DF13700 		add	r0, sp, #55
 3541 001e FFF7FEFF 		bl	mpu_get_accel_fsr
 3542 0022 0CA8     		add	r0, sp, #48
 3543 0024 FFF7FEFF 		bl	mpu_get_lpf
 3544 0028 0DF13200 		add	r0, sp, #50
 3545 002c FFF7FEFF 		bl	mpu_get_sample_rate
 3546 0030 9F4B     		ldr	r3, .L556
 3547 0032 9A7A     		ldrb	r2, [r3, #10]	@ zero_extendqisi2
 3548 0034 0192     		str	r2, [sp, #4]
 3549 0036 1B7C     		ldrb	r3, [r3, #16]	@ zero_extendqisi2
 3550 0038 0293     		str	r3, [sp, #8]
 3551 003a 0022     		movs	r2, #0
 3552 003c 2946     		mov	r1, r5
 3553 003e 5846     		mov	r0, fp
 3554 0040 FFF7FEFF 		bl	get_st_biases
 3555 0044 0028     		cmp	r0, #0
 3556 0046 00F07D81 		beq	.L507
 3557 004a 0022     		movs	r2, #0
 3558 004c 2946     		mov	r1, r5
 3559 004e 5846     		mov	r0, fp
 3560 0050 FFF7FEFF 		bl	get_st_biases
 3561 0054 0028     		cmp	r0, #0
ARM GAS  C:\Users\ihavenoK\AppData\Local\Temp\ccLecP1X.s 			page 62


 3562 0056 00F07581 		beq	.L507
 3563 005a 0025     		movs	r5, #0
 3564              	.L508:
 3565 005c 944B     		ldr	r3, .L556
 3566 005e FF22     		movs	r2, #255
 3567 0060 1A72     		strb	r2, [r3, #8]
 3568 0062 5A72     		strb	r2, [r3, #9]
 3569 0064 DA72     		strb	r2, [r3, #11]
 3570 0066 4FF6FF71 		movw	r1, #65535
 3571 006a D981     		strh	r1, [r3, #14]	@ movhi
 3572 006c 9A72     		strb	r2, [r3, #10]
 3573 006e 1A74     		strb	r2, [r3, #16]
 3574 0070 0122     		movs	r2, #1
 3575 0072 1A73     		strb	r2, [r3, #12]
 3576 0074 BDF83400 		ldrh	r0, [sp, #52]
 3577 0078 FFF7FEFF 		bl	mpu_set_gyro_fsr
 3578 007c 9DF83700 		ldrb	r0, [sp, #55]	@ zero_extendqisi2
 3579 0080 FFF7FEFF 		bl	mpu_set_accel_fsr
 3580 0084 BDF83000 		ldrh	r0, [sp, #48]
 3581 0088 FFF7FEFF 		bl	mpu_set_lpf
 3582 008c BDF83200 		ldrh	r0, [sp, #50]
 3583 0090 FFF7FEFF 		bl	mpu_set_sample_rate
 3584 0094 0198     		ldr	r0, [sp, #4]
 3585 0096 FFF7FEFF 		bl	mpu_set_sensors
 3586 009a 0298     		ldr	r0, [sp, #8]
 3587 009c FFF7FEFF 		bl	mpu_configure_fifo
 3588 00a0 002C     		cmp	r4, #0
 3589 00a2 40F00181 		bne	.L550
 3590              	.L505:
 3591 00a6 2846     		mov	r0, r5
 3592 00a8 15B0     		add	sp, sp, #84
 3593              		@ sp needed
 3594 00aa BDE8F08F 		pop	{r4, r5, r6, r7, r8, r9, r10, fp, pc}
 3595              	.L549:
 3596 00ae 0020     		movs	r0, #0
 3597 00b0 FFF7FEFF 		bl	mpu_set_dmp_state
 3598 00b4 0124     		movs	r4, #1
 3599 00b6 ADE7     		b	.L506
 3600              	.L510:
 3601 00b8 0495     		str	r5, [sp, #16]
 3602 00ba 7E4B     		ldr	r3, .L556+4
 3603 00bc 2B60     		str	r3, [r5]	@ float
 3604 00be 013C     		subs	r4, r4, #1
 3605 00c0 E4B2     		uxtb	r4, r4
 3606 00c2 CDF80C80 		str	r8, [sp, #12]
 3607 00c6 08F8014C 		strb	r4, [r8, #-1]
 3608 00ca 74B1     		cbz	r4, .L511
 3609 00cc 1846     		mov	r0, r3
 3610              	.L512:
 3611 00ce 3146     		mov	r1, r6
 3612 00d0 FFF7FEFF 		bl	__aeabi_fmul
 3613 00d4 013C     		subs	r4, r4, #1
 3614 00d6 14F0FF04 		ands	r4, r4, #255
 3615 00da F8D1     		bne	.L512
 3616 00dc 049B     		ldr	r3, [sp, #16]
 3617 00de 1860     		str	r0, [r3]	@ float
 3618 00e0 039B     		ldr	r3, [sp, #12]
ARM GAS  C:\Users\ihavenoK\AppData\Local\Temp\ccLecP1X.s 			page 63


 3619 00e2 4FF00002 		mov	r2, #0
 3620 00e6 03F8012C 		strb	r2, [r3, #-1]
 3621              	.L511:
 3622 00ea 0435     		adds	r5, r5, #4
 3623 00ec B845     		cmp	r8, r7
 3624 00ee 06D0     		beq	.L551
 3625              	.L513:
 3626 00f0 18F8014B 		ldrb	r4, [r8], #1	@ zero_extendqisi2
 3627 00f4 002C     		cmp	r4, #0
 3628 00f6 DFD1     		bne	.L510
 3629 00f8 C5F80090 		str	r9, [r5]	@ float
 3630 00fc F5E7     		b	.L511
 3631              	.L551:
 3632 00fe 5446     		mov	r4, r10
 3633 0100 059D     		ldr	r5, [sp, #20]
 3634              	.L532:
 3635 0102 043D     		subs	r5, r5, #4
 3636 0104 0DF13809 		add	r9, sp, #56
 3637 0108 0DF12408 		add	r8, sp, #36
 3638 010c 4FF0000A 		mov	r10, #0
 3639 0110 5646     		mov	r6, r10
 3640 0112 0394     		str	r4, [sp, #12]
 3641 0114 10E0     		b	.L520
 3642              	.L545:
 3643 0116 6849     		ldr	r1, .L556+8
 3644 0118 2046     		mov	r0, r4
 3645 011a FFF7FEFF 		bl	__aeabi_fcmplt
 3646 011e 20B9     		cbnz	r0, .L518
 3647 0120 6649     		ldr	r1, .L556+12
 3648 0122 2046     		mov	r0, r4
 3649 0124 FFF7FEFF 		bl	__aeabi_fcmpgt
 3650 0128 18B1     		cbz	r0, .L516
 3651              	.L518:
 3652 012a 0123     		movs	r3, #1
 3653 012c B340     		lsls	r3, r3, r6
 3654 012e 4AEA030A 		orr	r10, r10, r3
 3655              	.L516:
 3656 0132 0136     		adds	r6, r6, #1
 3657 0134 032E     		cmp	r6, #3
 3658 0136 2AD0     		beq	.L552
 3659              	.L520:
 3660 0138 59F8043B 		ldr	r3, [r9], #4
 3661 013c 55F8040F 		ldr	r0, [r5, #4]!
 3662 0140 C01A     		subs	r0, r0, r3
 3663 0142 0028     		cmp	r0, #0
 3664 0144 B8BF     		it	lt
 3665 0146 4042     		rsblt	r0, r0, #0
 3666 0148 FFF7FEFF 		bl	__aeabi_i2f
 3667 014c 4FF05E51 		mov	r1, #931135488
 3668 0150 FFF7FEFF 		bl	__aeabi_fmul
 3669 0154 0446     		mov	r4, r0
 3670 0156 58F8047B 		ldr	r7, [r8], #4	@ float
 3671 015a 0021     		movs	r1, #0
 3672 015c 3846     		mov	r0, r7
 3673 015e FFF7FEFF 		bl	__aeabi_fcmpeq
 3674 0162 0028     		cmp	r0, #0
 3675 0164 D7D1     		bne	.L545
ARM GAS  C:\Users\ihavenoK\AppData\Local\Temp\ccLecP1X.s 			page 64


 3676 0166 3946     		mov	r1, r7
 3677 0168 2046     		mov	r0, r4
 3678 016a FFF7FEFF 		bl	__aeabi_fdiv
 3679 016e 4FF07E51 		mov	r1, #1065353216
 3680 0172 FFF7FEFF 		bl	__aeabi_fsub
 3681 0176 20F00040 		bic	r0, r0, #-2147483648
 3682 017a 5149     		ldr	r1, .L556+16
 3683 017c FFF7FEFF 		bl	__aeabi_fcmpgt
 3684 0180 0028     		cmp	r0, #0
 3685 0182 D6D0     		beq	.L516
 3686 0184 0123     		movs	r3, #1
 3687 0186 B340     		lsls	r3, r3, r6
 3688 0188 4AEA030A 		orr	r10, r10, r3
 3689 018c D1E7     		b	.L516
 3690              	.L552:
 3691 018e 039C     		ldr	r4, [sp, #12]
 3692 0190 5FFA8AF8 		uxtb	r8, r10
 3693 0194 464B     		ldr	r3, .L556
 3694 0196 5868     		ldr	r0, [r3, #4]
 3695 0198 09AB     		add	r3, sp, #36
 3696 019a 0322     		movs	r2, #3
 3697 019c 0D21     		movs	r1, #13
 3698 019e 0078     		ldrb	r0, [r0]	@ zero_extendqisi2
 3699 01a0 FFF7FEFF 		bl	IIC1_read
 3700 01a4 0546     		mov	r5, r0
 3701 01a6 0028     		cmp	r0, #0
 3702 01a8 7BD1     		bne	.L535
 3703 01aa 9DF82430 		ldrb	r3, [sp, #36]	@ zero_extendqisi2
 3704 01ae 03F01F03 		and	r3, r3, #31
 3705 01b2 8DF82430 		strb	r3, [sp, #36]
 3706 01b6 9DF82530 		ldrb	r3, [sp, #37]	@ zero_extendqisi2
 3707 01ba 03F01F03 		and	r3, r3, #31
 3708 01be 8DF82530 		strb	r3, [sp, #37]
 3709 01c2 9DF82630 		ldrb	r3, [sp, #38]	@ zero_extendqisi2
 3710 01c6 03F01F03 		and	r3, r3, #31
 3711 01ca 8DF82630 		strb	r3, [sp, #38]
 3712 01ce ABF1040A 		sub	r10, fp, #4
 3713 01d2 0DF14409 		add	r9, sp, #68
 3714 01d6 09AF     		add	r7, sp, #36
 3715 01d8 8346     		mov	fp, r0
 3716 01da 0394     		str	r4, [sp, #12]
 3717 01dc CDF81080 		str	r8, [sp, #16]
 3718 01e0 30E0     		b	.L529
 3719              	.L555:
 3720 01e2 013C     		subs	r4, r4, #1
 3721 01e4 0597     		str	r7, [sp, #20]
 3722 01e6 14F0FF04 		ands	r4, r4, #255
 3723 01ea 20D0     		beq	.L553
 3724 01ec 3548     		ldr	r0, .L556+20
 3725 01ee DFF8D880 		ldr	r8, .L556+24
 3726              	.L523:
 3727 01f2 4146     		mov	r1, r8
 3728 01f4 FFF7FEFF 		bl	__aeabi_fmul
 3729 01f8 013C     		subs	r4, r4, #1
 3730 01fa 14F0FF04 		ands	r4, r4, #255
 3731 01fe F8D1     		bne	.L523
 3732 0200 0023     		movs	r3, #0
ARM GAS  C:\Users\ihavenoK\AppData\Local\Temp\ccLecP1X.s 			page 65


 3733 0202 059A     		ldr	r2, [sp, #20]
 3734 0204 02F8013C 		strb	r3, [r2, #-1]
 3735              	.L524:
 3736 0208 0146     		mov	r1, r0
 3737 020a 3046     		mov	r0, r6
 3738 020c FFF7FEFF 		bl	__aeabi_fdiv
 3739 0210 4FF07E51 		mov	r1, #1065353216
 3740 0214 FFF7FEFF 		bl	__aeabi_fsub
 3741 0218 20F00040 		bic	r0, r0, #-2147483648
 3742 021c 2849     		ldr	r1, .L556+16
 3743 021e FFF7FEFF 		bl	__aeabi_fcmpgt
 3744 0222 60B1     		cbz	r0, .L525
 3745 0224 0123     		movs	r3, #1
 3746 0226 AB40     		lsls	r3, r3, r5
 3747 0228 4BEA030B 		orr	fp, fp, r3
 3748 022c 07E0     		b	.L525
 3749              	.L553:
 3750 022e 07F8014C 		strb	r4, [r7, #-1]
 3751 0232 2448     		ldr	r0, .L556+20
 3752 0234 E8E7     		b	.L524
 3753              	.L527:
 3754 0236 0123     		movs	r3, #1
 3755 0238 AB40     		lsls	r3, r3, r5
 3756 023a 4BEA030B 		orr	fp, fp, r3
 3757              	.L525:
 3758 023e 0135     		adds	r5, r5, #1
 3759 0240 032D     		cmp	r5, #3
 3760 0242 1ED0     		beq	.L554
 3761              	.L529:
 3762 0244 59F8043B 		ldr	r3, [r9], #4
 3763 0248 5AF8040F 		ldr	r0, [r10, #4]!
 3764 024c C01A     		subs	r0, r0, r3
 3765 024e 0028     		cmp	r0, #0
 3766 0250 B8BF     		it	lt
 3767 0252 4042     		rsblt	r0, r0, #0
 3768 0254 FFF7FEFF 		bl	__aeabi_i2f
 3769 0258 4FF05E51 		mov	r1, #931135488
 3770 025c FFF7FEFF 		bl	__aeabi_fmul
 3771 0260 0646     		mov	r6, r0
 3772 0262 17F8014B 		ldrb	r4, [r7], #1	@ zero_extendqisi2
 3773 0266 002C     		cmp	r4, #0
 3774 0268 BBD1     		bne	.L555
 3775 026a 1849     		ldr	r1, .L556+28
 3776 026c FFF7FEFF 		bl	__aeabi_fcmplt
 3777 0270 0028     		cmp	r0, #0
 3778 0272 E0D1     		bne	.L527
 3779 0274 1649     		ldr	r1, .L556+32
 3780 0276 3046     		mov	r0, r6
 3781 0278 FFF7FEFF 		bl	__aeabi_fcmpgt
 3782 027c 0028     		cmp	r0, #0
 3783 027e DED0     		beq	.L525
 3784 0280 D9E7     		b	.L527
 3785              	.L554:
 3786 0282 039C     		ldr	r4, [sp, #12]
 3787 0284 DDF81080 		ldr	r8, [sp, #16]
 3788              	.L521:
 3789 0288 5FFA8BF5 		uxtb	r5, fp
ARM GAS  C:\Users\ihavenoK\AppData\Local\Temp\ccLecP1X.s 			page 66


 3790 028c B5FA85F5 		clz	r5, r5
 3791 0290 6D09     		lsrs	r5, r5, #5
 3792 0292 B8F1000F 		cmp	r8, #0
 3793 0296 01D1     		bne	.L530
 3794 0298 45F00205 		orr	r5, r5, #2
 3795              	.L530:
 3796 029c 45F00405 		orr	r5, r5, #4
 3797 02a0 DCE6     		b	.L508
 3798              	.L535:
 3799 02a2 4FF0070B 		mov	fp, #7
 3800 02a6 EFE7     		b	.L521
 3801              	.L550:
 3802 02a8 0120     		movs	r0, #1
 3803 02aa FFF7FEFF 		bl	mpu_set_dmp_state
 3804 02ae FAE6     		b	.L505
 3805              	.L557:
 3806              		.align	2
 3807              	.L556:
 3808 02b0 00000000 		.word	st
 3809 02b4 7B14AE3E 		.word	1051595899
 3810 02b8 9A99993E 		.word	1050253722
 3811 02bc 3333733F 		.word	1064514355
 3812 02c0 295C0F3E 		.word	1041194025
 3813 02c4 0000C841 		.word	1103626240
 3814 02c8 54E3853F 		.word	1065739092
 3815 02cc 00002041 		.word	1092616192
 3816 02d0 0000D242 		.word	1121058816
 3817              	.L509:
 3818 02d4 234B     		ldr	r3, .L558
 3819 02d6 5868     		ldr	r0, [r3, #4]
 3820 02d8 08AB     		add	r3, sp, #32
 3821 02da 0422     		movs	r2, #4
 3822 02dc 0D21     		movs	r1, #13
 3823 02de 0078     		ldrb	r0, [r0]	@ zero_extendqisi2
 3824 02e0 FFF7FEFF 		bl	IIC1_read
 3825 02e4 0028     		cmp	r0, #0
 3826 02e6 7FF40CAF 		bne	.L532
 3827 02ea 9DF82320 		ldrb	r2, [sp, #35]	@ zero_extendqisi2
 3828 02ee 9DF82030 		ldrb	r3, [sp, #32]	@ zero_extendqisi2
 3829 02f2 DB10     		asrs	r3, r3, #3
 3830 02f4 03F01C03 		and	r3, r3, #28
 3831 02f8 C2F30111 		ubfx	r1, r2, #4, #2
 3832 02fc 0B43     		orrs	r3, r3, r1
 3833 02fe 8DF81C30 		strb	r3, [sp, #28]
 3834 0302 9DF82130 		ldrb	r3, [sp, #33]	@ zero_extendqisi2
 3835 0306 DB10     		asrs	r3, r3, #3
 3836 0308 03F01C03 		and	r3, r3, #28
 3837 030c C2F38101 		ubfx	r1, r2, #2, #2
 3838 0310 0B43     		orrs	r3, r3, r1
 3839 0312 8DF81D30 		strb	r3, [sp, #29]
 3840 0316 9DF82230 		ldrb	r3, [sp, #34]	@ zero_extendqisi2
 3841 031a DB10     		asrs	r3, r3, #3
 3842 031c 03F01C03 		and	r3, r3, #28
 3843 0320 02F00302 		and	r2, r2, #3
 3844 0324 1343     		orrs	r3, r3, r2
 3845 0326 8DF81E30 		strb	r3, [sp, #30]
 3846 032a 0DF11C08 		add	r8, sp, #28
ARM GAS  C:\Users\ihavenoK\AppData\Local\Temp\ccLecP1X.s 			page 67


 3847 032e 0DF1240A 		add	r10, sp, #36
 3848 0332 0DF11F07 		add	r7, sp, #31
 3849 0336 0C4E     		ldr	r6, .L558+4
 3850 0338 4FF00009 		mov	r9, #0
 3851 033c 0595     		str	r5, [sp, #20]
 3852 033e 5546     		mov	r5, r10
 3853 0340 A246     		mov	r10, r4
 3854 0342 D5E6     		b	.L513
 3855              	.L507:
 3856 0344 0122     		movs	r2, #1
 3857 0346 0EA9     		add	r1, sp, #56
 3858 0348 11A8     		add	r0, sp, #68
 3859 034a FFF7FEFF 		bl	get_st_biases
 3860 034e 0028     		cmp	r0, #0
 3861 0350 C0D0     		beq	.L509
 3862 0352 0122     		movs	r2, #1
 3863 0354 0EA9     		add	r1, sp, #56
 3864 0356 11A8     		add	r0, sp, #68
 3865 0358 FFF7FEFF 		bl	get_st_biases
 3866 035c 0028     		cmp	r0, #0
 3867 035e B9D0     		beq	.L509
 3868 0360 0025     		movs	r5, #0
 3869 0362 7BE6     		b	.L508
 3870              	.L559:
 3871              		.align	2
 3872              	.L558:
 3873 0364 00000000 		.word	st
 3874 0368 1D5A843F 		.word	1065638429
 3876              		.section	.text.mpu_get_dmp_state,"ax",%progbits
 3877              		.align	1
 3878              		.global	mpu_get_dmp_state
 3879              		.syntax unified
 3880              		.thumb
 3881              		.thumb_func
 3883              	mpu_get_dmp_state:
 3884              		@ args = 0, pretend = 0, frame = 0
 3885              		@ frame_needed = 0, uses_anonymous_args = 0
 3886              		@ link register save eliminated.
 3887 0000 024B     		ldr	r3, .L561
 3888 0002 93F82430 		ldrb	r3, [r3, #36]	@ zero_extendqisi2
 3889 0006 0370     		strb	r3, [r0]
 3890 0008 0020     		movs	r0, #0
 3891 000a 7047     		bx	lr
 3892              	.L562:
 3893              		.align	2
 3894              	.L561:
 3895 000c 00000000 		.word	st
 3897              		.section	.text.mpu_get_compass_reg,"ax",%progbits
 3898              		.align	1
 3899              		.global	mpu_get_compass_reg
 3900              		.syntax unified
 3901              		.thumb
 3902              		.thumb_func
 3904              	mpu_get_compass_reg:
 3905              		@ args = 0, pretend = 0, frame = 0
 3906              		@ frame_needed = 0, uses_anonymous_args = 0
 3907              		@ link register save eliminated.
ARM GAS  C:\Users\ihavenoK\AppData\Local\Temp\ccLecP1X.s 			page 68


 3908 0000 4FF0FF30 		mov	r0, #-1
 3909 0004 7047     		bx	lr
 3911              		.section	.text.mpu_get_compass_fsr,"ax",%progbits
 3912              		.align	1
 3913              		.global	mpu_get_compass_fsr
 3914              		.syntax unified
 3915              		.thumb
 3916              		.thumb_func
 3918              	mpu_get_compass_fsr:
 3919              		@ args = 0, pretend = 0, frame = 0
 3920              		@ frame_needed = 0, uses_anonymous_args = 0
 3921              		@ link register save eliminated.
 3922 0000 4FF0FF30 		mov	r0, #-1
 3923 0004 7047     		bx	lr
 3925              		.section	.text.mpu_lp_motion_interrupt,"ax",%progbits
 3926              		.align	1
 3927              		.global	mpu_lp_motion_interrupt
 3928              		.syntax unified
 3929              		.thumb
 3930              		.thumb_func
 3932              	mpu_lp_motion_interrupt:
 3933              		@ args = 0, pretend = 0, frame = 0
 3934              		@ frame_needed = 0, uses_anonymous_args = 0
 3935 0000 10B5     		push	{r4, lr}
 3936 0002 002A     		cmp	r2, #0
 3937 0004 48D0     		beq	.L566
 3938 0006 2C4B     		ldr	r3, .L576
 3939 0008 5B7D     		ldrb	r3, [r3, #21]	@ zero_extendqisi2
 3940 000a DBB9     		cbnz	r3, .L567
 3941 000c 2A4B     		ldr	r3, .L576
 3942 000e 93F82430 		ldrb	r3, [r3, #36]	@ zero_extendqisi2
 3943 0012 002B     		cmp	r3, #0
 3944 0014 3BD1     		bne	.L574
 3945              	.L568:
 3946 0016 284C     		ldr	r4, .L576
 3947 0018 84F82030 		strb	r3, [r4, #32]
 3948 001c 04F11600 		add	r0, r4, #22
 3949 0020 FFF7FEFF 		bl	mpu_get_gyro_fsr
 3950 0024 04F11800 		add	r0, r4, #24
 3951 0028 FFF7FEFF 		bl	mpu_get_accel_fsr
 3952 002c 04F11A00 		add	r0, r4, #26
 3953 0030 FFF7FEFF 		bl	mpu_get_lpf
 3954 0034 04F11C00 		add	r0, r4, #28
 3955 0038 FFF7FEFF 		bl	mpu_get_sample_rate
 3956 003c A37A     		ldrb	r3, [r4, #10]	@ zero_extendqisi2
 3957 003e A377     		strb	r3, [r4, #30]
 3958 0040 237C     		ldrb	r3, [r4, #16]	@ zero_extendqisi2
 3959 0042 E377     		strb	r3, [r4, #31]
 3960              	.L567:
 3961 0044 1C4C     		ldr	r4, .L576
 3962 0046 FF23     		movs	r3, #255
 3963 0048 2372     		strb	r3, [r4, #8]
 3964 004a 6372     		strb	r3, [r4, #9]
 3965 004c E372     		strb	r3, [r4, #11]
 3966 004e 4FF6FF72 		movw	r2, #65535
 3967 0052 E281     		strh	r2, [r4, #14]	@ movhi
 3968 0054 A372     		strb	r3, [r4, #10]
ARM GAS  C:\Users\ihavenoK\AppData\Local\Temp\ccLecP1X.s 			page 69


 3969 0056 2374     		strb	r3, [r4, #16]
 3970 0058 0123     		movs	r3, #1
 3971 005a 2373     		strb	r3, [r4, #12]
 3972 005c A07F     		ldrb	r0, [r4, #30]	@ zero_extendqisi2
 3973 005e FFF7FEFF 		bl	mpu_set_sensors
 3974 0062 E08A     		ldrh	r0, [r4, #22]
 3975 0064 FFF7FEFF 		bl	mpu_set_gyro_fsr
 3976 0068 207E     		ldrb	r0, [r4, #24]	@ zero_extendqisi2
 3977 006a FFF7FEFF 		bl	mpu_set_accel_fsr
 3978 006e 608B     		ldrh	r0, [r4, #26]
 3979 0070 FFF7FEFF 		bl	mpu_set_lpf
 3980 0074 A08B     		ldrh	r0, [r4, #28]
 3981 0076 FFF7FEFF 		bl	mpu_set_sample_rate
 3982 007a E07F     		ldrb	r0, [r4, #31]	@ zero_extendqisi2
 3983 007c FFF7FEFF 		bl	mpu_configure_fifo
 3984 0080 94F82030 		ldrb	r3, [r4, #32]	@ zero_extendqisi2
 3985 0084 A3B9     		cbnz	r3, .L575
 3986              	.L571:
 3987 0086 0020     		movs	r0, #0
 3988 0088 0B4B     		ldr	r3, .L576
 3989 008a 5875     		strb	r0, [r3, #21]
 3990              	.L565:
 3991 008c 10BD     		pop	{r4, pc}
 3992              	.L574:
 3993 008e 0020     		movs	r0, #0
 3994 0090 FFF7FEFF 		bl	mpu_set_dmp_state
 3995 0094 0123     		movs	r3, #1
 3996 0096 BEE7     		b	.L568
 3997              	.L566:
 3998 0098 084B     		ldr	r3, .L576+4
 3999 009a 03F10C01 		add	r1, r3, #12
 4000              	.L569:
 4001 009e 13F8012F 		ldrb	r2, [r3, #1]!	@ zero_extendqisi2
 4002 00a2 002A     		cmp	r2, #0
 4003 00a4 CED1     		bne	.L567
 4004 00a6 8B42     		cmp	r3, r1
 4005 00a8 F9D1     		bne	.L569
 4006 00aa 4FF0FF30 		mov	r0, #-1
 4007 00ae EDE7     		b	.L565
 4008              	.L575:
 4009 00b0 0120     		movs	r0, #1
 4010 00b2 FFF7FEFF 		bl	mpu_set_dmp_state
 4011 00b6 E6E7     		b	.L571
 4012              	.L577:
 4013              		.align	2
 4014              	.L576:
 4015 00b8 00000000 		.word	st
 4016 00bc 15000000 		.word	st+21
 4018              		.section	.data.st,"aw"
 4019              		.align	2
 4022              	st:
 4023 0000 00000000 		.word	reg
 4024 0004 00000000 		.word	hw
 4025 0008 00000000 		.space	32
 4025      00000000 
 4025      00000000 
 4025      00000000 
ARM GAS  C:\Users\ihavenoK\AppData\Local\Temp\ccLecP1X.s 			page 70


 4025      00000000 
 4026 0028 00000000 		.word	test
 4027              		.global	test
 4028              		.section	.rodata.test,"a"
 4029              		.align	2
 4032              	test:
 4033 0000 83000000 		.word	131
 4034 0004 00080000 		.word	2048
 4035 0008 00       		.byte	0
 4036 0009 01       		.byte	1
 4037 000a 00       		.byte	0
 4038 000b 18       		.byte	24
 4039 000c 3200     		.short	50
 4040 000e 05       		.byte	5
 4041 000f 00       		.space	1
 4042 0010 00002041 		.word	1092616192
 4043 0014 0000D242 		.word	1121058816
 4044 0018 295C0F3E 		.word	1041194025
 4045 001c 9A99993E 		.word	1050253722
 4046 0020 3333733F 		.word	1064514355
 4047 0024 295C0F3E 		.word	1041194025
 4048              		.global	hw
 4049              		.section	.rodata.hw,"a"
 4050              		.align	2
 4053              	hw:
 4054 0000 68       		.byte	104
 4055 0001 00       		.space	1
 4056 0002 0004     		.short	1024
 4057 0004 76       		.byte	118
 4058 0005 00       		.space	1
 4059 0006 5401     		.short	340
 4060 0008 F7FD     		.short	-521
 4061 000a 0001     		.short	256
 4062              		.global	reg
 4063              		.section	.rodata.reg,"a"
 4064              		.align	2
 4067              	reg:
 4068 0000 75       		.byte	117
 4069 0001 19       		.byte	25
 4070 0002 1A       		.byte	26
 4071 0003 0C       		.byte	12
 4072 0004 6A       		.byte	106
 4073 0005 23       		.byte	35
 4074 0006 1B       		.byte	27
 4075 0007 1C       		.byte	28
 4076 0008 0000     		.space	2
 4077 000a 1F       		.byte	31
 4078 000b 20       		.byte	32
 4079 000c 72       		.byte	114
 4080 000d 74       		.byte	116
 4081 000e 43       		.byte	67
 4082 000f 3B       		.byte	59
 4083 0010 41       		.byte	65
 4084 0011 38       		.byte	56
 4085 0012 39       		.byte	57
 4086 0013 3A       		.byte	58
 4087 0014 00       		.space	1
ARM GAS  C:\Users\ihavenoK\AppData\Local\Temp\ccLecP1X.s 			page 71


 4088 0015 6B       		.byte	107
 4089 0016 6C       		.byte	108
 4090 0017 37       		.byte	55
 4091 0018 6F       		.byte	111
 4092 0019 06       		.byte	6
 4093 001a 24       		.byte	36
 4094 001b 6D       		.byte	109
 4095 001c 6E       		.byte	110
 4096 001d 70       		.byte	112
 4097              		.global	__aeabi_fcmplt
 4098              		.global	__aeabi_fcmpgt
 4099              		.global	__aeabi_fcmpeq
 4100              		.global	__aeabi_f2iz
 4101              		.global	__aeabi_fmul
 4102              		.global	__aeabi_fadd
 4103              		.global	__aeabi_fdiv
 4104              		.global	__aeabi_fsub
 4105              		.global	__aeabi_i2f
 4106              		.global	__aeabi_ldivmod
 4107              		.ident	"GCC: (Arm GNU Toolchain 14.2.Rel1 (Build arm-14.52)) 14.2.1 20241119"
ARM GAS  C:\Users\ihavenoK\AppData\Local\Temp\ccLecP1X.s 			page 72


DEFINED SYMBOLS
                            *ABS*:00000000 inv_mpu.c
C:\Users\ihavenoK\AppData\Local\Temp\ccLecP1X.s:16     .text.set_int_enable:00000000 $t
C:\Users\ihavenoK\AppData\Local\Temp\ccLecP1X.s:21     .text.set_int_enable:00000000 set_int_enable
C:\Users\ihavenoK\AppData\Local\Temp\ccLecP1X.s:89     .text.set_int_enable:00000088 $d
C:\Users\ihavenoK\AppData\Local\Temp\ccLecP1X.s:4022   .data.st:00000000 st
C:\Users\ihavenoK\AppData\Local\Temp\ccLecP1X.s:92     .text.get_st_biases:00000000 $t
C:\Users\ihavenoK\AppData\Local\Temp\ccLecP1X.s:97     .text.get_st_biases:00000000 get_st_biases
C:\Users\ihavenoK\AppData\Local\Temp\ccLecP1X.s:248    .text.get_st_biases:0000016c $d
C:\Users\ihavenoK\AppData\Local\Temp\ccLecP1X.s:250    .text.get_st_biases:00000170 $t
C:\Users\ihavenoK\AppData\Local\Temp\ccLecP1X.s:567    .text.get_st_biases:00000478 $d
C:\Users\ihavenoK\AppData\Local\Temp\ccLecP1X.s:571    .text.get_tick_count:00000000 $t
C:\Users\ihavenoK\AppData\Local\Temp\ccLecP1X.s:577    .text.get_tick_count:00000000 get_tick_count
C:\Users\ihavenoK\AppData\Local\Temp\ccLecP1X.s:584    .rodata.mpu_reg_dump.str1.4:00000000 $d
C:\Users\ihavenoK\AppData\Local\Temp\ccLecP1X.s:588    .text.mpu_reg_dump:00000000 $t
C:\Users\ihavenoK\AppData\Local\Temp\ccLecP1X.s:594    .text.mpu_reg_dump:00000000 mpu_reg_dump
C:\Users\ihavenoK\AppData\Local\Temp\ccLecP1X.s:649    .text.mpu_reg_dump:00000060 $d
C:\Users\ihavenoK\AppData\Local\Temp\ccLecP1X.s:653    .text.mpu_read_reg:00000000 $t
C:\Users\ihavenoK\AppData\Local\Temp\ccLecP1X.s:659    .text.mpu_read_reg:00000000 mpu_read_reg
C:\Users\ihavenoK\AppData\Local\Temp\ccLecP1X.s:695    .text.mpu_read_reg:0000003c $d
C:\Users\ihavenoK\AppData\Local\Temp\ccLecP1X.s:698    .text.mpu_get_gyro_reg:00000000 $t
C:\Users\ihavenoK\AppData\Local\Temp\ccLecP1X.s:704    .text.mpu_get_gyro_reg:00000000 mpu_get_gyro_reg
C:\Users\ihavenoK\AppData\Local\Temp\ccLecP1X.s:748    .text.mpu_get_gyro_reg:00000060 $d
C:\Users\ihavenoK\AppData\Local\Temp\ccLecP1X.s:751    .text.mpu_get_accel_reg:00000000 $t
C:\Users\ihavenoK\AppData\Local\Temp\ccLecP1X.s:757    .text.mpu_get_accel_reg:00000000 mpu_get_accel_reg
C:\Users\ihavenoK\AppData\Local\Temp\ccLecP1X.s:801    .text.mpu_get_accel_reg:00000060 $d
C:\Users\ihavenoK\AppData\Local\Temp\ccLecP1X.s:804    .text.mpu_get_temperature:00000000 $t
C:\Users\ihavenoK\AppData\Local\Temp\ccLecP1X.s:810    .text.mpu_get_temperature:00000000 mpu_get_temperature
C:\Users\ihavenoK\AppData\Local\Temp\ccLecP1X.s:869    .text.mpu_get_temperature:00000084 $d
C:\Users\ihavenoK\AppData\Local\Temp\ccLecP1X.s:873    .text.mpu_read_6500_accel_bias:00000000 $t
C:\Users\ihavenoK\AppData\Local\Temp\ccLecP1X.s:879    .text.mpu_read_6500_accel_bias:00000000 mpu_read_6500_accel_bias
C:\Users\ihavenoK\AppData\Local\Temp\ccLecP1X.s:937    .text.mpu_read_6500_accel_bias:00000080 $d
C:\Users\ihavenoK\AppData\Local\Temp\ccLecP1X.s:940    .text.mpu_read_6050_accel_bias:00000000 $t
C:\Users\ihavenoK\AppData\Local\Temp\ccLecP1X.s:946    .text.mpu_read_6050_accel_bias:00000000 mpu_read_6050_accel_bias
C:\Users\ihavenoK\AppData\Local\Temp\ccLecP1X.s:1004   .text.mpu_read_6050_accel_bias:00000080 $d
C:\Users\ihavenoK\AppData\Local\Temp\ccLecP1X.s:1007   .text.mpu_read_6500_gyro_bias:00000000 $t
C:\Users\ihavenoK\AppData\Local\Temp\ccLecP1X.s:1013   .text.mpu_read_6500_gyro_bias:00000000 mpu_read_6500_gyro_bias
C:\Users\ihavenoK\AppData\Local\Temp\ccLecP1X.s:1071   .text.mpu_read_6500_gyro_bias:00000080 $d
C:\Users\ihavenoK\AppData\Local\Temp\ccLecP1X.s:1074   .text.mpu_set_gyro_bias_reg:00000000 $t
C:\Users\ihavenoK\AppData\Local\Temp\ccLecP1X.s:1080   .text.mpu_set_gyro_bias_reg:00000000 mpu_set_gyro_bias_reg
C:\Users\ihavenoK\AppData\Local\Temp\ccLecP1X.s:1143   .text.mpu_set_gyro_bias_reg:00000084 $d
C:\Users\ihavenoK\AppData\Local\Temp\ccLecP1X.s:1146   .text.mpu_set_accel_bias_6050_reg:00000000 $t
C:\Users\ihavenoK\AppData\Local\Temp\ccLecP1X.s:1152   .text.mpu_set_accel_bias_6050_reg:00000000 mpu_set_accel_bias_6050_reg
C:\Users\ihavenoK\AppData\Local\Temp\ccLecP1X.s:1232   .text.mpu_set_accel_bias_6050_reg:000000b0 $d
C:\Users\ihavenoK\AppData\Local\Temp\ccLecP1X.s:1235   .text.mpu_set_accel_bias_6500_reg:00000000 $t
C:\Users\ihavenoK\AppData\Local\Temp\ccLecP1X.s:1241   .text.mpu_set_accel_bias_6500_reg:00000000 mpu_set_accel_bias_6500_reg
C:\Users\ihavenoK\AppData\Local\Temp\ccLecP1X.s:1321   .text.mpu_set_accel_bias_6500_reg:000000b0 $d
C:\Users\ihavenoK\AppData\Local\Temp\ccLecP1X.s:1324   .text.mpu_reset_fifo:00000000 $t
C:\Users\ihavenoK\AppData\Local\Temp\ccLecP1X.s:1330   .text.mpu_reset_fifo:00000000 mpu_reset_fifo
C:\Users\ihavenoK\AppData\Local\Temp\ccLecP1X.s:1540   .text.mpu_reset_fifo:000001e8 $d
C:\Users\ihavenoK\AppData\Local\Temp\ccLecP1X.s:1544   .text.mpu_get_gyro_fsr:00000000 $t
C:\Users\ihavenoK\AppData\Local\Temp\ccLecP1X.s:1550   .text.mpu_get_gyro_fsr:00000000 mpu_get_gyro_fsr
C:\Users\ihavenoK\AppData\Local\Temp\ccLecP1X.s:1560   .text.mpu_get_gyro_fsr:0000000c $d
C:\Users\ihavenoK\AppData\Local\Temp\ccLecP1X.s:1564   .text.mpu_get_gyro_fsr:00000010 $t
C:\Users\ihavenoK\AppData\Local\Temp\ccLecP1X.s:1586   .text.mpu_get_gyro_fsr:00000030 $d
C:\Users\ihavenoK\AppData\Local\Temp\ccLecP1X.s:1589   .text.mpu_set_gyro_fsr:00000000 $t
C:\Users\ihavenoK\AppData\Local\Temp\ccLecP1X.s:1595   .text.mpu_set_gyro_fsr:00000000 mpu_set_gyro_fsr
ARM GAS  C:\Users\ihavenoK\AppData\Local\Temp\ccLecP1X.s 			page 73


C:\Users\ihavenoK\AppData\Local\Temp\ccLecP1X.s:1663   .text.mpu_set_gyro_fsr:00000080 $d
C:\Users\ihavenoK\AppData\Local\Temp\ccLecP1X.s:1666   .text.mpu_get_accel_fsr:00000000 $t
C:\Users\ihavenoK\AppData\Local\Temp\ccLecP1X.s:1672   .text.mpu_get_accel_fsr:00000000 mpu_get_accel_fsr
C:\Users\ihavenoK\AppData\Local\Temp\ccLecP1X.s:1682   .text.mpu_get_accel_fsr:0000000c $d
C:\Users\ihavenoK\AppData\Local\Temp\ccLecP1X.s:1686   .text.mpu_get_accel_fsr:00000010 $t
C:\Users\ihavenoK\AppData\Local\Temp\ccLecP1X.s:1716   .text.mpu_get_accel_fsr:00000038 $d
C:\Users\ihavenoK\AppData\Local\Temp\ccLecP1X.s:1719   .text.mpu_set_accel_fsr:00000000 $t
C:\Users\ihavenoK\AppData\Local\Temp\ccLecP1X.s:1725   .text.mpu_set_accel_fsr:00000000 mpu_set_accel_fsr
C:\Users\ihavenoK\AppData\Local\Temp\ccLecP1X.s:1736   .text.mpu_set_accel_fsr:00000010 $d
C:\Users\ihavenoK\AppData\Local\Temp\ccLecP1X.s:1803   .text.mpu_set_accel_fsr:0000007c $d
C:\Users\ihavenoK\AppData\Local\Temp\ccLecP1X.s:1806   .text.mpu_get_lpf:00000000 $t
C:\Users\ihavenoK\AppData\Local\Temp\ccLecP1X.s:1812   .text.mpu_get_lpf:00000000 mpu_get_lpf
C:\Users\ihavenoK\AppData\Local\Temp\ccLecP1X.s:1823   .text.mpu_get_lpf:0000000e $d
C:\Users\ihavenoK\AppData\Local\Temp\ccLecP1X.s:1829   .text.mpu_get_lpf:00000014 $t
C:\Users\ihavenoK\AppData\Local\Temp\ccLecP1X.s:1857   .text.mpu_get_lpf:00000034 $d
C:\Users\ihavenoK\AppData\Local\Temp\ccLecP1X.s:1860   .text.mpu_set_lpf:00000000 $t
C:\Users\ihavenoK\AppData\Local\Temp\ccLecP1X.s:1866   .text.mpu_set_lpf:00000000 mpu_set_lpf
C:\Users\ihavenoK\AppData\Local\Temp\ccLecP1X.s:1932   .text.mpu_set_lpf:00000074 $d
C:\Users\ihavenoK\AppData\Local\Temp\ccLecP1X.s:1935   .text.mpu_get_sample_rate:00000000 $t
C:\Users\ihavenoK\AppData\Local\Temp\ccLecP1X.s:1941   .text.mpu_get_sample_rate:00000000 mpu_get_sample_rate
C:\Users\ihavenoK\AppData\Local\Temp\ccLecP1X.s:1959   .text.mpu_get_sample_rate:00000018 $d
C:\Users\ihavenoK\AppData\Local\Temp\ccLecP1X.s:1962   .text.mpu_get_compass_sample_rate:00000000 $t
C:\Users\ihavenoK\AppData\Local\Temp\ccLecP1X.s:1968   .text.mpu_get_compass_sample_rate:00000000 mpu_get_compass_sample_rate
C:\Users\ihavenoK\AppData\Local\Temp\ccLecP1X.s:1978   .text.mpu_set_compass_sample_rate:00000000 $t
C:\Users\ihavenoK\AppData\Local\Temp\ccLecP1X.s:1984   .text.mpu_set_compass_sample_rate:00000000 mpu_set_compass_sample_rate
C:\Users\ihavenoK\AppData\Local\Temp\ccLecP1X.s:1992   .text.mpu_get_gyro_sens:00000000 $t
C:\Users\ihavenoK\AppData\Local\Temp\ccLecP1X.s:1998   .text.mpu_get_gyro_sens:00000000 mpu_get_gyro_sens
C:\Users\ihavenoK\AppData\Local\Temp\ccLecP1X.s:2008   .text.mpu_get_gyro_sens:0000000c $d
C:\Users\ihavenoK\AppData\Local\Temp\ccLecP1X.s:2012   .text.mpu_get_gyro_sens:00000010 $t
C:\Users\ihavenoK\AppData\Local\Temp\ccLecP1X.s:2039   .text.mpu_get_gyro_sens:00000038 $d
C:\Users\ihavenoK\AppData\Local\Temp\ccLecP1X.s:2046   .text.mpu_get_accel_sens:00000000 $t
C:\Users\ihavenoK\AppData\Local\Temp\ccLecP1X.s:2052   .text.mpu_get_accel_sens:00000000 mpu_get_accel_sens
C:\Users\ihavenoK\AppData\Local\Temp\ccLecP1X.s:2062   .text.mpu_get_accel_sens:0000000c $d
C:\Users\ihavenoK\AppData\Local\Temp\ccLecP1X.s:2066   .text.mpu_get_accel_sens:00000010 $t
C:\Users\ihavenoK\AppData\Local\Temp\ccLecP1X.s:2096   .text.mpu_get_accel_sens:00000040 $d
C:\Users\ihavenoK\AppData\Local\Temp\ccLecP1X.s:2099   .text.mpu_get_fifo_config:00000000 $t
C:\Users\ihavenoK\AppData\Local\Temp\ccLecP1X.s:2105   .text.mpu_get_fifo_config:00000000 mpu_get_fifo_config
C:\Users\ihavenoK\AppData\Local\Temp\ccLecP1X.s:2117   .text.mpu_get_fifo_config:0000000c $d
C:\Users\ihavenoK\AppData\Local\Temp\ccLecP1X.s:2120   .text.mpu_configure_fifo:00000000 $t
C:\Users\ihavenoK\AppData\Local\Temp\ccLecP1X.s:2126   .text.mpu_configure_fifo:00000000 mpu_configure_fifo
C:\Users\ihavenoK\AppData\Local\Temp\ccLecP1X.s:2170   .text.mpu_configure_fifo:00000054 $d
C:\Users\ihavenoK\AppData\Local\Temp\ccLecP1X.s:2173   .text.mpu_get_power_state:00000000 $t
C:\Users\ihavenoK\AppData\Local\Temp\ccLecP1X.s:2179   .text.mpu_get_power_state:00000000 mpu_get_power_state
C:\Users\ihavenoK\AppData\Local\Temp\ccLecP1X.s:2194   .text.mpu_get_power_state:00000010 $d
C:\Users\ihavenoK\AppData\Local\Temp\ccLecP1X.s:2197   .text.mpu_get_int_status:00000000 $t
C:\Users\ihavenoK\AppData\Local\Temp\ccLecP1X.s:2203   .text.mpu_get_int_status:00000000 mpu_get_int_status
C:\Users\ihavenoK\AppData\Local\Temp\ccLecP1X.s:2238   .text.mpu_get_int_status:00000040 $d
C:\Users\ihavenoK\AppData\Local\Temp\ccLecP1X.s:2241   .text.mpu_read_fifo:00000000 $t
C:\Users\ihavenoK\AppData\Local\Temp\ccLecP1X.s:2247   .text.mpu_read_fifo:00000000 mpu_read_fifo
C:\Users\ihavenoK\AppData\Local\Temp\ccLecP1X.s:2438   .text.mpu_read_fifo:000001d8 $d
C:\Users\ihavenoK\AppData\Local\Temp\ccLecP1X.s:2441   .text.mpu_read_fifo_stream:00000000 $t
C:\Users\ihavenoK\AppData\Local\Temp\ccLecP1X.s:2447   .text.mpu_read_fifo_stream:00000000 mpu_read_fifo_stream
C:\Users\ihavenoK\AppData\Local\Temp\ccLecP1X.s:2538   .text.mpu_read_fifo_stream:000000bc $d
C:\Users\ihavenoK\AppData\Local\Temp\ccLecP1X.s:2541   .text.mpu_set_bypass:00000000 $t
C:\Users\ihavenoK\AppData\Local\Temp\ccLecP1X.s:2547   .text.mpu_set_bypass:00000000 mpu_set_bypass
C:\Users\ihavenoK\AppData\Local\Temp\ccLecP1X.s:2691   .text.mpu_set_bypass:00000150 $d
C:\Users\ihavenoK\AppData\Local\Temp\ccLecP1X.s:2694   .text.mpu_set_int_level:00000000 $t
ARM GAS  C:\Users\ihavenoK\AppData\Local\Temp\ccLecP1X.s 			page 74


C:\Users\ihavenoK\AppData\Local\Temp\ccLecP1X.s:2700   .text.mpu_set_int_level:00000000 mpu_set_int_level
C:\Users\ihavenoK\AppData\Local\Temp\ccLecP1X.s:2711   .text.mpu_set_int_level:0000000c $d
C:\Users\ihavenoK\AppData\Local\Temp\ccLecP1X.s:2714   .text.mpu_set_int_latched:00000000 $t
C:\Users\ihavenoK\AppData\Local\Temp\ccLecP1X.s:2720   .text.mpu_set_int_latched:00000000 mpu_set_int_latched
C:\Users\ihavenoK\AppData\Local\Temp\ccLecP1X.s:2772   .text.mpu_set_int_latched:00000068 $d
C:\Users\ihavenoK\AppData\Local\Temp\ccLecP1X.s:2775   .text.mpu_lp_accel_mode:00000000 $t
C:\Users\ihavenoK\AppData\Local\Temp\ccLecP1X.s:2781   .text.mpu_lp_accel_mode:00000000 mpu_lp_accel_mode
C:\Users\ihavenoK\AppData\Local\Temp\ccLecP1X.s:2883   .text.mpu_lp_accel_mode:000000d8 $d
C:\Users\ihavenoK\AppData\Local\Temp\ccLecP1X.s:2886   .text.mpu_set_sample_rate:00000000 $t
C:\Users\ihavenoK\AppData\Local\Temp\ccLecP1X.s:2892   .text.mpu_set_sample_rate:00000000 mpu_set_sample_rate
C:\Users\ihavenoK\AppData\Local\Temp\ccLecP1X.s:2965   .text.mpu_set_sample_rate:0000009c $d
C:\Users\ihavenoK\AppData\Local\Temp\ccLecP1X.s:2968   .text.mpu_set_sensors:00000000 $t
C:\Users\ihavenoK\AppData\Local\Temp\ccLecP1X.s:2974   .text.mpu_set_sensors:00000000 mpu_set_sensors
C:\Users\ihavenoK\AppData\Local\Temp\ccLecP1X.s:3096   .text.mpu_set_sensors:00000118 $d
C:\Users\ihavenoK\AppData\Local\Temp\ccLecP1X.s:3099   .text.mpu_init:00000000 $t
C:\Users\ihavenoK\AppData\Local\Temp\ccLecP1X.s:3105   .text.mpu_init:00000000 mpu_init
C:\Users\ihavenoK\AppData\Local\Temp\ccLecP1X.s:3210   .text.mpu_init:000000ec $d
C:\Users\ihavenoK\AppData\Local\Temp\ccLecP1X.s:3213   .text.mpu_write_mem:00000000 $t
C:\Users\ihavenoK\AppData\Local\Temp\ccLecP1X.s:3219   .text.mpu_write_mem:00000000 mpu_write_mem
C:\Users\ihavenoK\AppData\Local\Temp\ccLecP1X.s:3279   .text.mpu_write_mem:00000070 $d
C:\Users\ihavenoK\AppData\Local\Temp\ccLecP1X.s:3282   .text.mpu_read_mem:00000000 $t
C:\Users\ihavenoK\AppData\Local\Temp\ccLecP1X.s:3288   .text.mpu_read_mem:00000000 mpu_read_mem
C:\Users\ihavenoK\AppData\Local\Temp\ccLecP1X.s:3348   .text.mpu_read_mem:00000070 $d
C:\Users\ihavenoK\AppData\Local\Temp\ccLecP1X.s:3351   .text.mpu_load_firmware:00000000 $t
C:\Users\ihavenoK\AppData\Local\Temp\ccLecP1X.s:3357   .text.mpu_load_firmware:00000000 mpu_load_firmware
C:\Users\ihavenoK\AppData\Local\Temp\ccLecP1X.s:3444   .text.mpu_load_firmware:000000b8 $d
C:\Users\ihavenoK\AppData\Local\Temp\ccLecP1X.s:3447   .text.mpu_set_dmp_state:00000000 $t
C:\Users\ihavenoK\AppData\Local\Temp\ccLecP1X.s:3453   .text.mpu_set_dmp_state:00000000 mpu_set_dmp_state
C:\Users\ihavenoK\AppData\Local\Temp\ccLecP1X.s:3517   .text.mpu_set_dmp_state:00000090 $d
C:\Users\ihavenoK\AppData\Local\Temp\ccLecP1X.s:3520   .text.mpu_run_self_test:00000000 $t
C:\Users\ihavenoK\AppData\Local\Temp\ccLecP1X.s:3526   .text.mpu_run_self_test:00000000 mpu_run_self_test
C:\Users\ihavenoK\AppData\Local\Temp\ccLecP1X.s:3808   .text.mpu_run_self_test:000002b0 $d
C:\Users\ihavenoK\AppData\Local\Temp\ccLecP1X.s:3818   .text.mpu_run_self_test:000002d4 $t
C:\Users\ihavenoK\AppData\Local\Temp\ccLecP1X.s:3873   .text.mpu_run_self_test:00000364 $d
C:\Users\ihavenoK\AppData\Local\Temp\ccLecP1X.s:3877   .text.mpu_get_dmp_state:00000000 $t
C:\Users\ihavenoK\AppData\Local\Temp\ccLecP1X.s:3883   .text.mpu_get_dmp_state:00000000 mpu_get_dmp_state
C:\Users\ihavenoK\AppData\Local\Temp\ccLecP1X.s:3895   .text.mpu_get_dmp_state:0000000c $d
C:\Users\ihavenoK\AppData\Local\Temp\ccLecP1X.s:3898   .text.mpu_get_compass_reg:00000000 $t
C:\Users\ihavenoK\AppData\Local\Temp\ccLecP1X.s:3904   .text.mpu_get_compass_reg:00000000 mpu_get_compass_reg
C:\Users\ihavenoK\AppData\Local\Temp\ccLecP1X.s:3912   .text.mpu_get_compass_fsr:00000000 $t
C:\Users\ihavenoK\AppData\Local\Temp\ccLecP1X.s:3918   .text.mpu_get_compass_fsr:00000000 mpu_get_compass_fsr
C:\Users\ihavenoK\AppData\Local\Temp\ccLecP1X.s:3926   .text.mpu_lp_motion_interrupt:00000000 $t
C:\Users\ihavenoK\AppData\Local\Temp\ccLecP1X.s:3932   .text.mpu_lp_motion_interrupt:00000000 mpu_lp_motion_interrupt
C:\Users\ihavenoK\AppData\Local\Temp\ccLecP1X.s:4015   .text.mpu_lp_motion_interrupt:000000b8 $d
C:\Users\ihavenoK\AppData\Local\Temp\ccLecP1X.s:4019   .data.st:00000000 $d
C:\Users\ihavenoK\AppData\Local\Temp\ccLecP1X.s:4067   .rodata.reg:00000000 reg
C:\Users\ihavenoK\AppData\Local\Temp\ccLecP1X.s:4053   .rodata.hw:00000000 hw
C:\Users\ihavenoK\AppData\Local\Temp\ccLecP1X.s:4032   .rodata.test:00000000 test
C:\Users\ihavenoK\AppData\Local\Temp\ccLecP1X.s:4029   .rodata.test:00000000 $d
C:\Users\ihavenoK\AppData\Local\Temp\ccLecP1X.s:4050   .rodata.hw:00000000 $d
C:\Users\ihavenoK\AppData\Local\Temp\ccLecP1X.s:4064   .rodata.reg:00000000 $d
C:\Users\ihavenoK\AppData\Local\Temp\ccLecP1X.s:1751   .text.mpu_set_accel_fsr:0000001f $d
C:\Users\ihavenoK\AppData\Local\Temp\ccLecP1X.s:1751   .text.mpu_set_accel_fsr:00000020 $t

UNDEFINED SYMBOLS
IIC1_write
Delay_ms
ARM GAS  C:\Users\ihavenoK\AppData\Local\Temp\ccLecP1X.s 			page 75


IIC1_read
__aeabi_ldivmod
printf
__aeabi_i2f
__aeabi_fsub
__aeabi_fdiv
__aeabi_fadd
__aeabi_fmul
__aeabi_f2iz
memcmp
__aeabi_fcmplt
__aeabi_fcmpgt
__aeabi_fcmpeq
