ARM GAS  C:\Users\ihavenoK\AppData\Local\Temp\cckpGtIU.s 			page 1


   1              		.cpu cortex-m3
   2              		.arch armv7-m
   3              		.fpu softvfp
   4              		.eabi_attribute 20, 1
   5              		.eabi_attribute 21, 1
   6              		.eabi_attribute 23, 3
   7              		.eabi_attribute 24, 1
   8              		.eabi_attribute 25, 1
   9              		.eabi_attribute 26, 1
  10              		.eabi_attribute 30, 1
  11              		.eabi_attribute 34, 1
  12              		.eabi_attribute 18, 4
  13              		.file	"nnom_local_q15.c"
  14              		.text
  15              		.section	.text.local_activation_q15,"ax",%progbits
  16              		.align	1
  17              		.syntax unified
  18              		.thumb
  19              		.thumb_func
  21              	local_activation_q15:
  22              		@ args = 0, pretend = 0, frame = 0
  23              		@ frame_needed = 0, uses_anonymous_args = 0
  24 0000 F0B5     		push	{r4, r5, r6, r7, lr}
  25 0002 C2F10B0E 		rsb	lr, r2, #11
  26 0006 1FFA8EFE 		uxth	lr, lr
  27 000a 40F2FF74 		movw	r4, #2047
  28 000e 1441     		asrs	r4, r4, r2
  29 0010 651C     		adds	r5, r4, #1
  30 0012 8C46     		mov	ip, r1
  31 0014 29B9     		cbnz	r1, .L4
  32              	.L1:
  33 0016 F0BD     		pop	{r4, r5, r6, r7, pc}
  34              	.L3:
  35 0018 20F8026C 		strh	r6, [r0, #-2]	@ movhi
  36 001c BCF1010C 		subs	ip, ip, #1
  37 0020 F9D0     		beq	.L1
  38              	.L4:
  39 0022 30F9021B 		ldrsh	r1, [r0], #2
  40 0026 41FA0EF2 		asr	r2, r1, lr
  41 002a D6B2     		uxtb	r6, r2
  42 002c 33F91660 		ldrsh	r6, [r3, r6, lsl #1]
  43 0030 7F2A     		cmp	r2, #127
  44 0032 F1D0     		beq	.L3
  45 0034 2140     		ands	r1, r1, r4
  46 0036 0132     		adds	r2, r2, #1
  47 0038 D2B2     		uxtb	r2, r2
  48 003a 33F91270 		ldrsh	r7, [r3, r2, lsl #1]
  49 003e 6A1A     		subs	r2, r5, r1
  50 0040 06FB02F2 		mul	r2, r6, r2
  51 0044 01FB0722 		mla	r2, r1, r7, r2
  52 0048 42FA0EF2 		asr	r2, r2, lr
  53 004c 16B2     		sxth	r6, r2
  54 004e E3E7     		b	.L3
  56              		.section	.text.local_avepool_q15_HWC,"ax",%progbits
  57              		.align	1
  58              		.global	local_avepool_q15_HWC
  59              		.syntax unified
ARM GAS  C:\Users\ihavenoK\AppData\Local\Temp\cckpGtIU.s 			page 2


  60              		.thumb
  61              		.thumb_func
  63              	local_avepool_q15_HWC:
  64              		@ args = 44, pretend = 0, frame = 80
  65              		@ frame_needed = 0, uses_anonymous_args = 0
  66 0000 2DE9F04F 		push	{r4, r5, r6, r7, r8, r9, r10, fp, lr}
  67 0004 95B0     		sub	sp, sp, #84
  68 0006 0090     		str	r0, [sp]
  69 0008 9146     		mov	r9, r2
  70 000a BDF87820 		ldrh	r2, [sp, #120]
  71 000e 0992     		str	r2, [sp, #36]
  72 0010 BDF87C60 		ldrh	r6, [sp, #124]
  73 0014 BDF880B0 		ldrh	fp, [sp, #128]
  74 0018 BDF884E0 		ldrh	lr, [sp, #132]
  75 001c BDF88820 		ldrh	r2, [sp, #136]
  76 0020 0192     		str	r2, [sp, #4]
  77 0022 BDF88C50 		ldrh	r5, [sp, #140]
  78 0026 BDF89020 		ldrh	r2, [sp, #144]
  79 002a 0592     		str	r2, [sp, #20]
  80 002c BDF89440 		ldrh	r4, [sp, #148]
  81 0030 BDF89820 		ldrh	r2, [sp, #152]
  82 0034 0892     		str	r2, [sp, #32]
  83 0036 002B     		cmp	r3, #0
  84 0038 00F09480 		beq	.L7
  85 003c 8A46     		mov	r10, r1
  86 003e 0020     		movs	r0, #0
  87 0040 CEF10002 		rsb	r2, lr, #0
  88 0044 97B2     		uxth	r7, r2
  89 0046 CBF10002 		rsb	r2, fp, #0
  90 004a 92B2     		uxth	r2, r2
  91 004c 0D92     		str	r2, [sp, #52]
  92 004e C846     		mov	r8, r9
  93 0050 D146     		mov	r9, r10
  94 0052 CDF828B0 		str	fp, [sp, #40]
  95 0056 8346     		mov	fp, r0
  96 0058 2246     		mov	r2, r4
  97 005a 0E97     		str	r7, [sp, #56]
  98 005c 3746     		mov	r7, r6
  99 005e 7646     		mov	r6, lr
 100 0060 9A46     		mov	r10, r3
 101 0062 76E0     		b	.L8
 102              	.L12:
 103 0064 0133     		adds	r3, r3, #1
 104 0066 1BB2     		sxth	r3, r3
 105 0068 1946     		mov	r1, r3
 106 006a 8342     		cmp	r3, r0
 107 006c 10DA     		bge	.L11
 108              	.L13:
 109 006e 53EA0204 		orrs	r4, r3, r2
 110 0072 F7D4     		bmi	.L12
 111 0074 A845     		cmp	r8, r5
 112 0076 F5DD     		ble	.L12
 113 0078 8945     		cmp	r9, r1
 114 007a F3DD     		ble	.L12
 115 007c 05FB0911 		mla	r1, r5, r9, r1
 116 0080 0AFB01B1 		mla	r1, r10, r1, fp
 117 0084 009C     		ldr	r4, [sp]
ARM GAS  C:\Users\ihavenoK\AppData\Local\Temp\cckpGtIU.s 			page 3


 118 0086 34F91110 		ldrsh	r1, [r4, r1, lsl #1]
 119 008a 8C44     		add	ip, ip, r1
 120 008c 0137     		adds	r7, r7, #1
 121 008e E9E7     		b	.L12
 122              	.L11:
 123 0090 0132     		adds	r2, r2, #1
 124 0092 12B2     		sxth	r2, r2
 125 0094 1546     		mov	r5, r2
 126 0096 7245     		cmp	r2, lr
 127 0098 04DA     		bge	.L27
 128              	.L14:
 129 009a 8642     		cmp	r6, r0
 130 009c F8DA     		bge	.L11
 131 009e 3346     		mov	r3, r6
 132 00a0 3146     		mov	r1, r6
 133 00a2 E4E7     		b	.L13
 134              	.L27:
 135 00a4 0299     		ldr	r1, [sp, #8]
 136 00a6 039B     		ldr	r3, [sp, #12]
 137 00a8 049C     		ldr	r4, [sp, #16]
 138              	.L10:
 139 00aa 069A     		ldr	r2, [sp, #24]
 140 00ac 1344     		add	r3, r3, r2
 141 00ae 0AFB03B3 		mla	r3, r10, r3, fp
 142 00b2 089A     		ldr	r2, [sp, #32]
 143 00b4 1741     		asrs	r7, r7, r2
 144 00b6 9CFBF7FC 		sdiv	ip, ip, r7
 145 00ba 289A     		ldr	r2, [sp, #160]
 146 00bc 22F813C0 		strh	ip, [r2, r3, lsl #1]	@ movhi
 147 00c0 631C     		adds	r3, r4, #1
 148 00c2 1CB2     		sxth	r4, r3
 149 00c4 2346     		mov	r3, r4
 150 00c6 019A     		ldr	r2, [sp, #4]
 151 00c8 8A18     		adds	r2, r1, r2
 152 00ca 91B2     		uxth	r1, r2
 153 00cc 059A     		ldr	r2, [sp, #20]
 154 00ce 9442     		cmp	r4, r2
 155 00d0 13DA     		bge	.L28
 156              	.L15:
 157 00d2 079D     		ldr	r5, [sp, #28]
 158 00d4 7545     		cmp	r5, lr
 159 00d6 0DDA     		bge	.L21
 160 00d8 0EB2     		sxth	r6, r1
 161 00da 099A     		ldr	r2, [sp, #36]
 162 00dc 0198     		ldr	r0, [sp, #4]
 163 00de 03FB0020 		mla	r0, r3, r0, r2
 164 00e2 0A9A     		ldr	r2, [sp, #40]
 165 00e4 801A     		subs	r0, r0, r2
 166 00e6 2A46     		mov	r2, r5
 167 00e8 0027     		movs	r7, #0
 168 00ea BC46     		mov	ip, r7
 169 00ec 0291     		str	r1, [sp, #8]
 170 00ee 0393     		str	r3, [sp, #12]
 171 00f0 0494     		str	r4, [sp, #16]
 172 00f2 D2E7     		b	.L14
 173              	.L21:
 174 00f4 0027     		movs	r7, #0
ARM GAS  C:\Users\ihavenoK\AppData\Local\Temp\cckpGtIU.s 			page 4


 175 00f6 BC46     		mov	ip, r7
 176 00f8 D7E7     		b	.L10
 177              	.L28:
 178 00fa 109F     		ldr	r7, [sp, #64]
 179 00fc 119E     		ldr	r6, [sp, #68]
 180 00fe 129D     		ldr	r5, [sp, #72]
 181 0100 139A     		ldr	r2, [sp, #76]
 182              	.L18:
 183 0102 0C9B     		ldr	r3, [sp, #48]
 184 0104 0133     		adds	r3, r3, #1
 185 0106 19B2     		sxth	r1, r3
 186 0108 0C91     		str	r1, [sp, #48]
 187 010a 0C46     		mov	r4, r1
 188 010c 0B9B     		ldr	r3, [sp, #44]
 189 010e 2B44     		add	r3, r3, r5
 190 0110 9BB2     		uxth	r3, r3
 191 0112 0B93     		str	r3, [sp, #44]
 192 0114 9142     		cmp	r1, r2
 193 0116 16DA     		bge	.L25
 194              	.L19:
 195 0118 059B     		ldr	r3, [sp, #20]
 196 011a 002B     		cmp	r3, #0
 197 011c F1D0     		beq	.L18
 198 011e BDF92C30 		ldrsh	r3, [sp, #44]
 199 0122 0793     		str	r3, [sp, #28]
 200 0124 04FB057E 		mla	lr, r4, r5, r7
 201 0128 AEEB060E 		sub	lr, lr, r6
 202 012c 059B     		ldr	r3, [sp, #20]
 203 012e 03FB04F3 		mul	r3, r3, r4
 204 0132 0693     		str	r3, [sp, #24]
 205 0134 0D9B     		ldr	r3, [sp, #52]
 206 0136 0024     		movs	r4, #0
 207 0138 1946     		mov	r1, r3
 208 013a 1097     		str	r7, [sp, #64]
 209 013c 1196     		str	r6, [sp, #68]
 210 013e 1295     		str	r5, [sp, #72]
 211 0140 1392     		str	r2, [sp, #76]
 212 0142 2346     		mov	r3, r4
 213 0144 C5E7     		b	.L15
 214              	.L25:
 215 0146 0F98     		ldr	r0, [sp, #60]
 216              	.L16:
 217 0148 411C     		adds	r1, r0, #1
 218 014a 08B2     		sxth	r0, r1
 219 014c 8346     		mov	fp, r0
 220 014e 5045     		cmp	r0, r10
 221 0150 08DA     		bge	.L7
 222              	.L8:
 223 0152 002A     		cmp	r2, #0
 224 0154 F8D0     		beq	.L16
 225 0156 0E9B     		ldr	r3, [sp, #56]
 226 0158 0B93     		str	r3, [sp, #44]
 227 015a 0023     		movs	r3, #0
 228 015c 0C93     		str	r3, [sp, #48]
 229 015e 1C46     		mov	r4, r3
 230 0160 0F90     		str	r0, [sp, #60]
 231 0162 D9E7     		b	.L19
ARM GAS  C:\Users\ihavenoK\AppData\Local\Temp\cckpGtIU.s 			page 5


 232              	.L7:
 233 0164 15B0     		add	sp, sp, #84
 234              		@ sp needed
 235 0166 BDE8F08F 		pop	{r4, r5, r6, r7, r8, r9, r10, fp, pc}
 237              		.section	.text.local_avepool_q15_CHW,"ax",%progbits
 238              		.align	1
 239              		.global	local_avepool_q15_CHW
 240              		.syntax unified
 241              		.thumb
 242              		.thumb_func
 244              	local_avepool_q15_CHW:
 245              		@ args = 44, pretend = 0, frame = 88
 246              		@ frame_needed = 0, uses_anonymous_args = 0
 247 0000 2DE9F04F 		push	{r4, r5, r6, r7, r8, r9, r10, fp, lr}
 248 0004 97B0     		sub	sp, sp, #92
 249 0006 8346     		mov	fp, r0
 250 0008 8A46     		mov	r10, r1
 251 000a 9146     		mov	r9, r2
 252 000c BDF88020 		ldrh	r2, [sp, #128]
 253 0010 0892     		str	r2, [sp, #32]
 254 0012 BDF88420 		ldrh	r2, [sp, #132]
 255 0016 0D92     		str	r2, [sp, #52]
 256 0018 BDF88810 		ldrh	r1, [sp, #136]
 257 001c 0991     		str	r1, [sp, #36]
 258 001e BDF88C60 		ldrh	r6, [sp, #140]
 259 0022 BDF89020 		ldrh	r2, [sp, #144]
 260 0026 0092     		str	r2, [sp]
 261 0028 BDF894E0 		ldrh	lr, [sp, #148]
 262 002c BDF89800 		ldrh	r0, [sp, #152]
 263 0030 0490     		str	r0, [sp, #16]
 264 0032 BDF89C40 		ldrh	r4, [sp, #156]
 265 0036 BDF8A020 		ldrh	r2, [sp, #160]
 266 003a 0692     		str	r2, [sp, #24]
 267 003c 002B     		cmp	r3, #0
 268 003e 00F0A780 		beq	.L29
 269 0042 9C46     		mov	ip, r3
 270 0044 0025     		movs	r5, #0
 271 0046 00FB04F7 		mul	r7, r0, r4
 272 004a 7342     		rsbs	r3, r6, #0
 273 004c 9BB2     		uxth	r3, r3
 274 004e 0E93     		str	r3, [sp, #56]
 275 0050 4B42     		rsbs	r3, r1, #0
 276 0052 9BB2     		uxth	r3, r3
 277 0054 0F93     		str	r3, [sp, #60]
 278 0056 2B46     		mov	r3, r5
 279 0058 5246     		mov	r2, r10
 280 005a DA46     		mov	r10, fp
 281 005c 7046     		mov	r0, lr
 282 005e 2146     		mov	r1, r4
 283 0060 9346     		mov	fp, r2
 284 0062 7EE0     		b	.L41
 285              	.L35:
 286 0064 0133     		adds	r3, r3, #1
 287 0066 1BB2     		sxth	r3, r3
 288 0068 1846     		mov	r0, r3
 289 006a A342     		cmp	r3, r4
 290 006c 0FDA     		bge	.L34
ARM GAS  C:\Users\ihavenoK\AppData\Local\Temp\cckpGtIU.s 			page 6


 291              	.L36:
 292 006e 53EA0105 		orrs	r5, r3, r1
 293 0072 F7D4     		bmi	.L35
 294 0074 B145     		cmp	r9, r6
 295 0076 F5DD     		ble	.L35
 296 0078 8345     		cmp	fp, r0
 297 007a F3DD     		ble	.L35
 298 007c 4044     		add	r0, r0, r8
 299 007e 06FB0B00 		mla	r0, r6, fp, r0
 300 0082 3AF91000 		ldrsh	r0, [r10, r0, lsl #1]
 301 0086 8644     		add	lr, lr, r0
 302 0088 0CF1010C 		add	ip, ip, #1
 303 008c EAE7     		b	.L35
 304              	.L34:
 305 008e 0131     		adds	r1, r1, #1
 306 0090 09B2     		sxth	r1, r1
 307 0092 0E46     		mov	r6, r1
 308 0094 9142     		cmp	r1, r2
 309 0096 04DA     		bge	.L49
 310              	.L37:
 311 0098 A742     		cmp	r7, r4
 312 009a F8DA     		bge	.L34
 313 009c 3B46     		mov	r3, r7
 314 009e 3846     		mov	r0, r7
 315 00a0 E5E7     		b	.L36
 316              	.L49:
 317 00a2 0198     		ldr	r0, [sp, #4]
 318 00a4 029B     		ldr	r3, [sp, #8]
 319 00a6 039D     		ldr	r5, [sp, #12]
 320              	.L33:
 321 00a8 0799     		ldr	r1, [sp, #28]
 322 00aa 0144     		add	r1, r1, r0
 323 00ac 0698     		ldr	r0, [sp, #24]
 324 00ae 4CFA00FC 		asr	ip, ip, r0
 325 00b2 9EFBFCFE 		sdiv	lr, lr, ip
 326 00b6 2A98     		ldr	r0, [sp, #168]
 327 00b8 20F811E0 		strh	lr, [r0, r1, lsl #1]	@ movhi
 328 00bc 691C     		adds	r1, r5, #1
 329 00be 0DB2     		sxth	r5, r1
 330 00c0 2846     		mov	r0, r5
 331 00c2 0099     		ldr	r1, [sp]
 332 00c4 0B44     		add	r3, r3, r1
 333 00c6 9BB2     		uxth	r3, r3
 334 00c8 0499     		ldr	r1, [sp, #16]
 335 00ca 8D42     		cmp	r5, r1
 336 00cc 15DA     		bge	.L50
 337              	.L38:
 338 00ce 059E     		ldr	r6, [sp, #20]
 339 00d0 9642     		cmp	r6, r2
 340 00d2 0EDA     		bge	.L42
 341 00d4 1FB2     		sxth	r7, r3
 342 00d6 0899     		ldr	r1, [sp, #32]
 343 00d8 009C     		ldr	r4, [sp]
 344 00da 00FB0414 		mla	r4, r0, r4, r1
 345 00de 0999     		ldr	r1, [sp, #36]
 346 00e0 641A     		subs	r4, r4, r1
 347 00e2 3146     		mov	r1, r6
ARM GAS  C:\Users\ihavenoK\AppData\Local\Temp\cckpGtIU.s 			page 7


 348 00e4 4FF0000C 		mov	ip, #0
 349 00e8 E646     		mov	lr, ip
 350 00ea 0190     		str	r0, [sp, #4]
 351 00ec 0293     		str	r3, [sp, #8]
 352 00ee 0395     		str	r5, [sp, #12]
 353 00f0 D2E7     		b	.L37
 354              	.L42:
 355 00f2 4FF0000C 		mov	ip, #0
 356 00f6 E646     		mov	lr, ip
 357 00f8 D6E7     		b	.L33
 358              	.L50:
 359 00fa 139F     		ldr	r7, [sp, #76]
 360 00fc 149C     		ldr	r4, [sp, #80]
 361 00fe 159E     		ldr	r6, [sp, #84]
 362              	.L40:
 363 0100 0B9B     		ldr	r3, [sp, #44]
 364 0102 0133     		adds	r3, r3, #1
 365 0104 1AB2     		sxth	r2, r3
 366 0106 0B92     		str	r2, [sp, #44]
 367 0108 1146     		mov	r1, r2
 368 010a 0A9B     		ldr	r3, [sp, #40]
 369 010c 2344     		add	r3, r3, r4
 370 010e 9BB2     		uxth	r3, r3
 371 0110 0A93     		str	r3, [sp, #40]
 372 0112 B242     		cmp	r2, r6
 373 0114 19DA     		bge	.L47
 374              	.L32:
 375 0116 049B     		ldr	r3, [sp, #16]
 376 0118 002B     		cmp	r3, #0
 377 011a F1D0     		beq	.L40
 378 011c BDF92830 		ldrsh	r3, [sp, #40]
 379 0120 0593     		str	r3, [sp, #20]
 380 0122 0D9B     		ldr	r3, [sp, #52]
 381 0124 01FB0432 		mla	r2, r1, r4, r3
 382 0128 D21B     		subs	r2, r2, r7
 383 012a 0F98     		ldr	r0, [sp, #60]
 384 012c 0025     		movs	r5, #0
 385 012e DDF830C0 		ldr	ip, [sp, #48]
 386 0132 DDF810E0 		ldr	lr, [sp, #16]
 387 0136 0EFB01C1 		mla	r1, lr, r1, ip
 388 013a 0791     		str	r1, [sp, #28]
 389 013c 0146     		mov	r1, r0
 390 013e 2846     		mov	r0, r5
 391 0140 1397     		str	r7, [sp, #76]
 392 0142 1494     		str	r4, [sp, #80]
 393 0144 1596     		str	r6, [sp, #84]
 394 0146 0B46     		mov	r3, r1
 395 0148 C1E7     		b	.L38
 396              	.L47:
 397 014a 109D     		ldr	r5, [sp, #64]
 398 014c DDF844C0 		ldr	ip, [sp, #68]
 399 0150 2046     		mov	r0, r4
 400 0152 3146     		mov	r1, r6
 401 0154 3E46     		mov	r6, r7
 402 0156 129F     		ldr	r7, [sp, #72]
 403              	.L31:
 404 0158 6A1C     		adds	r2, r5, #1
ARM GAS  C:\Users\ihavenoK\AppData\Local\Temp\cckpGtIU.s 			page 8


 405 015a 15B2     		sxth	r5, r2
 406 015c 2B46     		mov	r3, r5
 407 015e 6545     		cmp	r5, ip
 408 0160 16DA     		bge	.L29
 409              	.L41:
 410 0162 03FB0BF4 		mul	r4, r3, fp
 411 0166 09FB04F2 		mul	r2, r9, r4
 412 016a 0029     		cmp	r1, #0
 413 016c F4D0     		beq	.L31
 414 016e 03FB07F3 		mul	r3, r3, r7
 415 0172 0C93     		str	r3, [sp, #48]
 416 0174 0E9B     		ldr	r3, [sp, #56]
 417 0176 0A93     		str	r3, [sp, #40]
 418 0178 0023     		movs	r3, #0
 419 017a 0B93     		str	r3, [sp, #44]
 420 017c 1095     		str	r5, [sp, #64]
 421 017e CDF844C0 		str	ip, [sp, #68]
 422 0182 0446     		mov	r4, r0
 423 0184 1297     		str	r7, [sp, #72]
 424 0186 3746     		mov	r7, r6
 425 0188 0E46     		mov	r6, r1
 426 018a 1946     		mov	r1, r3
 427 018c 9046     		mov	r8, r2
 428 018e C2E7     		b	.L32
 429              	.L29:
 430 0190 17B0     		add	sp, sp, #92
 431              		@ sp needed
 432 0192 BDE8F08F 		pop	{r4, r5, r6, r7, r8, r9, r10, fp, pc}
 434              		.section	.text.local_maxpool_q15_HWC,"ax",%progbits
 435              		.align	1
 436              		.global	local_maxpool_q15_HWC
 437              		.syntax unified
 438              		.thumb
 439              		.thumb_func
 441              	local_maxpool_q15_HWC:
 442              		@ args = 40, pretend = 0, frame = 72
 443              		@ frame_needed = 0, uses_anonymous_args = 0
 444 0000 2DE9F04F 		push	{r4, r5, r6, r7, r8, r9, r10, fp, lr}
 445 0004 93B0     		sub	sp, sp, #76
 446 0006 8246     		mov	r10, r0
 447 0008 9346     		mov	fp, r2
 448 000a BDF87020 		ldrh	r2, [sp, #112]
 449 000e 0892     		str	r2, [sp, #32]
 450 0010 BDF87420 		ldrh	r2, [sp, #116]
 451 0014 0A92     		str	r2, [sp, #40]
 452 0016 BDF87820 		ldrh	r2, [sp, #120]
 453 001a 0792     		str	r2, [sp, #28]
 454 001c BDF87C50 		ldrh	r5, [sp, #124]
 455 0020 BDF88020 		ldrh	r2, [sp, #128]
 456 0024 0092     		str	r2, [sp]
 457 0026 BDF884E0 		ldrh	lr, [sp, #132]
 458 002a BDF88820 		ldrh	r2, [sp, #136]
 459 002e 0492     		str	r2, [sp, #16]
 460 0030 BDF88C00 		ldrh	r0, [sp, #140]
 461 0034 002B     		cmp	r3, #0
 462 0036 00F09080 		beq	.L51
 463 003a 8846     		mov	r8, r1
ARM GAS  C:\Users\ihavenoK\AppData\Local\Temp\cckpGtIU.s 			page 9


 464 003c 1F46     		mov	r7, r3
 465 003e 0023     		movs	r3, #0
 466 0040 9946     		mov	r9, r3
 467 0042 6A42     		rsbs	r2, r5, #0
 468 0044 96B2     		uxth	r6, r2
 469 0046 079A     		ldr	r2, [sp, #28]
 470 0048 5242     		rsbs	r2, r2, #0
 471 004a 92B2     		uxth	r2, r2
 472 004c 0B92     		str	r2, [sp, #44]
 473 004e 1A46     		mov	r2, r3
 474 0050 5346     		mov	r3, r10
 475 0052 CA46     		mov	r10, r9
 476 0054 7146     		mov	r1, lr
 477 0056 BE46     		mov	lr, r7
 478 0058 9946     		mov	r9, r3
 479 005a 72E0     		b	.L52
 480              	.L56:
 481 005c 0133     		adds	r3, r3, #1
 482 005e 1BB2     		sxth	r3, r3
 483 0060 1946     		mov	r1, r3
 484 0062 8342     		cmp	r3, r0
 485 0064 10DA     		bge	.L55
 486              	.L57:
 487 0066 53EA0204 		orrs	r4, r3, r2
 488 006a F7D4     		bmi	.L56
 489 006c AB45     		cmp	fp, r5
 490 006e F5DD     		ble	.L56
 491 0070 8845     		cmp	r8, r1
 492 0072 F3DD     		ble	.L56
 493 0074 05FB0811 		mla	r1, r5, r8, r1
 494 0078 0EFB01A1 		mla	r1, lr, r1, r10
 495 007c 39F91110 		ldrsh	r1, [r9, r1, lsl #1]
 496 0080 8F42     		cmp	r7, r1
 497 0082 B8BF     		it	lt
 498 0084 0F46     		movlt	r7, r1
 499 0086 E9E7     		b	.L56
 500              	.L55:
 501 0088 0132     		adds	r2, r2, #1
 502 008a 12B2     		sxth	r2, r2
 503 008c 1546     		mov	r5, r2
 504 008e 6245     		cmp	r2, ip
 505 0090 04DA     		bge	.L71
 506              	.L58:
 507 0092 8642     		cmp	r6, r0
 508 0094 F8DA     		bge	.L55
 509 0096 3346     		mov	r3, r6
 510 0098 3146     		mov	r1, r6
 511 009a E4E7     		b	.L57
 512              	.L71:
 513 009c 0199     		ldr	r1, [sp, #4]
 514 009e 029B     		ldr	r3, [sp, #8]
 515 00a0 039C     		ldr	r4, [sp, #12]
 516              	.L54:
 517 00a2 059A     		ldr	r2, [sp, #20]
 518 00a4 1344     		add	r3, r3, r2
 519 00a6 0EFB03A3 		mla	r3, lr, r3, r10
 520 00aa 259A     		ldr	r2, [sp, #148]
ARM GAS  C:\Users\ihavenoK\AppData\Local\Temp\cckpGtIU.s 			page 10


 521 00ac 22F81370 		strh	r7, [r2, r3, lsl #1]	@ movhi
 522 00b0 631C     		adds	r3, r4, #1
 523 00b2 1CB2     		sxth	r4, r3
 524 00b4 2346     		mov	r3, r4
 525 00b6 009A     		ldr	r2, [sp]
 526 00b8 8A18     		adds	r2, r1, r2
 527 00ba 91B2     		uxth	r1, r2
 528 00bc 049A     		ldr	r2, [sp, #16]
 529 00be 9442     		cmp	r4, r2
 530 00c0 11DA     		bge	.L72
 531              	.L59:
 532 00c2 069D     		ldr	r5, [sp, #24]
 533 00c4 6545     		cmp	r5, ip
 534 00c6 0CDA     		bge	.L65
 535 00c8 0EB2     		sxth	r6, r1
 536 00ca 089A     		ldr	r2, [sp, #32]
 537 00cc 0098     		ldr	r0, [sp]
 538 00ce 03FB0020 		mla	r0, r3, r0, r2
 539 00d2 079A     		ldr	r2, [sp, #28]
 540 00d4 801A     		subs	r0, r0, r2
 541 00d6 2A46     		mov	r2, r5
 542 00d8 214F     		ldr	r7, .L73
 543 00da 0191     		str	r1, [sp, #4]
 544 00dc 0293     		str	r3, [sp, #8]
 545 00de 0394     		str	r4, [sp, #12]
 546 00e0 D7E7     		b	.L58
 547              	.L65:
 548 00e2 1F4F     		ldr	r7, .L73
 549 00e4 DDE7     		b	.L54
 550              	.L72:
 551 00e6 0E9A     		ldr	r2, [sp, #56]
 552 00e8 0F9E     		ldr	r6, [sp, #60]
 553 00ea 1098     		ldr	r0, [sp, #64]
 554 00ec 119D     		ldr	r5, [sp, #68]
 555              	.L62:
 556 00ee 531C     		adds	r3, r2, #1
 557 00f0 1AB2     		sxth	r2, r3
 558 00f2 1446     		mov	r4, r2
 559 00f4 099B     		ldr	r3, [sp, #36]
 560 00f6 0344     		add	r3, r3, r0
 561 00f8 9BB2     		uxth	r3, r3
 562 00fa 0993     		str	r3, [sp, #36]
 563 00fc AA42     		cmp	r2, r5
 564 00fe 16DA     		bge	.L69
 565              	.L63:
 566 0100 049B     		ldr	r3, [sp, #16]
 567 0102 002B     		cmp	r3, #0
 568 0104 F3D0     		beq	.L62
 569 0106 BDF92430 		ldrsh	r3, [sp, #36]
 570 010a 0693     		str	r3, [sp, #24]
 571 010c 0A9B     		ldr	r3, [sp, #40]
 572 010e 04FB003C 		mla	ip, r4, r0, r3
 573 0112 ACEB060C 		sub	ip, ip, r6
 574 0116 049B     		ldr	r3, [sp, #16]
 575 0118 03FB04F3 		mul	r3, r3, r4
 576 011c 0593     		str	r3, [sp, #20]
 577 011e 0B99     		ldr	r1, [sp, #44]
ARM GAS  C:\Users\ihavenoK\AppData\Local\Temp\cckpGtIU.s 			page 11


 578 0120 0024     		movs	r4, #0
 579 0122 2346     		mov	r3, r4
 580 0124 0E92     		str	r2, [sp, #56]
 581 0126 0F96     		str	r6, [sp, #60]
 582 0128 1090     		str	r0, [sp, #64]
 583 012a 1195     		str	r5, [sp, #68]
 584 012c C9E7     		b	.L59
 585              	.L69:
 586 012e 0C9A     		ldr	r2, [sp, #48]
 587 0130 0146     		mov	r1, r0
 588 0132 2846     		mov	r0, r5
 589 0134 3546     		mov	r5, r6
 590 0136 0D9E     		ldr	r6, [sp, #52]
 591              	.L60:
 592 0138 0132     		adds	r2, r2, #1
 593 013a 12B2     		sxth	r2, r2
 594 013c 9246     		mov	r10, r2
 595 013e 7245     		cmp	r2, lr
 596 0140 0BDA     		bge	.L51
 597              	.L52:
 598 0142 0028     		cmp	r0, #0
 599 0144 F8D0     		beq	.L60
 600 0146 0996     		str	r6, [sp, #36]
 601 0148 0027     		movs	r7, #0
 602 014a 3C46     		mov	r4, r7
 603 014c 0C92     		str	r2, [sp, #48]
 604 014e 3A46     		mov	r2, r7
 605 0150 0D96     		str	r6, [sp, #52]
 606 0152 2E46     		mov	r6, r5
 607 0154 0546     		mov	r5, r0
 608 0156 0846     		mov	r0, r1
 609 0158 D2E7     		b	.L63
 610              	.L51:
 611 015a 13B0     		add	sp, sp, #76
 612              		@ sp needed
 613 015c BDE8F08F 		pop	{r4, r5, r6, r7, r8, r9, r10, fp, pc}
 614              	.L74:
 615              		.align	2
 616              	.L73:
 617 0160 0080FFFF 		.word	-32768
 619              		.section	.text.local_maxpool_q15_CHW,"ax",%progbits
 620              		.align	1
 621              		.global	local_maxpool_q15_CHW
 622              		.syntax unified
 623              		.thumb
 624              		.thumb_func
 626              	local_maxpool_q15_CHW:
 627              		@ args = 40, pretend = 0, frame = 80
 628              		@ frame_needed = 0, uses_anonymous_args = 0
 629 0000 2DE9F04F 		push	{r4, r5, r6, r7, r8, r9, r10, fp, lr}
 630 0004 95B0     		sub	sp, sp, #84
 631 0006 8346     		mov	fp, r0
 632 0008 8A46     		mov	r10, r1
 633 000a 9146     		mov	r9, r2
 634 000c BDF87820 		ldrh	r2, [sp, #120]
 635 0010 0792     		str	r2, [sp, #28]
 636 0012 BDF87C20 		ldrh	r2, [sp, #124]
ARM GAS  C:\Users\ihavenoK\AppData\Local\Temp\cckpGtIU.s 			page 12


 637 0016 0A92     		str	r2, [sp, #40]
 638 0018 BDF88020 		ldrh	r2, [sp, #128]
 639 001c 0892     		str	r2, [sp, #32]
 640 001e BDF88450 		ldrh	r5, [sp, #132]
 641 0022 BDF88810 		ldrh	r1, [sp, #136]
 642 0026 0B91     		str	r1, [sp, #44]
 643 0028 BDF88CE0 		ldrh	lr, [sp, #140]
 644 002c BDF89010 		ldrh	r1, [sp, #144]
 645 0030 0391     		str	r1, [sp, #12]
 646 0032 BDF89400 		ldrh	r0, [sp, #148]
 647 0036 002B     		cmp	r3, #0
 648 0038 00F0A180 		beq	.L75
 649 003c 9846     		mov	r8, r3
 650 003e 0024     		movs	r4, #0
 651 0040 2646     		mov	r6, r4
 652 0042 6B42     		rsbs	r3, r5, #0
 653 0044 9BB2     		uxth	r3, r3
 654 0046 0C93     		str	r3, [sp, #48]
 655 0048 5342     		rsbs	r3, r2, #0
 656 004a 9BB2     		uxth	r3, r3
 657 004c 0D93     		str	r3, [sp, #52]
 658 004e 2246     		mov	r2, r4
 659 0050 4C46     		mov	r4, r9
 660 0052 D146     		mov	r9, r10
 661 0054 DA46     		mov	r10, fp
 662 0056 4346     		mov	r3, r8
 663 0058 7146     		mov	r1, lr
 664 005a A346     		mov	fp, r4
 665 005c 77E0     		b	.L87
 666              	.L81:
 667 005e 0131     		adds	r1, r1, #1
 668 0060 09B2     		sxth	r1, r1
 669 0062 0D46     		mov	r5, r1
 670 0064 8142     		cmp	r1, r0
 671 0066 0FDA     		bge	.L80
 672              	.L82:
 673 0068 51EA020E 		orrs	lr, r1, r2
 674 006c F7D4     		bmi	.L81
 675 006e B345     		cmp	fp, r6
 676 0070 F5DD     		ble	.L81
 677 0072 A945     		cmp	r9, r5
 678 0074 F3DD     		ble	.L81
 679 0076 4544     		add	r5, r5, r8
 680 0078 06FB0955 		mla	r5, r6, r9, r5
 681 007c 3AF91550 		ldrsh	r5, [r10, r5, lsl #1]
 682 0080 AC42     		cmp	r4, r5
 683 0082 B8BF     		it	lt
 684 0084 2C46     		movlt	r4, r5
 685 0086 EAE7     		b	.L81
 686              	.L80:
 687 0088 0132     		adds	r2, r2, #1
 688 008a 12B2     		sxth	r2, r2
 689 008c 1646     		mov	r6, r2
 690 008e 6245     		cmp	r2, ip
 691 0090 04DA     		bge	.L95
 692              	.L83:
 693 0092 8742     		cmp	r7, r0
ARM GAS  C:\Users\ihavenoK\AppData\Local\Temp\cckpGtIU.s 			page 13


 694 0094 F8DA     		bge	.L80
 695 0096 3946     		mov	r1, r7
 696 0098 3D46     		mov	r5, r7
 697 009a E5E7     		b	.L82
 698              	.L95:
 699 009c DDF800E0 		ldr	lr, [sp]
 700 00a0 0199     		ldr	r1, [sp, #4]
 701 00a2 029D     		ldr	r5, [sp, #8]
 702              	.L79:
 703 00a4 049A     		ldr	r2, [sp, #16]
 704 00a6 0A44     		add	r2, r2, r1
 705 00a8 0599     		ldr	r1, [sp, #20]
 706 00aa 0A44     		add	r2, r2, r1
 707 00ac 2799     		ldr	r1, [sp, #156]
 708 00ae 21F81240 		strh	r4, [r1, r2, lsl #1]	@ movhi
 709 00b2 0135     		adds	r5, r5, #1
 710 00b4 2DB2     		sxth	r5, r5
 711 00b6 2946     		mov	r1, r5
 712 00b8 0EEB0302 		add	r2, lr, r3
 713 00bc 1FFA82FE 		uxth	lr, r2
 714 00c0 039A     		ldr	r2, [sp, #12]
 715 00c2 AA42     		cmp	r2, r5
 716 00c4 13DD     		ble	.L96
 717              	.L84:
 718 00c6 069C     		ldr	r4, [sp, #24]
 719 00c8 6445     		cmp	r4, ip
 720 00ca 0EDA     		bge	.L88
 721 00cc 0FFA8EF7 		sxth	r7, lr
 722 00d0 079A     		ldr	r2, [sp, #28]
 723 00d2 01FB0320 		mla	r0, r1, r3, r2
 724 00d6 089A     		ldr	r2, [sp, #32]
 725 00d8 801A     		subs	r0, r0, r2
 726 00da 2246     		mov	r2, r4
 727 00dc 2646     		mov	r6, r4
 728 00de 294C     		ldr	r4, .L97
 729 00e0 CDF800E0 		str	lr, [sp]
 730 00e4 0191     		str	r1, [sp, #4]
 731 00e6 0295     		str	r5, [sp, #8]
 732 00e8 D3E7     		b	.L83
 733              	.L88:
 734 00ea 264C     		ldr	r4, .L97
 735 00ec DAE7     		b	.L79
 736              	.L96:
 737 00ee 109A     		ldr	r2, [sp, #64]
 738 00f0 119E     		ldr	r6, [sp, #68]
 739 00f2 1298     		ldr	r0, [sp, #72]
 740 00f4 139D     		ldr	r5, [sp, #76]
 741              	.L86:
 742 00f6 0132     		adds	r2, r2, #1
 743 00f8 12B2     		sxth	r2, r2
 744 00fa 9646     		mov	lr, r2
 745 00fc 0999     		ldr	r1, [sp, #36]
 746 00fe 0144     		add	r1, r1, r0
 747 0100 89B2     		uxth	r1, r1
 748 0102 0991     		str	r1, [sp, #36]
 749 0104 9542     		cmp	r5, r2
 750 0106 18DD     		ble	.L93
ARM GAS  C:\Users\ihavenoK\AppData\Local\Temp\cckpGtIU.s 			page 14


 751              	.L78:
 752 0108 0399     		ldr	r1, [sp, #12]
 753 010a 0029     		cmp	r1, #0
 754 010c F3D0     		beq	.L86
 755 010e BDF92410 		ldrsh	r1, [sp, #36]
 756 0112 0691     		str	r1, [sp, #24]
 757 0114 0A99     		ldr	r1, [sp, #40]
 758 0116 0EFB001C 		mla	ip, lr, r0, r1
 759 011a ACEB060C 		sub	ip, ip, r6
 760 011e 0399     		ldr	r1, [sp, #12]
 761 0120 01FB0EF1 		mul	r1, r1, lr
 762 0124 0491     		str	r1, [sp, #16]
 763 0126 DDF834E0 		ldr	lr, [sp, #52]
 764 012a 0024     		movs	r4, #0
 765 012c 2146     		mov	r1, r4
 766 012e 1092     		str	r2, [sp, #64]
 767 0130 1196     		str	r6, [sp, #68]
 768 0132 1290     		str	r0, [sp, #72]
 769 0134 1395     		str	r5, [sp, #76]
 770 0136 2546     		mov	r5, r4
 771 0138 C5E7     		b	.L84
 772              	.L93:
 773 013a 0E9A     		ldr	r2, [sp, #56]
 774 013c 0F9B     		ldr	r3, [sp, #60]
 775 013e 0146     		mov	r1, r0
 776 0140 2846     		mov	r0, r5
 777 0142 3546     		mov	r5, r6
 778              	.L77:
 779 0144 0132     		adds	r2, r2, #1
 780 0146 12B2     		sxth	r2, r2
 781 0148 1646     		mov	r6, r2
 782 014a 9A42     		cmp	r2, r3
 783 014c 17DA     		bge	.L75
 784              	.L87:
 785 014e 039C     		ldr	r4, [sp, #12]
 786 0150 06FB04F4 		mul	r4, r6, r4
 787 0154 00FB04F4 		mul	r4, r0, r4
 788 0158 0594     		str	r4, [sp, #20]
 789 015a 0028     		cmp	r0, #0
 790 015c F2D0     		beq	.L77
 791 015e 0C9C     		ldr	r4, [sp, #48]
 792 0160 0994     		str	r4, [sp, #36]
 793 0162 0027     		movs	r7, #0
 794 0164 BE46     		mov	lr, r7
 795 0166 06FB09F6 		mul	r6, r6, r9
 796 016a 0BFB06F8 		mul	r8, fp, r6
 797 016e 0E92     		str	r2, [sp, #56]
 798 0170 3A46     		mov	r2, r7
 799 0172 0F93     		str	r3, [sp, #60]
 800 0174 2E46     		mov	r6, r5
 801 0176 0B9B     		ldr	r3, [sp, #44]
 802 0178 0546     		mov	r5, r0
 803 017a 0846     		mov	r0, r1
 804 017c C4E7     		b	.L78
 805              	.L75:
 806 017e 15B0     		add	sp, sp, #84
 807              		@ sp needed
ARM GAS  C:\Users\ihavenoK\AppData\Local\Temp\cckpGtIU.s 			page 15


 808 0180 BDE8F08F 		pop	{r4, r5, r6, r7, r8, r9, r10, fp, pc}
 809              	.L98:
 810              		.align	2
 811              	.L97:
 812 0184 0080FFFF 		.word	-32768
 814              		.section	.text.local_sumpool_q15_HWC,"ax",%progbits
 815              		.align	1
 816              		.global	local_sumpool_q15_HWC
 817              		.syntax unified
 818              		.thumb
 819              		.thumb_func
 821              	local_sumpool_q15_HWC:
 822              		@ args = 44, pretend = 0, frame = 72
 823              		@ frame_needed = 0, uses_anonymous_args = 0
 824 0000 2DE9F04F 		push	{r4, r5, r6, r7, r8, r9, r10, fp, lr}
 825 0004 93B0     		sub	sp, sp, #76
 826 0006 9046     		mov	r8, r2
 827 0008 1A46     		mov	r2, r3
 828 000a BDF87030 		ldrh	r3, [sp, #112]
 829 000e 0993     		str	r3, [sp, #36]
 830 0010 BDF87450 		ldrh	r5, [sp, #116]
 831 0014 BDF87830 		ldrh	r3, [sp, #120]
 832 0018 0793     		str	r3, [sp, #28]
 833 001a BDF87CE0 		ldrh	lr, [sp, #124]
 834 001e BDF88030 		ldrh	r3, [sp, #128]
 835 0022 0093     		str	r3, [sp]
 836 0024 BDF88440 		ldrh	r4, [sp, #132]
 837 0028 BDF88830 		ldrh	r3, [sp, #136]
 838 002c 0493     		str	r3, [sp, #16]
 839 002e BDF88C30 		ldrh	r3, [sp, #140]
 840 0032 0B93     		str	r3, [sp, #44]
 841 0034 BDF89030 		ldrh	r3, [sp, #144]
 842 0038 0893     		str	r3, [sp, #32]
 843 003a 002A     		cmp	r2, #0
 844 003c 00F09680 		beq	.L99
 845 0040 8146     		mov	r9, r0
 846 0042 8A46     		mov	r10, r1
 847 0044 1346     		mov	r3, r2
 848 0046 0022     		movs	r2, #0
 849 0048 0799     		ldr	r1, [sp, #28]
 850 004a 4942     		rsbs	r1, r1, #0
 851 004c 89B2     		uxth	r1, r1
 852 004e 0C91     		str	r1, [sp, #48]
 853 0050 4146     		mov	r1, r8
 854 0052 D046     		mov	r8, r10
 855 0054 9246     		mov	r10, r2
 856 0056 2E46     		mov	r6, r5
 857 0058 7546     		mov	r5, lr
 858 005a 9E46     		mov	lr, r3
 859 005c 2046     		mov	r0, r4
 860 005e 8B46     		mov	fp, r1
 861 0060 79E0     		b	.L100
 862              	.L104:
 863 0062 0133     		adds	r3, r3, #1
 864 0064 1BB2     		sxth	r3, r3
 865 0066 1946     		mov	r1, r3
 866 0068 8342     		cmp	r3, r0
ARM GAS  C:\Users\ihavenoK\AppData\Local\Temp\cckpGtIU.s 			page 16


 867 006a 0EDA     		bge	.L103
 868              	.L105:
 869 006c 53EA0204 		orrs	r4, r3, r2
 870 0070 F7D4     		bmi	.L104
 871 0072 AB45     		cmp	fp, r5
 872 0074 F5DD     		ble	.L104
 873 0076 8845     		cmp	r8, r1
 874 0078 F3DD     		ble	.L104
 875 007a 05FB0811 		mla	r1, r5, r8, r1
 876 007e 0EFB01A1 		mla	r1, lr, r1, r10
 877 0082 39F91110 		ldrsh	r1, [r9, r1, lsl #1]
 878 0086 0F44     		add	r7, r7, r1
 879 0088 EBE7     		b	.L104
 880              	.L103:
 881 008a 0132     		adds	r2, r2, #1
 882 008c 12B2     		sxth	r2, r2
 883 008e 1546     		mov	r5, r2
 884 0090 6245     		cmp	r2, ip
 885 0092 04DA     		bge	.L119
 886              	.L106:
 887 0094 8642     		cmp	r6, r0
 888 0096 F8DA     		bge	.L103
 889 0098 3346     		mov	r3, r6
 890 009a 3146     		mov	r1, r6
 891 009c E6E7     		b	.L105
 892              	.L119:
 893 009e 019B     		ldr	r3, [sp, #4]
 894 00a0 0299     		ldr	r1, [sp, #8]
 895 00a2 039C     		ldr	r4, [sp, #12]
 896              	.L102:
 897 00a4 059A     		ldr	r2, [sp, #20]
 898 00a6 0A44     		add	r2, r2, r1
 899 00a8 0EFB02A2 		mla	r2, lr, r2, r10
 900 00ac 0899     		ldr	r1, [sp, #32]
 901 00ae 0F41     		asrs	r7, r7, r1
 902 00b0 47F6FF71 		movw	r1, #32767
 903 00b4 8F42     		cmp	r7, r1
 904 00b6 A8BF     		it	ge
 905 00b8 0F46     		movge	r7, r1
 906 00ba 2E49     		ldr	r1, .L121
 907 00bc 8F42     		cmp	r7, r1
 908 00be B8BF     		it	lt
 909 00c0 0F46     		movlt	r7, r1
 910 00c2 3FB2     		sxth	r7, r7
 911 00c4 2599     		ldr	r1, [sp, #148]
 912 00c6 41F82270 		str	r7, [r1, r2, lsl #2]
 913 00ca 621C     		adds	r2, r4, #1
 914 00cc 14B2     		sxth	r4, r2
 915 00ce 2146     		mov	r1, r4
 916 00d0 009A     		ldr	r2, [sp]
 917 00d2 1344     		add	r3, r3, r2
 918 00d4 9BB2     		uxth	r3, r3
 919 00d6 049A     		ldr	r2, [sp, #16]
 920 00d8 9442     		cmp	r4, r2
 921 00da 11DA     		bge	.L120
 922              	.L107:
 923 00dc 069D     		ldr	r5, [sp, #24]
ARM GAS  C:\Users\ihavenoK\AppData\Local\Temp\cckpGtIU.s 			page 17


 924 00de 6545     		cmp	r5, ip
 925 00e0 0CDA     		bge	.L113
 926 00e2 1EB2     		sxth	r6, r3
 927 00e4 099A     		ldr	r2, [sp, #36]
 928 00e6 0098     		ldr	r0, [sp]
 929 00e8 01FB0020 		mla	r0, r1, r0, r2
 930 00ec 079A     		ldr	r2, [sp, #28]
 931 00ee 801A     		subs	r0, r0, r2
 932 00f0 2A46     		mov	r2, r5
 933 00f2 0027     		movs	r7, #0
 934 00f4 0193     		str	r3, [sp, #4]
 935 00f6 0291     		str	r1, [sp, #8]
 936 00f8 0394     		str	r4, [sp, #12]
 937 00fa CBE7     		b	.L106
 938              	.L113:
 939 00fc 0027     		movs	r7, #0
 940 00fe D1E7     		b	.L102
 941              	.L120:
 942 0100 0E9A     		ldr	r2, [sp, #56]
 943 0102 0F9E     		ldr	r6, [sp, #60]
 944 0104 109D     		ldr	r5, [sp, #64]
 945 0106 1198     		ldr	r0, [sp, #68]
 946              	.L110:
 947 0108 531C     		adds	r3, r2, #1
 948 010a 1AB2     		sxth	r2, r3
 949 010c 1446     		mov	r4, r2
 950 010e 0A9B     		ldr	r3, [sp, #40]
 951 0110 0344     		add	r3, r3, r0
 952 0112 9BB2     		uxth	r3, r3
 953 0114 0A93     		str	r3, [sp, #40]
 954 0116 0B9B     		ldr	r3, [sp, #44]
 955 0118 9A42     		cmp	r2, r3
 956 011a 16DA     		bge	.L117
 957              	.L111:
 958 011c 049B     		ldr	r3, [sp, #16]
 959 011e 002B     		cmp	r3, #0
 960 0120 F2D0     		beq	.L110
 961 0122 BDF92830 		ldrsh	r3, [sp, #40]
 962 0126 0693     		str	r3, [sp, #24]
 963 0128 04FB006C 		mla	ip, r4, r0, r6
 964 012c ACEB050C 		sub	ip, ip, r5
 965 0130 049B     		ldr	r3, [sp, #16]
 966 0132 03FB04F3 		mul	r3, r3, r4
 967 0136 0593     		str	r3, [sp, #20]
 968 0138 0C99     		ldr	r1, [sp, #48]
 969 013a 0024     		movs	r4, #0
 970 013c 0B46     		mov	r3, r1
 971 013e 0E92     		str	r2, [sp, #56]
 972 0140 0F96     		str	r6, [sp, #60]
 973 0142 1095     		str	r5, [sp, #64]
 974 0144 1190     		str	r0, [sp, #68]
 975 0146 2146     		mov	r1, r4
 976 0148 C8E7     		b	.L107
 977              	.L117:
 978 014a 0D9A     		ldr	r2, [sp, #52]
 979              	.L108:
 980 014c 0132     		adds	r2, r2, #1
ARM GAS  C:\Users\ihavenoK\AppData\Local\Temp\cckpGtIU.s 			page 18


 981 014e 12B2     		sxth	r2, r2
 982 0150 9246     		mov	r10, r2
 983 0152 7245     		cmp	r2, lr
 984 0154 0ADA     		bge	.L99
 985              	.L100:
 986 0156 0B9B     		ldr	r3, [sp, #44]
 987 0158 002B     		cmp	r3, #0
 988 015a F7D0     		beq	.L108
 989 015c 6942     		rsbs	r1, r5, #0
 990 015e 8BB2     		uxth	r3, r1
 991 0160 0A93     		str	r3, [sp, #40]
 992 0162 0027     		movs	r7, #0
 993 0164 3C46     		mov	r4, r7
 994 0166 0D92     		str	r2, [sp, #52]
 995 0168 3A46     		mov	r2, r7
 996 016a D7E7     		b	.L111
 997              	.L99:
 998 016c 13B0     		add	sp, sp, #76
 999              		@ sp needed
 1000 016e BDE8F08F 		pop	{r4, r5, r6, r7, r8, r9, r10, fp, pc}
 1001              	.L122:
 1002 0172 00BF     		.align	2
 1003              	.L121:
 1004 0174 0080FFFF 		.word	-32768
 1006              		.section	.text.local_sumpool_q15_CHW,"ax",%progbits
 1007              		.align	1
 1008              		.global	local_sumpool_q15_CHW
 1009              		.syntax unified
 1010              		.thumb
 1011              		.thumb_func
 1013              	local_sumpool_q15_CHW:
 1014              		@ args = 44, pretend = 0, frame = 80
 1015              		@ frame_needed = 0, uses_anonymous_args = 0
 1016 0000 2DE9F04F 		push	{r4, r5, r6, r7, r8, r9, r10, fp, lr}
 1017 0004 95B0     		sub	sp, sp, #84
 1018 0006 8346     		mov	fp, r0
 1019 0008 8A46     		mov	r10, r1
 1020 000a 9146     		mov	r9, r2
 1021 000c BDF87820 		ldrh	r2, [sp, #120]
 1022 0010 0992     		str	r2, [sp, #36]
 1023 0012 BDF87C20 		ldrh	r2, [sp, #124]
 1024 0016 0C92     		str	r2, [sp, #48]
 1025 0018 BDF88020 		ldrh	r2, [sp, #128]
 1026 001c 0A92     		str	r2, [sp, #40]
 1027 001e BDF88450 		ldrh	r5, [sp, #132]
 1028 0022 BDF88810 		ldrh	r1, [sp, #136]
 1029 0026 BDF88CE0 		ldrh	lr, [sp, #140]
 1030 002a BDF89000 		ldrh	r0, [sp, #144]
 1031 002e 0490     		str	r0, [sp, #16]
 1032 0030 BDF89400 		ldrh	r0, [sp, #148]
 1033 0034 BDF89840 		ldrh	r4, [sp, #152]
 1034 0038 0894     		str	r4, [sp, #32]
 1035 003a 002B     		cmp	r3, #0
 1036 003c 00F0AB80 		beq	.L123
 1037 0040 0024     		movs	r4, #0
 1038 0042 5242     		rsbs	r2, r2, #0
 1039 0044 92B2     		uxth	r2, r2
ARM GAS  C:\Users\ihavenoK\AppData\Local\Temp\cckpGtIU.s 			page 19


 1040 0046 0D92     		str	r2, [sp, #52]
 1041 0048 A446     		mov	ip, r4
 1042 004a 2246     		mov	r2, r4
 1043 004c 4C46     		mov	r4, r9
 1044 004e D146     		mov	r9, r10
 1045 0050 DA46     		mov	r10, fp
 1046 0052 1F46     		mov	r7, r3
 1047 0054 2E46     		mov	r6, r5
 1048 0056 0B46     		mov	r3, r1
 1049 0058 7546     		mov	r5, lr
 1050 005a A346     		mov	fp, r4
 1051 005c 82E0     		b	.L135
 1052              	.L129:
 1053 005e 0130     		adds	r0, r0, #1
 1054 0060 00B2     		sxth	r0, r0
 1055 0062 0546     		mov	r5, r0
 1056 0064 A042     		cmp	r0, r4
 1057 0066 0DDA     		bge	.L128
 1058              	.L130:
 1059 0068 50EA0206 		orrs	r6, r0, r2
 1060 006c F7D4     		bmi	.L129
 1061 006e BB45     		cmp	fp, r7
 1062 0070 F5DD     		ble	.L129
 1063 0072 A945     		cmp	r9, r5
 1064 0074 F3DD     		ble	.L129
 1065 0076 0D44     		add	r5, r5, r1
 1066 0078 07FB0955 		mla	r5, r7, r9, r5
 1067 007c 3AF91550 		ldrsh	r5, [r10, r5, lsl #1]
 1068 0080 A844     		add	r8, r8, r5
 1069 0082 ECE7     		b	.L129
 1070              	.L128:
 1071 0084 0132     		adds	r2, r2, #1
 1072 0086 12B2     		sxth	r2, r2
 1073 0088 1746     		mov	r7, r2
 1074 008a 7245     		cmp	r2, lr
 1075 008c 04DA     		bge	.L143
 1076              	.L131:
 1077 008e A445     		cmp	ip, r4
 1078 0090 F8DA     		bge	.L128
 1079 0092 6046     		mov	r0, ip
 1080 0094 6546     		mov	r5, ip
 1081 0096 E7E7     		b	.L130
 1082              	.L143:
 1083 0098 0198     		ldr	r0, [sp, #4]
 1084 009a 029E     		ldr	r6, [sp, #8]
 1085 009c 039D     		ldr	r5, [sp, #12]
 1086              	.L127:
 1087 009e 059A     		ldr	r2, [sp, #20]
 1088 00a0 3244     		add	r2, r2, r6
 1089 00a2 069C     		ldr	r4, [sp, #24]
 1090 00a4 2244     		add	r2, r2, r4
 1091 00a6 089C     		ldr	r4, [sp, #32]
 1092 00a8 48FA04F8 		asr	r8, r8, r4
 1093 00ac 47F6FF74 		movw	r4, #32767
 1094 00b0 A045     		cmp	r8, r4
 1095 00b2 A8BF     		it	ge
 1096 00b4 A046     		movge	r8, r4
ARM GAS  C:\Users\ihavenoK\AppData\Local\Temp\cckpGtIU.s 			page 20


 1097 00b6 394C     		ldr	r4, .L145
 1098 00b8 A045     		cmp	r8, r4
 1099 00ba B8BF     		it	lt
 1100 00bc A046     		movlt	r8, r4
 1101 00be 0FFA88F4 		sxth	r4, r8
 1102 00c2 279E     		ldr	r6, [sp, #156]
 1103 00c4 46F82240 		str	r4, [r6, r2, lsl #2]
 1104 00c8 0135     		adds	r5, r5, #1
 1105 00ca 2DB2     		sxth	r5, r5
 1106 00cc 2E46     		mov	r6, r5
 1107 00ce C218     		adds	r2, r0, r3
 1108 00d0 90B2     		uxth	r0, r2
 1109 00d2 049A     		ldr	r2, [sp, #16]
 1110 00d4 AA42     		cmp	r2, r5
 1111 00d6 13DD     		ble	.L144
 1112              	.L132:
 1113 00d8 079F     		ldr	r7, [sp, #28]
 1114 00da 7745     		cmp	r7, lr
 1115 00dc 0DDA     		bge	.L136
 1116 00de 0FFA80FC 		sxth	ip, r0
 1117 00e2 099A     		ldr	r2, [sp, #36]
 1118 00e4 06FB0324 		mla	r4, r6, r3, r2
 1119 00e8 0A9A     		ldr	r2, [sp, #40]
 1120 00ea A41A     		subs	r4, r4, r2
 1121 00ec 3A46     		mov	r2, r7
 1122 00ee 4FF00008 		mov	r8, #0
 1123 00f2 0190     		str	r0, [sp, #4]
 1124 00f4 0296     		str	r6, [sp, #8]
 1125 00f6 0395     		str	r5, [sp, #12]
 1126 00f8 C9E7     		b	.L131
 1127              	.L136:
 1128 00fa 4FF00008 		mov	r8, #0
 1129 00fe CEE7     		b	.L127
 1130              	.L144:
 1131 0100 109A     		ldr	r2, [sp, #64]
 1132 0102 DDF844C0 		ldr	ip, [sp, #68]
 1133 0106 129E     		ldr	r6, [sp, #72]
 1134 0108 139F     		ldr	r7, [sp, #76]
 1135              	.L134:
 1136 010a 0132     		adds	r2, r2, #1
 1137 010c 12B2     		sxth	r2, r2
 1138 010e 1446     		mov	r4, r2
 1139 0110 0B98     		ldr	r0, [sp, #44]
 1140 0112 3044     		add	r0, r0, r6
 1141 0114 80B2     		uxth	r0, r0
 1142 0116 0B90     		str	r0, [sp, #44]
 1143 0118 9742     		cmp	r7, r2
 1144 011a 19DD     		ble	.L141
 1145              	.L126:
 1146 011c 0498     		ldr	r0, [sp, #16]
 1147 011e 0028     		cmp	r0, #0
 1148 0120 F3D0     		beq	.L134
 1149 0122 BDF92C00 		ldrsh	r0, [sp, #44]
 1150 0126 0790     		str	r0, [sp, #28]
 1151 0128 0C98     		ldr	r0, [sp, #48]
 1152 012a 04FB060E 		mla	lr, r4, r6, r0
 1153 012e AEEB0C0E 		sub	lr, lr, ip
ARM GAS  C:\Users\ihavenoK\AppData\Local\Temp\cckpGtIU.s 			page 21


 1154 0132 0498     		ldr	r0, [sp, #16]
 1155 0134 00FB04F0 		mul	r0, r0, r4
 1156 0138 0590     		str	r0, [sp, #20]
 1157 013a DDF83480 		ldr	r8, [sp, #52]
 1158 013e 0025     		movs	r5, #0
 1159 0140 1092     		str	r2, [sp, #64]
 1160 0142 CDF844C0 		str	ip, [sp, #68]
 1161 0146 1296     		str	r6, [sp, #72]
 1162 0148 2E46     		mov	r6, r5
 1163 014a 4046     		mov	r0, r8
 1164 014c 1397     		str	r7, [sp, #76]
 1165 014e C3E7     		b	.L132
 1166              	.L141:
 1167 0150 0E9A     		ldr	r2, [sp, #56]
 1168 0152 3546     		mov	r5, r6
 1169 0154 6646     		mov	r6, ip
 1170 0156 3846     		mov	r0, r7
 1171 0158 0F9F     		ldr	r7, [sp, #60]
 1172              	.L125:
 1173 015a 0132     		adds	r2, r2, #1
 1174 015c 12B2     		sxth	r2, r2
 1175 015e 9446     		mov	ip, r2
 1176 0160 BA42     		cmp	r2, r7
 1177 0162 18DA     		bge	.L123
 1178              	.L135:
 1179 0164 0CFB09F4 		mul	r4, ip, r9
 1180 0168 0BFB04F1 		mul	r1, fp, r4
 1181 016c 049C     		ldr	r4, [sp, #16]
 1182 016e 0CFB04F4 		mul	r4, ip, r4
 1183 0172 00FB04F4 		mul	r4, r0, r4
 1184 0176 0694     		str	r4, [sp, #24]
 1185 0178 0028     		cmp	r0, #0
 1186 017a EED0     		beq	.L125
 1187 017c 7442     		rsbs	r4, r6, #0
 1188 017e A4B2     		uxth	r4, r4
 1189 0180 0B94     		str	r4, [sp, #44]
 1190 0182 4FF0000E 		mov	lr, #0
 1191 0186 7446     		mov	r4, lr
 1192 0188 0E92     		str	r2, [sp, #56]
 1193 018a 7246     		mov	r2, lr
 1194 018c 0F97     		str	r7, [sp, #60]
 1195 018e B446     		mov	ip, r6
 1196 0190 2E46     		mov	r6, r5
 1197 0192 0746     		mov	r7, r0
 1198 0194 C2E7     		b	.L126
 1199              	.L123:
 1200 0196 15B0     		add	sp, sp, #84
 1201              		@ sp needed
 1202 0198 BDE8F08F 		pop	{r4, r5, r6, r7, r8, r9, r10, fp, pc}
 1203              	.L146:
 1204              		.align	2
 1205              	.L145:
 1206 019c 0080FFFF 		.word	-32768
 1208              		.section	.text.local_up_sampling_q15_HWC,"ax",%progbits
 1209              		.align	1
 1210              		.global	local_up_sampling_q15_HWC
 1211              		.syntax unified
ARM GAS  C:\Users\ihavenoK\AppData\Local\Temp\cckpGtIU.s 			page 22


 1212              		.thumb
 1213              		.thumb_func
 1215              	local_up_sampling_q15_HWC:
 1216              		@ args = 24, pretend = 0, frame = 40
 1217              		@ frame_needed = 0, uses_anonymous_args = 0
 1218 0000 2DE9F04F 		push	{r4, r5, r6, r7, r8, r9, r10, fp, lr}
 1219 0004 8BB0     		sub	sp, sp, #44
 1220 0006 0590     		str	r0, [sp, #20]
 1221 0008 BDF850B0 		ldrh	fp, [sp, #80]
 1222 000c BDF85480 		ldrh	r8, [sp, #84]
 1223 0010 0992     		str	r2, [sp, #36]
 1224 0012 002A     		cmp	r2, #0
 1225 0014 5ED0     		beq	.L147
 1226 0016 0846     		mov	r0, r1
 1227 0018 5F00     		lsls	r7, r3, #1
 1228 001a 0BFB03F2 		mul	r2, fp, r3
 1229 001e 5200     		lsls	r2, r2, #1
 1230 0020 0792     		str	r2, [sp, #28]
 1231 0022 03FB01F9 		mul	r9, r3, r1
 1232 0026 09FB0BF9 		mul	r9, r9, fp
 1233 002a 4FEA4909 		lsl	r9, r9, #1
 1234 002e 0025     		movs	r5, #0
 1235 0030 2A46     		mov	r2, r5
 1236 0032 2C46     		mov	r4, r5
 1237 0034 0693     		str	r3, [sp, #24]
 1238 0036 5D46     		mov	r5, fp
 1239 0038 49E0     		b	.L149
 1240              	.L155:
 1241 003a 02FB00F3 		mul	r3, r2, r0
 1242 003e 05FB03F2 		mul	r2, r5, r3
 1243 0042 08FB02F2 		mul	r2, r8, r2
 1244 0046 0392     		str	r2, [sp, #12]
 1245 0048 0022     		movs	r2, #0
 1246 004a 0192     		str	r2, [sp, #4]
 1247 004c 9246     		mov	r10, r2
 1248 004e 0493     		str	r3, [sp, #16]
 1249 0050 0894     		str	r4, [sp, #32]
 1250 0052 0290     		str	r0, [sp, #8]
 1251              	.L154:
 1252 0054 049B     		ldr	r3, [sp, #16]
 1253 0056 5344     		add	r3, r3, r10
 1254 0058 069A     		ldr	r2, [sp, #24]
 1255 005a 02FB03F3 		mul	r3, r2, r3
 1256 005e 0599     		ldr	r1, [sp, #20]
 1257 0060 01EB430B 		add	fp, r1, r3, lsl #1
 1258 0064 039B     		ldr	r3, [sp, #12]
 1259 0066 0AFB083A 		mla	r10, r10, r8, r3
 1260 006a 02FB0AFA 		mul	r10, r2, r10
 1261 006e 199B     		ldr	r3, [sp, #100]
 1262 0070 03EB4A0A 		add	r10, r3, r10, lsl #1
 1263 0074 55B1     		cbz	r5, .L150
 1264 0076 5646     		mov	r6, r10
 1265 0078 0024     		movs	r4, #0
 1266              	.L151:
 1267 007a 3A46     		mov	r2, r7
 1268 007c 5946     		mov	r1, fp
 1269 007e 3046     		mov	r0, r6
ARM GAS  C:\Users\ihavenoK\AppData\Local\Temp\cckpGtIU.s 			page 23


 1270 0080 FFF7FEFF 		bl	memcpy
 1271 0084 0134     		adds	r4, r4, #1
 1272 0086 3E44     		add	r6, r6, r7
 1273 0088 A542     		cmp	r5, r4
 1274 008a F6D1     		bne	.L151
 1275              	.L150:
 1276 008c B8F1010F 		cmp	r8, #1
 1277 0090 0DDD     		ble	.L152
 1278 0092 0AEB0906 		add	r6, r10, r9
 1279 0096 0124     		movs	r4, #1
 1280 0098 DDF81CB0 		ldr	fp, [sp, #28]
 1281              	.L153:
 1282 009c 5A46     		mov	r2, fp
 1283 009e 5146     		mov	r1, r10
 1284 00a0 3046     		mov	r0, r6
 1285 00a2 FFF7FEFF 		bl	memcpy
 1286 00a6 0134     		adds	r4, r4, #1
 1287 00a8 4E44     		add	r6, r6, r9
 1288 00aa A045     		cmp	r8, r4
 1289 00ac F6D1     		bne	.L153
 1290              	.L152:
 1291 00ae 019B     		ldr	r3, [sp, #4]
 1292 00b0 0133     		adds	r3, r3, #1
 1293 00b2 1BB2     		sxth	r3, r3
 1294 00b4 0193     		str	r3, [sp, #4]
 1295 00b6 9A46     		mov	r10, r3
 1296 00b8 029A     		ldr	r2, [sp, #8]
 1297 00ba 9342     		cmp	r3, r2
 1298 00bc CADB     		blt	.L154
 1299 00be 089C     		ldr	r4, [sp, #32]
 1300 00c0 1046     		mov	r0, r2
 1301              	.L156:
 1302 00c2 0134     		adds	r4, r4, #1
 1303 00c4 24B2     		sxth	r4, r4
 1304 00c6 2246     		mov	r2, r4
 1305 00c8 099B     		ldr	r3, [sp, #36]
 1306 00ca 9C42     		cmp	r4, r3
 1307 00cc 02DA     		bge	.L147
 1308              	.L149:
 1309 00ce 0028     		cmp	r0, #0
 1310 00d0 B3D1     		bne	.L155
 1311 00d2 F6E7     		b	.L156
 1312              	.L147:
 1313 00d4 0BB0     		add	sp, sp, #44
 1314              		@ sp needed
 1315 00d6 BDE8F08F 		pop	{r4, r5, r6, r7, r8, r9, r10, fp, pc}
 1317              		.section	.text.local_up_sampling_q15_CHW,"ax",%progbits
 1318              		.align	1
 1319              		.global	local_up_sampling_q15_CHW
 1320              		.syntax unified
 1321              		.thumb
 1322              		.thumb_func
 1324              	local_up_sampling_q15_CHW:
 1325              		@ args = 24, pretend = 0, frame = 48
 1326              		@ frame_needed = 0, uses_anonymous_args = 0
 1327 0000 2DE9F04F 		push	{r4, r5, r6, r7, r8, r9, r10, fp, lr}
 1328 0004 8DB0     		sub	sp, sp, #52
ARM GAS  C:\Users\ihavenoK\AppData\Local\Temp\cckpGtIU.s 			page 24


 1329 0006 0490     		str	r0, [sp, #16]
 1330 0008 BDF858E0 		ldrh	lr, [sp, #88]
 1331 000c BDF85C80 		ldrh	r8, [sp, #92]
 1332 0010 BDF86090 		ldrh	r9, [sp, #96]
 1333 0014 BDF86400 		ldrh	r0, [sp, #100]
 1334 0018 0893     		str	r3, [sp, #32]
 1335 001a 002B     		cmp	r3, #0
 1336 001c 00F08180 		beq	.L161
 1337 0020 4FEA4E07 		lsl	r7, lr, #1
 1338 0024 0EFB01F6 		mul	r6, lr, r1
 1339 0028 7600     		lsls	r6, r6, #1
 1340 002a 0024     		movs	r4, #0
 1341 002c 2346     		mov	r3, r4
 1342 002e 0D46     		mov	r5, r1
 1343 0030 BA46     		mov	r10, r7
 1344 0032 3746     		mov	r7, r6
 1345 0034 1146     		mov	r1, r2
 1346 0036 4A46     		mov	r2, r9
 1347 0038 8346     		mov	fp, r0
 1348 003a 2E46     		mov	r6, r5
 1349 003c 59E0     		b	.L163
 1350              	.L170:
 1351 003e 03FB08F3 		mul	r3, r3, r8
 1352 0042 079A     		ldr	r2, [sp, #28]
 1353 0044 9A18     		adds	r2, r3, r2
 1354 0046 0192     		str	r2, [sp, #4]
 1355 0048 009A     		ldr	r2, [sp]
 1356 004a 02FB03F3 		mul	r3, r2, r3
 1357 004e 09FB03F3 		mul	r3, r9, r3
 1358 0052 0293     		str	r3, [sp, #8]
 1359 0054 4FF0000B 		mov	fp, #0
 1360 0058 5946     		mov	r1, fp
 1361 005a 0595     		str	r5, [sp, #20]
 1362 005c 4E46     		mov	r6, r9
 1363 005e D946     		mov	r9, fp
 1364              	.L168:
 1365 0060 019B     		ldr	r3, [sp, #4]
 1366 0062 09EB0300 		add	r0, r9, r3
 1367 0066 049B     		ldr	r3, [sp, #16]
 1368 0068 03EB4000 		add	r0, r3, r0, lsl #1
 1369 006c 029B     		ldr	r3, [sp, #8]
 1370 006e 01FB0631 		mla	r1, r1, r6, r3
 1371 0072 039B     		ldr	r3, [sp, #12]
 1372 0074 1944     		add	r1, r1, r3
 1373 0076 1B9B     		ldr	r3, [sp, #108]
 1374 0078 03EB410B 		add	fp, r3, r1, lsl #1
 1375 007c 009B     		ldr	r3, [sp]
 1376 007e 43B1     		cbz	r3, .L164
 1377 0080 5B46     		mov	r3, fp
 1378 0082 0AEB0B04 		add	r4, r10, fp
 1379              	.L165:
 1380 0086 B0F90020 		ldrsh	r2, [r0]
 1381 008a 23F8022B 		strh	r2, [r3], #2	@ movhi
 1382 008e A342     		cmp	r3, r4
 1383 0090 F9D1     		bne	.L165
 1384              	.L164:
 1385 0092 012E     		cmp	r6, #1
ARM GAS  C:\Users\ihavenoK\AppData\Local\Temp\cckpGtIU.s 			page 25


 1386 0094 0BDD     		ble	.L166
 1387 0096 0BEB0705 		add	r5, fp, r7
 1388 009a 0124     		movs	r4, #1
 1389              	.L167:
 1390 009c 5246     		mov	r2, r10
 1391 009e 5946     		mov	r1, fp
 1392 00a0 2846     		mov	r0, r5
 1393 00a2 FFF7FEFF 		bl	memcpy
 1394 00a6 0134     		adds	r4, r4, #1
 1395 00a8 3D44     		add	r5, r5, r7
 1396 00aa A642     		cmp	r6, r4
 1397 00ac F6D1     		bne	.L167
 1398              	.L166:
 1399 00ae 09F1010E 		add	lr, r9, #1
 1400 00b2 0FFA8EF9 		sxth	r9, lr
 1401 00b6 4946     		mov	r1, r9
 1402 00b8 C145     		cmp	r9, r8
 1403 00ba D1DB     		blt	.L168
 1404 00bc 059D     		ldr	r5, [sp, #20]
 1405 00be B146     		mov	r9, r6
 1406              	.L171:
 1407 00c0 6B1C     		adds	r3, r5, #1
 1408 00c2 1DB2     		sxth	r5, r3
 1409 00c4 2B46     		mov	r3, r5
 1410 00c6 069A     		ldr	r2, [sp, #24]
 1411 00c8 9542     		cmp	r5, r2
 1412 00ca 03DA     		bge	.L176
 1413              	.L172:
 1414 00cc B8F1000F 		cmp	r8, #0
 1415 00d0 B5D1     		bne	.L170
 1416 00d2 F5E7     		b	.L171
 1417              	.L176:
 1418 00d4 099C     		ldr	r4, [sp, #36]
 1419 00d6 4646     		mov	r6, r8
 1420 00d8 0699     		ldr	r1, [sp, #24]
 1421 00da DDF800E0 		ldr	lr, [sp]
 1422 00de C846     		mov	r8, r9
 1423 00e0 0A9A     		ldr	r2, [sp, #40]
 1424 00e2 DDF82CB0 		ldr	fp, [sp, #44]
 1425              	.L169:
 1426 00e6 631C     		adds	r3, r4, #1
 1427 00e8 1CB2     		sxth	r4, r3
 1428 00ea 2346     		mov	r3, r4
 1429 00ec 0898     		ldr	r0, [sp, #32]
 1430 00ee 8442     		cmp	r4, r0
 1431 00f0 17DA     		bge	.L161
 1432              	.L163:
 1433 00f2 0029     		cmp	r1, #0
 1434 00f4 F7D0     		beq	.L169
 1435 00f6 06FB01F0 		mul	r0, r6, r1
 1436 00fa 03FB00F0 		mul	r0, r3, r0
 1437 00fe 0790     		str	r0, [sp, #28]
 1438 0100 02FB0BF0 		mul	r0, r2, fp
 1439 0104 03FB00F3 		mul	r3, r3, r0
 1440 0108 0393     		str	r3, [sp, #12]
 1441 010a 0025     		movs	r5, #0
 1442 010c 2B46     		mov	r3, r5
ARM GAS  C:\Users\ihavenoK\AppData\Local\Temp\cckpGtIU.s 			page 26


 1443 010e 0994     		str	r4, [sp, #36]
 1444 0110 0691     		str	r1, [sp, #24]
 1445 0112 CDF800E0 		str	lr, [sp]
 1446 0116 C146     		mov	r9, r8
 1447 0118 B046     		mov	r8, r6
 1448 011a 0A92     		str	r2, [sp, #40]
 1449 011c CDF82CB0 		str	fp, [sp, #44]
 1450 0120 D4E7     		b	.L172
 1451              	.L161:
 1452 0122 0DB0     		add	sp, sp, #52
 1453              		@ sp needed
 1454 0124 BDE8F08F 		pop	{r4, r5, r6, r7, r8, r9, r10, fp, pc}
 1456              		.section	.text.local_convolve_HWC_q15_nonsquare,"ax",%progbits
 1457              		.align	1
 1458              		.global	local_convolve_HWC_q15_nonsquare
 1459              		.syntax unified
 1460              		.thumb
 1461              		.thumb_func
 1463              	local_convolve_HWC_q15_nonsquare:
 1464              		@ args = 76, pretend = 0, frame = 136
 1465              		@ frame_needed = 0, uses_anonymous_args = 0
 1466 0000 2DE9F04F 		push	{r4, r5, r6, r7, r8, r9, r10, fp, lr}
 1467 0004 A3B0     		sub	sp, sp, #140
 1468 0006 0446     		mov	r4, r0
 1469 0008 8E46     		mov	lr, r1
 1470 000a 0F91     		str	r1, [sp, #60]
 1471 000c 1892     		str	r2, [sp, #96]
 1472 000e BDF8B400 		ldrh	r0, [sp, #180]
 1473 0012 1090     		str	r0, [sp, #64]
 1474 0014 BDF8B850 		ldrh	r5, [sp, #184]
 1475 0018 1195     		str	r5, [sp, #68]
 1476 001a BDF8BC80 		ldrh	r8, [sp, #188]
 1477 001e BDF8C020 		ldrh	r2, [sp, #192]
 1478 0022 1292     		str	r2, [sp, #72]
 1479 0024 BDF8C490 		ldrh	r9, [sp, #196]
 1480 0028 BDF8C820 		ldrh	r2, [sp, #200]
 1481 002c 1992     		str	r2, [sp, #100]
 1482 002e BDF8CC70 		ldrh	r7, [sp, #204]
 1483 0032 BDF8D0C0 		ldrh	ip, [sp, #208]
 1484 0036 CDF834C0 		str	ip, [sp, #52]
 1485 003a BDF8D420 		ldrh	r2, [sp, #212]
 1486 003e BDF8EC10 		ldrh	r1, [sp, #236]
 1487 0042 0E91     		str	r1, [sp, #56]
 1488 0044 BDF8F060 		ldrh	r6, [sp, #240]
 1489 0048 9DF8E410 		ldrb	r1, [sp, #228]	@ zero_extendqisi2
 1490 004c 0129     		cmp	r1, #1
 1491 004e 14BF     		ite	ne
 1492 0050 0021     		movne	r1, #0
 1493 0052 0121     		moveq	r1, #1
 1494 0054 0028     		cmp	r0, #0
 1495 0056 00F02B81 		beq	.L178
 1496 005a 03FB05F0 		mul	r0, r3, r5
 1497 005e 0790     		str	r0, [sp, #28]
 1498 0060 08FB00F0 		mul	r0, r8, r0
 1499 0064 03FB0EF5 		mul	r5, r3, lr
 1500 0068 02FB05F5 		mul	r5, r2, r5
 1501 006c 0695     		str	r5, [sp, #24]
ARM GAS  C:\Users\ihavenoK\AppData\Local\Temp\cckpGtIU.s 			page 27


 1502 006e 03FB0CF5 		mul	r5, r3, ip
 1503 0072 4FEA450A 		lsl	r10, r5, #1
 1504 0076 C3EBC375 		rsb	r5, r3, r3, lsl #31
 1505 007a 4FEA450E 		lsl	lr, r5, #1
 1506 007e 0025     		movs	r5, #0
 1507 0080 0C95     		str	r5, [sp, #48]
 1508 0082 0995     		str	r5, [sp, #36]
 1509 0084 0A95     		str	r5, [sp, #40]
 1510 0086 04EB4304 		add	r4, r4, r3, lsl #1
 1511 008a 023C     		subs	r4, r4, #2
 1512 008c 0894     		str	r4, [sp, #32]
 1513 008e 2C9C     		ldr	r4, [sp, #176]
 1514 0090 04F1FF3B 		add	fp, r4, #-1
 1515 0094 1A97     		str	r7, [sp, #104]
 1516 0096 5746     		mov	r7, r10
 1517 0098 DA46     		mov	r10, fp
 1518 009a 9B46     		mov	fp, r3
 1519 009c 0B46     		mov	r3, r1
 1520 009e 3146     		mov	r1, r6
 1521 00a0 7646     		mov	r6, lr
 1522 00a2 F8E0     		b	.L180
 1523              	.L182:
 1524 00a4 389B     		ldr	r3, [sp, #224]
 1525 00a6 099A     		ldr	r2, [sp, #36]
 1526 00a8 53F82230 		ldr	r3, [r3, r2, lsl #2]
 1527 00ac 0122     		movs	r2, #1
 1528 00ae 02FA03F4 		lsl	r4, r2, r3
 1529 00b2 1441     		asrs	r4, r4, r2
 1530 00b4 81E0     		b	.L183
 1531              	.L189:
 1532 00b6 0898     		ldr	r0, [sp, #32]
 1533 00b8 00EB4107 		add	r7, r0, r1, lsl #1
 1534 00bc D846     		mov	r8, fp
 1535 00be 029D     		ldr	r5, [sp, #8]
 1536 00c0 0393     		str	r3, [sp, #12]
 1537 00c2 0491     		str	r1, [sp, #16]
 1538              	.L186:
 1539 00c4 76B1     		cbz	r6, .L184
 1540 00c6 07EB0901 		add	r1, r7, r9
 1541 00ca 0EEB0800 		add	r0, lr, r8
 1542              	.L185:
 1543 00ce 31F9023F 		ldrsh	r3, [r1, #2]!
 1544 00d2 10F901CF 		ldrsb	ip, [r0, #1]!
 1545 00d6 0CFB03F3 		mul	r3, ip, r3
 1546 00da 9A18     		adds	r2, r3, r2
 1547 00dc 44EBE374 		adc	r4, r4, r3, asr #31
 1548 00e0 B942     		cmp	r1, r7
 1549 00e2 F4D1     		bne	.L185
 1550              	.L184:
 1551 00e4 0135     		adds	r5, r5, #1
 1552 00e6 B044     		add	r8, r8, r6
 1553 00e8 5744     		add	r7, r7, r10
 1554 00ea 019B     		ldr	r3, [sp, #4]
 1555 00ec AB42     		cmp	r3, r5
 1556 00ee E9D1     		bne	.L186
 1557 00f0 039B     		ldr	r3, [sp, #12]
 1558 00f2 0499     		ldr	r1, [sp, #16]
ARM GAS  C:\Users\ihavenoK\AppData\Local\Temp\cckpGtIU.s 			page 28


 1559              	.L190:
 1560 00f4 0133     		adds	r3, r3, #1
 1561 00f6 0698     		ldr	r0, [sp, #24]
 1562 00f8 0144     		add	r1, r1, r0
 1563 00fa 0798     		ldr	r0, [sp, #28]
 1564 00fc 8344     		add	fp, fp, r0
 1565 00fe 0598     		ldr	r0, [sp, #20]
 1566 0100 9842     		cmp	r0, r3
 1567 0102 04D0     		beq	.L202
 1568              	.L187:
 1569 0104 0298     		ldr	r0, [sp, #8]
 1570 0106 019D     		ldr	r5, [sp, #4]
 1571 0108 A842     		cmp	r0, r5
 1572 010a D4DB     		blt	.L189
 1573 010c F2E7     		b	.L190
 1574              	.L202:
 1575 010e 219F     		ldr	r7, [sp, #132]
 1576              	.L188:
 1577 0110 159B     		ldr	r3, [sp, #84]
 1578 0112 0B99     		ldr	r1, [sp, #44]
 1579 0114 0B44     		add	r3, r3, r1
 1580 0116 0A99     		ldr	r1, [sp, #40]
 1581 0118 1098     		ldr	r0, [sp, #64]
 1582 011a 00FB031C 		mla	ip, r0, r3, r1
 1583 011e 389B     		ldr	r3, [sp, #224]
 1584 0120 0999     		ldr	r1, [sp, #36]
 1585 0122 53F82130 		ldr	r3, [r3, r1, lsl #2]
 1586 0126 C3F12000 		rsb	r0, r3, #32
 1587 012a B3F12001 		subs	r1, r3, #32
 1588 012e 22FA03F2 		lsr	r2, r2, r3
 1589 0132 04FA00F0 		lsl	r0, r4, r0
 1590 0136 42EA0002 		orr	r2, r2, r0
 1591 013a 5CBF     		itt	pl
 1592 013c 44FA01F1 		asrpl	r1, r4, r1
 1593 0140 0A43     		orrpl	r2, r2, r1
 1594 0142 47F6FF73 		movw	r3, #32767
 1595 0146 9A42     		cmp	r2, r3
 1596 0148 A8BF     		it	ge
 1597 014a 1A46     		movge	r2, r3
 1598 014c 5A4B     		ldr	r3, .L205
 1599 014e 9A42     		cmp	r2, r3
 1600 0150 B8BF     		it	lt
 1601 0152 1A46     		movlt	r2, r3
 1602 0154 3A9B     		ldr	r3, [sp, #232]
 1603 0156 23F81C20 		strh	r2, [r3, ip, lsl #1]	@ movhi
 1604 015a 0B9B     		ldr	r3, [sp, #44]
 1605 015c 0133     		adds	r3, r3, #1
 1606 015e 0B93     		str	r3, [sp, #44]
 1607 0160 0E9A     		ldr	r2, [sp, #56]
 1608 0162 9342     		cmp	r3, r2
 1609 0164 45DA     		bge	.L203
 1610              	.L192:
 1611 0166 199B     		ldr	r3, [sp, #100]
 1612 0168 0B9A     		ldr	r2, [sp, #44]
 1613 016a 02FB03F0 		mul	r0, r2, r3
 1614 016e 129B     		ldr	r3, [sp, #72]
 1615 0170 C31A     		subs	r3, r0, r3
ARM GAS  C:\Users\ihavenoK\AppData\Local\Temp\cckpGtIU.s 			page 29


 1616 0172 1499     		ldr	r1, [sp, #80]
 1617 0174 CA1A     		subs	r2, r1, r3
 1618 0176 0D9C     		ldr	r4, [sp, #52]
 1619 0178 92FBF4F2 		sdiv	r2, r2, r4
 1620 017c 22EAE272 		bic	r2, r2, r2, asr #31
 1621 0180 0292     		str	r2, [sp, #8]
 1622 0182 0F9A     		ldr	r2, [sp, #60]
 1623 0184 A2EB030C 		sub	ip, r2, r3
 1624 0188 8C44     		add	ip, ip, r1
 1625 018a 9CFBF4FC 		sdiv	ip, ip, r4
 1626 018e 119B     		ldr	r3, [sp, #68]
 1627 0190 9C45     		cmp	ip, r3
 1628 0192 A8BF     		it	ge
 1629 0194 9C46     		movge	ip, r3
 1630 0196 369B     		ldr	r3, [sp, #216]
 1631 0198 002B     		cmp	r3, #0
 1632 019a 83D0     		beq	.L182
 1633 019c 0A9A     		ldr	r2, [sp, #40]
 1634 019e 9956     		ldrsb	r1, [r3, r2]
 1635 01a0 379B     		ldr	r3, [sp, #220]
 1636 01a2 099A     		ldr	r2, [sp, #36]
 1637 01a4 53F82230 		ldr	r3, [r3, r2, lsl #2]
 1638 01a8 9940     		lsls	r1, r1, r3
 1639 01aa 389B     		ldr	r3, [sp, #224]
 1640 01ac 53F82230 		ldr	r3, [r3, r2, lsl #2]
 1641 01b0 0122     		movs	r2, #1
 1642 01b2 02FA03F4 		lsl	r4, r2, r3
 1643 01b6 01EB6404 		add	r4, r1, r4, asr #1
 1644              	.L183:
 1645 01ba 2246     		mov	r2, r4
 1646 01bc E417     		asrs	r4, r4, #31
 1647 01be 059B     		ldr	r3, [sp, #20]
 1648 01c0 9F42     		cmp	r7, r3
 1649 01c2 A5DA     		bge	.L188
 1650 01c4 169B     		ldr	r3, [sp, #88]
 1651 01c6 1299     		ldr	r1, [sp, #72]
 1652 01c8 5B1A     		subs	r3, r3, r1
 1653 01ca 0344     		add	r3, r3, r0
 1654 01cc 0D98     		ldr	r0, [sp, #52]
 1655 01ce 0299     		ldr	r1, [sp, #8]
 1656 01d0 01FB0033 		mla	r3, r1, r0, r3
 1657 01d4 06FB03F3 		mul	r3, r6, r3
 1658 01d8 1798     		ldr	r0, [sp, #92]
 1659 01da 0144     		add	r1, r1, r0
 1660 01dc 0C98     		ldr	r0, [sp, #48]
 1661 01de 06FB0108 		mla	r8, r6, r1, r0
 1662 01e2 2197     		str	r7, [sp, #132]
 1663 01e4 CDF804C0 		str	ip, [sp, #4]
 1664 01e8 1846     		mov	r0, r3
 1665 01ea 3B46     		mov	r3, r7
 1666 01ec C346     		mov	fp, r8
 1667 01ee 0146     		mov	r1, r0
 1668 01f0 88E7     		b	.L187
 1669              	.L203:
 1670 01f2 DDF874C0 		ldr	ip, [sp, #116]
 1671 01f6 B346     		mov	fp, r6
 1672 01f8 DDF87880 		ldr	r8, [sp, #120]
ARM GAS  C:\Users\ihavenoK\AppData\Local\Temp\cckpGtIU.s 			page 30


 1673 01fc 1F9A     		ldr	r2, [sp, #124]
 1674 01fe 209D     		ldr	r5, [sp, #128]
 1675              	.L181:
 1676 0200 0CF1010C 		add	ip, ip, #1
 1677 0204 AC45     		cmp	ip, r5
 1678 0206 32DA     		bge	.L204
 1679              	.L193:
 1680 0208 1A9B     		ldr	r3, [sp, #104]
 1681 020a 0CFB03F1 		mul	r1, ip, r3
 1682 020e 139E     		ldr	r6, [sp, #76]
 1683 0210 8B1B     		subs	r3, r1, r6
 1684 0212 0E98     		ldr	r0, [sp, #56]
 1685 0214 0028     		cmp	r0, #0
 1686 0216 F3D0     		beq	.L181
 1687 0218 501E     		subs	r0, r2, #1
 1688 021a C41A     		subs	r4, r0, r3
 1689 021c 94FBF2F7 		sdiv	r7, r4, r2
 1690 0220 27EAE777 		bic	r7, r7, r7, asr #31
 1691 0224 189C     		ldr	r4, [sp, #96]
 1692 0226 E31A     		subs	r3, r4, r3
 1693 0228 0344     		add	r3, r3, r0
 1694 022a 93FBF2F3 		sdiv	r3, r3, r2
 1695 022e 4345     		cmp	r3, r8
 1696 0230 A8BF     		it	ge
 1697 0232 4346     		movge	r3, r8
 1698 0234 0593     		str	r3, [sp, #20]
 1699 0236 0E98     		ldr	r0, [sp, #56]
 1700 0238 0CFB00F3 		mul	r3, ip, r0
 1701 023c 1593     		str	r3, [sp, #84]
 1702 023e 891B     		subs	r1, r1, r6
 1703 0240 07FB0211 		mla	r1, r7, r2, r1
 1704 0244 0F9B     		ldr	r3, [sp, #60]
 1705 0246 03FB01F3 		mul	r3, r3, r1
 1706 024a 1693     		str	r3, [sp, #88]
 1707 024c 119B     		ldr	r3, [sp, #68]
 1708 024e 03FB07F3 		mul	r3, r3, r7
 1709 0252 1793     		str	r3, [sp, #92]
 1710 0254 0023     		movs	r3, #0
 1711 0256 0B93     		str	r3, [sp, #44]
 1712 0258 0D9B     		ldr	r3, [sp, #52]
 1713 025a 013B     		subs	r3, r3, #1
 1714 025c 1493     		str	r3, [sp, #80]
 1715 025e CDF874C0 		str	ip, [sp, #116]
 1716 0262 5E46     		mov	r6, fp
 1717 0264 CDF87880 		str	r8, [sp, #120]
 1718 0268 1F92     		str	r2, [sp, #124]
 1719 026a 2095     		str	r5, [sp, #128]
 1720 026c 7BE7     		b	.L192
 1721              	.L204:
 1722 026e 1B9B     		ldr	r3, [sp, #108]
 1723 0270 5746     		mov	r7, r10
 1724 0272 1C98     		ldr	r0, [sp, #112]
 1725 0274 2946     		mov	r1, r5
 1726 0276 4E46     		mov	r6, r9
 1727 0278 DDF84C90 		ldr	r9, [sp, #76]
 1728 027c F246     		mov	r10, lr
 1729              	.L195:
ARM GAS  C:\Users\ihavenoK\AppData\Local\Temp\cckpGtIU.s 			page 31


 1730 027e 0A9C     		ldr	r4, [sp, #40]
 1731 0280 0134     		adds	r4, r4, #1
 1732 0282 0A94     		str	r4, [sp, #40]
 1733 0284 099D     		ldr	r5, [sp, #36]
 1734 0286 1D44     		add	r5, r5, r3
 1735 0288 0995     		str	r5, [sp, #36]
 1736 028a 0C9D     		ldr	r5, [sp, #48]
 1737 028c 0544     		add	r5, r5, r0
 1738 028e 0C95     		str	r5, [sp, #48]
 1739 0290 109D     		ldr	r5, [sp, #64]
 1740 0292 AC42     		cmp	r4, r5
 1741 0294 0CD0     		beq	.L178
 1742              	.L180:
 1743 0296 0029     		cmp	r1, #0
 1744 0298 F1D0     		beq	.L195
 1745 029a 4FF0000C 		mov	ip, #0
 1746 029e 1B93     		str	r3, [sp, #108]
 1747 02a0 1C90     		str	r0, [sp, #112]
 1748 02a2 CDF84C90 		str	r9, [sp, #76]
 1749 02a6 0D46     		mov	r5, r1
 1750 02a8 B146     		mov	r9, r6
 1751 02aa D646     		mov	lr, r10
 1752 02ac BA46     		mov	r10, r7
 1753 02ae ABE7     		b	.L193
 1754              	.L178:
 1755 02b0 23B0     		add	sp, sp, #140
 1756              		@ sp needed
 1757 02b2 BDE8F08F 		pop	{r4, r5, r6, r7, r8, r9, r10, fp, pc}
 1758              	.L206:
 1759 02b6 00BF     		.align	2
 1760              	.L205:
 1761 02b8 0080FFFF 		.word	-32768
 1763              		.section	.text.local_convolve_CHW_q15_nonsquare,"ax",%progbits
 1764              		.align	1
 1765              		.global	local_convolve_CHW_q15_nonsquare
 1766              		.syntax unified
 1767              		.thumb
 1768              		.thumb_func
 1770              	local_convolve_CHW_q15_nonsquare:
 1771              		@ args = 76, pretend = 0, frame = 136
 1772              		@ frame_needed = 0, uses_anonymous_args = 0
 1773 0000 2DE9F04F 		push	{r4, r5, r6, r7, r8, r9, r10, fp, lr}
 1774 0004 A3B0     		sub	sp, sp, #140
 1775 0006 0F90     		str	r0, [sp, #60]
 1776 0008 8946     		mov	r9, r1
 1777 000a 1591     		str	r1, [sp, #84]
 1778 000c 1646     		mov	r6, r2
 1779 000e 1692     		str	r2, [sp, #88]
 1780 0010 9846     		mov	r8, r3
 1781 0012 BDF8B470 		ldrh	r7, [sp, #180]
 1782 0016 BDF8B8B0 		ldrh	fp, [sp, #184]
 1783 001a BDF8BC30 		ldrh	r3, [sp, #188]
 1784 001e 0493     		str	r3, [sp, #16]
 1785 0020 BDF8C010 		ldrh	r1, [sp, #192]
 1786 0024 BDF8C430 		ldrh	r3, [sp, #196]
 1787 0028 0693     		str	r3, [sp, #24]
 1788 002a BDF8C830 		ldrh	r3, [sp, #200]
ARM GAS  C:\Users\ihavenoK\AppData\Local\Temp\cckpGtIU.s 			page 32


 1789 002e 1793     		str	r3, [sp, #92]
 1790 0030 BDF8CC20 		ldrh	r2, [sp, #204]
 1791 0034 BDF8D0E0 		ldrh	lr, [sp, #208]
 1792 0038 BDF8D430 		ldrh	r3, [sp, #212]
 1793 003c 1893     		str	r3, [sp, #96]
 1794 003e BDF8EC50 		ldrh	r5, [sp, #236]
 1795 0042 1395     		str	r5, [sp, #76]
 1796 0044 BDF8F000 		ldrh	r0, [sp, #240]
 1797 0048 9DF8E430 		ldrb	r3, [sp, #228]	@ zero_extendqisi2
 1798 004c 012B     		cmp	r3, #1
 1799 004e 14BF     		ite	ne
 1800 0050 0023     		movne	r3, #0
 1801 0052 0123     		moveq	r3, #1
 1802 0054 002F     		cmp	r7, #0
 1803 0056 00F01281 		beq	.L207
 1804 005a 9C00     		lsls	r4, r3, #2
 1805 005c 389B     		ldr	r3, [sp, #224]
 1806 005e 1193     		str	r3, [sp, #68]
 1807 0060 00FB05FC 		mul	ip, r0, r5
 1808 0064 379B     		ldr	r3, [sp, #220]
 1809 0066 1993     		str	r3, [sp, #100]
 1810 0068 0025     		movs	r5, #0
 1811 006a 0E95     		str	r5, [sp, #56]
 1812 006c 09FB06F3 		mul	r3, r9, r6
 1813 0070 4FEA4309 		lsl	r9, r3, #1
 1814 0074 CDF868E0 		str	lr, [sp, #104]
 1815 0078 CDF84090 		str	r9, [sp, #64]
 1816 007c C146     		mov	r9, r8
 1817 007e B846     		mov	r8, r7
 1818 0080 6746     		mov	r7, ip
 1819 0082 AC46     		mov	ip, r5
 1820 0084 0D46     		mov	r5, r1
 1821 0086 E9E0     		b	.L209
 1822              	.L210:
 1823 0088 119B     		ldr	r3, [sp, #68]
 1824 008a 1A68     		ldr	r2, [r3]
 1825 008c 0123     		movs	r3, #1
 1826 008e 03FA02FC 		lsl	ip, r3, r2
 1827 0092 4CFA03FC 		asr	ip, ip, r3
 1828 0096 98E0     		b	.L211
 1829              	.L212:
 1830 0098 0132     		adds	r2, r2, #1
 1831 009a B242     		cmp	r2, r6
 1832 009c 43DA     		bge	.L231
 1833              	.L214:
 1834 009e 002C     		cmp	r4, #0
 1835 00a0 FADB     		blt	.L212
 1836 00a2 02FB0BE3 		mla	r3, r2, fp, lr
 1837 00a6 5B1A     		subs	r3, r3, r1
 1838 00a8 F6D4     		bmi	.L212
 1839 00aa A245     		cmp	r10, r4
 1840 00ac F4DD     		ble	.L212
 1841 00ae 9845     		cmp	r8, r3
 1842 00b0 F2DD     		ble	.L212
 1843 00b2 B9F1000F 		cmp	r9, #0
 1844 00b6 EFD0     		beq	.L212
 1845 00b8 029D     		ldr	r5, [sp, #8]
ARM GAS  C:\Users\ihavenoK\AppData\Local\Temp\cckpGtIU.s 			page 33


 1846 00ba 2B44     		add	r3, r3, r5
 1847 00bc 0F9D     		ldr	r5, [sp, #60]
 1848 00be 05EB4303 		add	r3, r5, r3, lsl #1
 1849 00c2 0993     		str	r3, [sp, #36]
 1850 00c4 039D     		ldr	r5, [sp, #12]
 1851 00c6 1544     		add	r5, r5, r2
 1852 00c8 09FB05F5 		mul	r5, r9, r5
 1853 00cc 0E9B     		ldr	r3, [sp, #56]
 1854 00ce 089F     		ldr	r7, [sp, #32]
 1855 00d0 07FB0535 		mla	r5, r7, r5, r3
 1856 00d4 2C9B     		ldr	r3, [sp, #176]
 1857 00d6 1D44     		add	r5, r5, r3
 1858 00d8 0027     		movs	r7, #0
 1859 00da CDF828E0 		str	lr, [sp, #40]
 1860 00de 099B     		ldr	r3, [sp, #36]
 1861 00e0 0994     		str	r4, [sp, #36]
 1862 00e2 0B92     		str	r2, [sp, #44]
 1863 00e4 CDF83080 		str	r8, [sp, #48]
 1864 00e8 CDF834A0 		str	r10, [sp, #52]
 1865 00ec DDF82080 		ldr	r8, [sp, #32]
 1866 00f0 079C     		ldr	r4, [sp, #28]
 1867 00f2 DDF840A0 		ldr	r10, [sp, #64]
 1868              	.L213:
 1869 00f6 B3F90020 		ldrsh	r2, [r3]
 1870 00fa 95F900E0 		ldrsb	lr, [r5]
 1871 00fe 0EFB02F2 		mul	r2, lr, r2
 1872 0102 1419     		adds	r4, r2, r4
 1873 0104 4CEBE27C 		adc	ip, ip, r2, asr #31
 1874 0108 0137     		adds	r7, r7, #1
 1875 010a 5344     		add	r3, r3, r10
 1876 010c 4544     		add	r5, r5, r8
 1877 010e 4F45     		cmp	r7, r9
 1878 0110 F1D1     		bne	.L213
 1879 0112 DDF828E0 		ldr	lr, [sp, #40]
 1880 0116 0B9A     		ldr	r2, [sp, #44]
 1881 0118 DDF83080 		ldr	r8, [sp, #48]
 1882 011c DDF834A0 		ldr	r10, [sp, #52]
 1883 0120 0794     		str	r4, [sp, #28]
 1884 0122 099C     		ldr	r4, [sp, #36]
 1885 0124 B8E7     		b	.L212
 1886              	.L231:
 1887 0126 0546     		mov	r5, r0
 1888 0128 4046     		mov	r0, r8
 1889 012a DDF80480 		ldr	r8, [sp, #4]
 1890              	.L218:
 1891 012e 08F10108 		add	r8, r8, #1
 1892 0132 049B     		ldr	r3, [sp, #16]
 1893 0134 9845     		cmp	r8, r3
 1894 0136 12DA     		bge	.L232
 1895              	.L215:
 1896 0138 002E     		cmp	r6, #0
 1897 013a F8D0     		beq	.L218
 1898 013c 059B     		ldr	r3, [sp, #20]
 1899 013e 08FB0534 		mla	r4, r8, r5, r3
 1900 0142 069B     		ldr	r3, [sp, #24]
 1901 0144 E41A     		subs	r4, r4, r3
 1902 0146 00FB04F3 		mul	r3, r0, r4
ARM GAS  C:\Users\ihavenoK\AppData\Local\Temp\cckpGtIU.s 			page 34


 1903 014a 0293     		str	r3, [sp, #8]
 1904 014c 06FB08F3 		mul	r3, r6, r8
 1905 0150 0393     		str	r3, [sp, #12]
 1906 0152 0022     		movs	r2, #0
 1907 0154 CDF80480 		str	r8, [sp, #4]
 1908 0158 8046     		mov	r8, r0
 1909 015a 2846     		mov	r0, r5
 1910 015c 9FE7     		b	.L214
 1911              	.L232:
 1912 015e 129F     		ldr	r7, [sp, #72]
 1913 0160 0798     		ldr	r0, [sp, #28]
 1914              	.L216:
 1915 0162 149B     		ldr	r3, [sp, #80]
 1916 0164 03EB070E 		add	lr, r3, r7
 1917 0168 119B     		ldr	r3, [sp, #68]
 1918 016a D3F80080 		ldr	r8, [r3]
 1919 016e C8F12002 		rsb	r2, r8, #32
 1920 0172 B8F12004 		subs	r4, r8, #32
 1921 0176 20FA08F0 		lsr	r0, r0, r8
 1922 017a 0CFA02F2 		lsl	r2, ip, r2
 1923 017e 40EA0200 		orr	r0, r0, r2
 1924 0182 5CBF     		itt	pl
 1925 0184 4CFA04F4 		asrpl	r4, ip, r4
 1926 0188 2043     		orrpl	r0, r0, r4
 1927 018a 47F6FF73 		movw	r3, #32767
 1928 018e 9842     		cmp	r0, r3
 1929 0190 A8BF     		it	ge
 1930 0192 1846     		movge	r0, r3
 1931 0194 3B4B     		ldr	r3, .L234
 1932 0196 9842     		cmp	r0, r3
 1933 0198 B8BF     		it	lt
 1934 019a 1846     		movlt	r0, r3
 1935 019c 3A9B     		ldr	r3, [sp, #232]
 1936 019e 23F81E00 		strh	r0, [r3, lr, lsl #1]	@ movhi
 1937 01a2 0137     		adds	r7, r7, #1
 1938 01a4 139B     		ldr	r3, [sp, #76]
 1939 01a6 9F42     		cmp	r7, r3
 1940 01a8 21DA     		bge	.L233
 1941              	.L220:
 1942 01aa 369B     		ldr	r3, [sp, #216]
 1943 01ac 002B     		cmp	r3, #0
 1944 01ae 3FF46BAF 		beq	.L210
 1945 01b2 0E9A     		ldr	r2, [sp, #56]
 1946 01b4 9A56     		ldrsb	r2, [r3, r2]
 1947 01b6 199B     		ldr	r3, [sp, #100]
 1948 01b8 1868     		ldr	r0, [r3]
 1949 01ba 8240     		lsls	r2, r2, r0
 1950 01bc 119B     		ldr	r3, [sp, #68]
 1951 01be 1868     		ldr	r0, [r3]
 1952 01c0 0123     		movs	r3, #1
 1953 01c2 03FA00FC 		lsl	ip, r3, r0
 1954 01c6 02EB6C0C 		add	ip, r2, ip, asr #1
 1955              	.L211:
 1956 01ca 6046     		mov	r0, ip
 1957 01cc 4FEAEC7C 		asr	ip, ip, #31
 1958 01d0 049B     		ldr	r3, [sp, #16]
 1959 01d2 002B     		cmp	r3, #0
ARM GAS  C:\Users\ihavenoK\AppData\Local\Temp\cckpGtIU.s 			page 35


 1960 01d4 C5D0     		beq	.L216
 1961 01d6 179B     		ldr	r3, [sp, #92]
 1962 01d8 03FB07FE 		mul	lr, r3, r7
 1963 01dc 4FF00008 		mov	r8, #0
 1964 01e0 1297     		str	r7, [sp, #72]
 1965 01e2 DDF858A0 		ldr	r10, [sp, #88]
 1966 01e6 189D     		ldr	r5, [sp, #96]
 1967 01e8 0790     		str	r0, [sp, #28]
 1968 01ea 1598     		ldr	r0, [sp, #84]
 1969 01ec A4E7     		b	.L215
 1970              	.L233:
 1971 01ee DDF87880 		ldr	r8, [sp, #120]
 1972 01f2 DDF87CC0 		ldr	ip, [sp, #124]
 1973 01f6 CA46     		mov	r10, r9
 1974 01f8 8B46     		mov	fp, r1
 1975 01fa 209A     		ldr	r2, [sp, #128]
 1976 01fc 2198     		ldr	r0, [sp, #132]
 1977              	.L223:
 1978 01fe 0CF1010C 		add	ip, ip, #1
 1979 0202 8445     		cmp	ip, r0
 1980 0204 15DA     		bge	.L229
 1981              	.L224:
 1982 0206 139B     		ldr	r3, [sp, #76]
 1983 0208 002B     		cmp	r3, #0
 1984 020a F8D0     		beq	.L223
 1985 020c 0CFB02F3 		mul	r3, ip, r2
 1986 0210 0593     		str	r3, [sp, #20]
 1987 0212 0027     		movs	r7, #0
 1988 0214 139B     		ldr	r3, [sp, #76]
 1989 0216 0CFB0383 		mla	r3, ip, r3, r8
 1990 021a 1493     		str	r3, [sp, #80]
 1991 021c CDF87880 		str	r8, [sp, #120]
 1992 0220 CDF87CC0 		str	ip, [sp, #124]
 1993 0224 D146     		mov	r9, r10
 1994 0226 5946     		mov	r1, fp
 1995 0228 2092     		str	r2, [sp, #128]
 1996 022a DDF868B0 		ldr	fp, [sp, #104]
 1997 022e 2190     		str	r0, [sp, #132]
 1998 0230 BBE7     		b	.L220
 1999              	.L229:
 2000 0232 1B9C     		ldr	r4, [sp, #108]
 2001 0234 DDF870C0 		ldr	ip, [sp, #112]
 2002 0238 1D9F     		ldr	r7, [sp, #116]
 2003 023a D146     		mov	r9, r10
 2004 023c DDF82080 		ldr	r8, [sp, #32]
 2005 0240 5D46     		mov	r5, fp
 2006 0242 B346     		mov	fp, r6
 2007              	.L221:
 2008 0244 0E9B     		ldr	r3, [sp, #56]
 2009 0246 0133     		adds	r3, r3, #1
 2010 0248 0E93     		str	r3, [sp, #56]
 2011 024a 1199     		ldr	r1, [sp, #68]
 2012 024c 2144     		add	r1, r1, r4
 2013 024e 1191     		str	r1, [sp, #68]
 2014 0250 BC44     		add	ip, ip, r7
 2015 0252 1999     		ldr	r1, [sp, #100]
 2016 0254 2144     		add	r1, r1, r4
ARM GAS  C:\Users\ihavenoK\AppData\Local\Temp\cckpGtIU.s 			page 36


 2017 0256 1991     		str	r1, [sp, #100]
 2018 0258 4345     		cmp	r3, r8
 2019 025a 10D0     		beq	.L207
 2020              	.L209:
 2021 025c 0028     		cmp	r0, #0
 2022 025e F1D0     		beq	.L221
 2023 0260 6346     		mov	r3, ip
 2024 0262 4FF0000E 		mov	lr, #0
 2025 0266 1B94     		str	r4, [sp, #108]
 2026 0268 CDF870C0 		str	ip, [sp, #112]
 2027 026c F446     		mov	ip, lr
 2028 026e 1D97     		str	r7, [sp, #116]
 2029 0270 CA46     		mov	r10, r9
 2030 0272 CDF82080 		str	r8, [sp, #32]
 2031 0276 9846     		mov	r8, r3
 2032 0278 5E46     		mov	r6, fp
 2033 027a AB46     		mov	fp, r5
 2034 027c C3E7     		b	.L224
 2035              	.L207:
 2036 027e 23B0     		add	sp, sp, #140
 2037              		@ sp needed
 2038 0280 BDE8F08F 		pop	{r4, r5, r6, r7, r8, r9, r10, fp, pc}
 2039              	.L235:
 2040              		.align	2
 2041              	.L234:
 2042 0284 0080FFFF 		.word	-32768
 2044              		.section	.text.local_conv_trans_HWC_q15_nonsquare,"ax",%progbits
 2045              		.align	1
 2046              		.global	local_conv_trans_HWC_q15_nonsquare
 2047              		.syntax unified
 2048              		.thumb
 2049              		.thumb_func
 2051              	local_conv_trans_HWC_q15_nonsquare:
 2052              		@ args = 72, pretend = 0, frame = 160
 2053              		@ frame_needed = 0, uses_anonymous_args = 0
 2054 0000 2DE9F04F 		push	{r4, r5, r6, r7, r8, r9, r10, fp, lr}
 2055 0004 A9B0     		sub	sp, sp, #164
 2056 0006 0E90     		str	r0, [sp, #56]
 2057 0008 8846     		mov	r8, r1
 2058 000a 9246     		mov	r10, r2
 2059 000c 0293     		str	r3, [sp, #8]
 2060 000e BDF8CC60 		ldrh	r6, [sp, #204]
 2061 0012 BDF8D020 		ldrh	r2, [sp, #208]
 2062 0016 1B92     		str	r2, [sp, #108]
 2063 0018 BDF8D4C0 		ldrh	ip, [sp, #212]
 2064 001c BDF8D810 		ldrh	r1, [sp, #216]
 2065 0020 1591     		str	r1, [sp, #84]
 2066 0022 BDF8DCE0 		ldrh	lr, [sp, #220]
 2067 0026 BDF8E0B0 		ldrh	fp, [sp, #224]
 2068 002a BDF8E450 		ldrh	r5, [sp, #228]
 2069 002e 0795     		str	r5, [sp, #28]
 2070 0030 BDF8F410 		ldrh	r1, [sp, #244]
 2071 0034 1391     		str	r1, [sp, #76]
 2072 0036 BDF8F810 		ldrh	r1, [sp, #248]
 2073 003a 1A91     		str	r1, [sp, #104]
 2074 003c DDF8FC90 		ldr	r9, [sp, #252]
 2075 0040 BDF80041 		ldrh	r4, [sp, #256]
ARM GAS  C:\Users\ihavenoK\AppData\Local\Temp\cckpGtIU.s 			page 37


 2076 0044 0D94     		str	r4, [sp, #52]
 2077 0046 BDF80471 		ldrh	r7, [sp, #260]
 2078 004a 002E     		cmp	r6, #0
 2079 004c 00F09F81 		beq	.L236
 2080 0050 1846     		mov	r0, r3
 2081 0052 1446     		mov	r4, r2
 2082 0054 02FB03F3 		mul	r3, r2, r3
 2083 0058 0CFB03F2 		mul	r2, ip, r3
 2084 005c 7300     		lsls	r3, r6, #1
 2085 005e 1293     		str	r3, [sp, #72]
 2086 0060 05FB04F4 		mul	r4, r5, r4
 2087 0064 0994     		str	r4, [sp, #36]
 2088 0066 0023     		movs	r3, #0
 2089 0068 0C93     		str	r3, [sp, #48]
 2090 006a 1D46     		mov	r5, r3
 2091 006c 0123     		movs	r3, #1
 2092 006e 8B40     		lsls	r3, r3, r1
 2093 0070 5B10     		asrs	r3, r3, #1
 2094 0072 1493     		str	r3, [sp, #80]
 2095 0074 0E9B     		ldr	r3, [sp, #56]
 2096 0076 013B     		subs	r3, r3, #1
 2097 0078 0344     		add	r3, r3, r0
 2098 007a 0F93     		str	r3, [sp, #60]
 2099 007c 1346     		mov	r3, r2
 2100 007e CDF898A0 		str	r10, [sp, #152]
 2101 0082 BA46     		mov	r10, r7
 2102 0084 4F46     		mov	r7, r9
 2103 0086 B146     		mov	r9, r6
 2104 0088 2E46     		mov	r6, r5
 2105 008a FBE0     		b	.L238
 2106              	.L239:
 2107 008c ACEB0300 		sub	r0, ip, r3
 2108 0090 079E     		ldr	r6, [sp, #28]
 2109 0092 8642     		cmp	r6, r0
 2110 0094 80F24681 		bge	.L241
 2111 0098 90FBF6F0 		sdiv	r0, r0, r6
 2112 009c 0BF1FF31 		add	r1, fp, #-1
 2113 00a0 891A     		subs	r1, r1, r2
 2114 00a2 8142     		cmp	r1, r0
 2115 00a4 A8BF     		it	ge
 2116 00a6 0146     		movge	r1, r0
 2117 00a8 01FB0633 		mla	r3, r1, r6, r3
 2118 00ac 1093     		str	r3, [sp, #64]
 2119 00ae 5318     		adds	r3, r2, r1
 2120 00b0 1893     		str	r3, [sp, #96]
 2121 00b2 9EE0     		b	.L240
 2122              	.L244:
 2123 00b4 1B98     		ldr	r0, [sp, #108]
 2124 00b6 C01A     		subs	r0, r0, r3
 2125 00b8 8145     		cmp	r9, r0
 2126 00ba 80F2F280 		bge	.L246
 2127 00be 90FBF9F0 		sdiv	r0, r0, r9
 2128 00c2 199C     		ldr	r4, [sp, #100]
 2129 00c4 A41A     		subs	r4, r4, r2
 2130 00c6 A042     		cmp	r0, r4
 2131 00c8 A8BF     		it	ge
 2132 00ca 2046     		movge	r0, r4
ARM GAS  C:\Users\ihavenoK\AppData\Local\Temp\cckpGtIU.s 			page 38


 2133 00cc 00FB093E 		mla	lr, r0, r9, r3
 2134 00d0 1318     		adds	r3, r2, r0
 2135 00d2 0593     		str	r3, [sp, #20]
 2136 00d4 06E1     		b	.L245
 2137              	.L247:
 2138 00d6 4B44     		add	r3, r3, r9
 2139 00d8 0130     		adds	r0, r0, #1
 2140 00da 9D42     		cmp	r5, r3
 2141 00dc 32DB     		blt	.L270
 2142              	.L249:
 2143 00de 5C45     		cmp	r4, fp
 2144 00e0 F9D2     		bcs	.L247
 2145 00e2 8645     		cmp	lr, r0
 2146 00e4 F7D9     		bls	.L247
 2147 00e6 0299     		ldr	r1, [sp, #8]
 2148 00e8 0029     		cmp	r1, #0
 2149 00ea F4D0     		beq	.L247
 2150 00ec 039E     		ldr	r6, [sp, #12]
 2151 00ee 06EB000A 		add	r10, r6, r0
 2152 00f2 01FB0AFA 		mul	r10, r1, r10
 2153 00f6 CDF820A0 		str	r10, [sp, #32]
 2154 00fa 0AF1FF31 		add	r1, r10, #-1
 2155 00fe 0E9E     		ldr	r6, [sp, #56]
 2156 0100 8E19     		adds	r6, r1, r6
 2157 0102 0A96     		str	r6, [sp, #40]
 2158 0104 049E     		ldr	r6, [sp, #16]
 2159 0106 1E44     		add	r6, r6, r3
 2160 0108 DDF830A0 		ldr	r10, [sp, #48]
 2161 010c 0299     		ldr	r1, [sp, #8]
 2162 010e 01FB06A6 		mla	r6, r1, r6, r10
 2163 0112 013E     		subs	r6, r6, #1
 2164 0114 3299     		ldr	r1, [sp, #200]
 2165 0116 0E44     		add	r6, r6, r1
 2166 0118 0F99     		ldr	r1, [sp, #60]
 2167 011a DDF820A0 		ldr	r10, [sp, #32]
 2168 011e 8A44     		add	r10, r10, r1
 2169 0120 0890     		str	r0, [sp, #32]
 2170 0122 0B95     		str	r5, [sp, #44]
 2171 0124 0A99     		ldr	r1, [sp, #40]
 2172              	.L248:
 2173 0126 11F9010F 		ldrsb	r0, [r1, #1]!
 2174 012a 16F9015F 		ldrsb	r5, [r6, #1]!
 2175 012e 05FB00F0 		mul	r0, r5, r0
 2176 0132 10EB0808 		adds	r8, r0, r8
 2177 0136 47EBE077 		adc	r7, r7, r0, asr #31
 2178 013a 5145     		cmp	r1, r10
 2179 013c F3D1     		bne	.L248
 2180 013e 0898     		ldr	r0, [sp, #32]
 2181 0140 0B9D     		ldr	r5, [sp, #44]
 2182 0142 C8E7     		b	.L247
 2183              	.L270:
 2184 0144 1646     		mov	r6, r2
 2185 0146 019A     		ldr	r2, [sp, #4]
 2186 0148 6146     		mov	r1, ip
 2187              	.L252:
 2188 014a 079B     		ldr	r3, [sp, #28]
 2189 014c 1A44     		add	r2, r2, r3
ARM GAS  C:\Users\ihavenoK\AppData\Local\Temp\cckpGtIU.s 			page 39


 2190 014e 0134     		adds	r4, r4, #1
 2191 0150 7144     		add	r1, r1, lr
 2192 0152 099B     		ldr	r3, [sp, #36]
 2193 0154 1E44     		add	r6, r6, r3
 2194 0156 069B     		ldr	r3, [sp, #24]
 2195 0158 9A42     		cmp	r2, r3
 2196 015a 0ADC     		bgt	.L271
 2197              	.L257:
 2198 015c 009B     		ldr	r3, [sp]
 2199 015e 9D42     		cmp	r5, r3
 2200 0160 F3DB     		blt	.L252
 2201 0162 0391     		str	r1, [sp, #12]
 2202 0164 0496     		str	r6, [sp, #16]
 2203 0166 0598     		ldr	r0, [sp, #20]
 2204 0168 009B     		ldr	r3, [sp]
 2205 016a 0192     		str	r2, [sp, #4]
 2206 016c 3246     		mov	r2, r6
 2207 016e 8C46     		mov	ip, r1
 2208 0170 B5E7     		b	.L249
 2209              	.L271:
 2210 0172 DDF858C0 		ldr	ip, [sp, #88]
 2211 0176 1799     		ldr	r1, [sp, #92]
 2212 0178 F246     		mov	r10, lr
 2213              	.L250:
 2214 017a 1A98     		ldr	r0, [sp, #104]
 2215 017c C0F12003 		rsb	r3, r0, #32
 2216 0180 1C9A     		ldr	r2, [sp, #112]
 2217 0182 203A     		subs	r2, r2, #32
 2218 0184 28FA00F0 		lsr	r0, r8, r0
 2219 0188 07FA03F3 		lsl	r3, r7, r3
 2220 018c 40EA0300 		orr	r0, r0, r3
 2221 0190 5CBF     		itt	pl
 2222 0192 47FA02F2 		asrpl	r2, r7, r2
 2223 0196 1043     		orrpl	r0, r0, r2
 2224 0198 47F6FF73 		movw	r3, #32767
 2225 019c 9842     		cmp	r0, r3
 2226 019e A8BF     		it	ge
 2227 01a0 1846     		movge	r0, r3
 2228 01a2 7C4B     		ldr	r3, .L274
 2229 01a4 9842     		cmp	r0, r3
 2230 01a6 B8BF     		it	lt
 2231 01a8 1846     		movlt	r0, r3
 2232 01aa ACF80000 		strh	r0, [ip]	@ movhi
 2233 01ae 7AE0     		b	.L258
 2234              	.L273:
 2235 01b0 219D     		ldr	r5, [sp, #132]
 2236 01b2 5746     		mov	r7, r10
 2237 01b4 229C     		ldr	r4, [sp, #136]
 2238 01b6 DDF88CC0 		ldr	ip, [sp, #140]
 2239 01ba DDF890E0 		ldr	lr, [sp, #144]
 2240 01be DDF8FC80 		ldr	r8, [sp, #252]
 2241 01c2 DDF894A0 		ldr	r10, [sp, #148]
 2242              	.L243:
 2243 01c6 0135     		adds	r5, r5, #1
 2244 01c8 5545     		cmp	r5, r10
 2245 01ca 4CDA     		bge	.L272
 2246              	.L255:
ARM GAS  C:\Users\ihavenoK\AppData\Local\Temp\cckpGtIU.s 			page 40


 2247 01cc 0798     		ldr	r0, [sp, #28]
 2248 01ce 95FBF0F2 		sdiv	r2, r5, r0
 2249 01d2 00FB1253 		mls	r3, r0, r2, r5
 2250 01d6 BEEB0303 		subs	r3, lr, r3
 2251 01da 3FF557AF 		bmi	.L239
 2252 01de 93FBF0F1 		sdiv	r1, r3, r0
 2253 01e2 9142     		cmp	r1, r2
 2254 01e4 A8BF     		it	ge
 2255 01e6 1146     		movge	r1, r2
 2256 01e8 01FB1033 		mls	r3, r1, r0, r3
 2257 01ec 1093     		str	r3, [sp, #64]
 2258 01ee 531A     		subs	r3, r2, r1
 2259 01f0 1893     		str	r3, [sp, #96]
 2260              	.L240:
 2261 01f2 0CF1FF33 		add	r3, ip, #-1
 2262 01f6 1099     		ldr	r1, [sp, #64]
 2263 01f8 5B1A     		subs	r3, r3, r1
 2264 01fa 079E     		ldr	r6, [sp, #28]
 2265 01fc 93FBF6F3 		sdiv	r3, r3, r6
 2266 0200 0BF1FF32 		add	r2, fp, #-1
 2267 0204 1898     		ldr	r0, [sp, #96]
 2268 0206 121A     		subs	r2, r2, r0
 2269 0208 9342     		cmp	r3, r2
 2270 020a A8BF     		it	ge
 2271 020c 1346     		movge	r3, r2
 2272 020e 06FB0313 		mla	r3, r6, r3, r1
 2273 0212 0693     		str	r3, [sp, #24]
 2274 0214 0D9B     		ldr	r3, [sp, #52]
 2275 0216 002B     		cmp	r3, #0
 2276 0218 D5D0     		beq	.L243
 2277 021a 1A9B     		ldr	r3, [sp, #104]
 2278 021c 1C93     		str	r3, [sp, #112]
 2279 021e 209A     		ldr	r2, [sp, #128]
 2280 0220 1192     		str	r2, [sp, #68]
 2281 0222 0D9B     		ldr	r3, [sp, #52]
 2282 0224 05FB03F3 		mul	r3, r5, r3
 2283 0228 04FB0323 		mla	r3, r4, r3, r2
 2284 022c 08EB4302 		add	r2, r8, r3, lsl #1
 2285 0230 189B     		ldr	r3, [sp, #96]
 2286 0232 07FB03F3 		mul	r3, r7, r3
 2287 0236 1F93     		str	r3, [sp, #124]
 2288 0238 1099     		ldr	r1, [sp, #64]
 2289 023a 1B9B     		ldr	r3, [sp, #108]
 2290 023c 03FB01F1 		mul	r1, r3, r1
 2291 0240 1E91     		str	r1, [sp, #120]
 2292 0242 0021     		movs	r1, #0
 2293 0244 013B     		subs	r3, r3, #1
 2294 0246 1D93     		str	r3, [sp, #116]
 2295 0248 7B1E     		subs	r3, r7, #1
 2296 024a 1993     		str	r3, [sp, #100]
 2297 024c 2195     		str	r5, [sp, #132]
 2298 024e 2294     		str	r4, [sp, #136]
 2299 0250 CDF88CC0 		str	ip, [sp, #140]
 2300 0254 9446     		mov	ip, r2
 2301 0256 CDF890E0 		str	lr, [sp, #144]
 2302 025a CDF8FC80 		str	r8, [sp, #252]
 2303 025e CDF894A0 		str	r10, [sp, #148]
ARM GAS  C:\Users\ihavenoK\AppData\Local\Temp\cckpGtIU.s 			page 41


 2304 0262 BA46     		mov	r10, r7
 2305 0264 26E0     		b	.L254
 2306              	.L272:
 2307 0266 209E     		ldr	r6, [sp, #128]
 2308 0268 279B     		ldr	r3, [sp, #156]
 2309 026a CB46     		mov	fp, r9
 2310 026c A146     		mov	r9, r4
 2311 026e CDF8FC80 		str	r8, [sp, #252]
 2312 0272 B846     		mov	r8, r7
 2313 0274 3F9F     		ldr	r7, [sp, #252]
 2314              	.L256:
 2315 0276 0136     		adds	r6, r6, #1
 2316 0278 0C9A     		ldr	r2, [sp, #48]
 2317 027a 1A44     		add	r2, r2, r3
 2318 027c 0C92     		str	r2, [sp, #48]
 2319 027e 4E45     		cmp	r6, r9
 2320 0280 00F08580 		beq	.L236
 2321              	.L238:
 2322 0284 BAF1000F 		cmp	r10, #0
 2323 0288 F5D0     		beq	.L256
 2324 028a 0025     		movs	r5, #0
 2325 028c 2096     		str	r6, [sp, #128]
 2326 028e 2793     		str	r3, [sp, #156]
 2327 0290 4C46     		mov	r4, r9
 2328 0292 D946     		mov	r9, fp
 2329 0294 DDF898B0 		ldr	fp, [sp, #152]
 2330 0298 3F97     		str	r7, [sp, #252]
 2331 029a 4746     		mov	r7, r8
 2332 029c DDF8FC80 		ldr	r8, [sp, #252]
 2333 02a0 94E7     		b	.L255
 2334              	.L246:
 2335 02a2 ACF80070 		strh	r7, [ip]	@ movhi
 2336              	.L258:
 2337 02a6 0131     		adds	r1, r1, #1
 2338 02a8 129B     		ldr	r3, [sp, #72]
 2339 02aa 9C44     		add	ip, ip, r3
 2340 02ac 0D9B     		ldr	r3, [sp, #52]
 2341 02ae 9942     		cmp	r1, r3
 2342 02b0 3FF47EAF 		beq	.L273
 2343              	.L254:
 2344 02b4 3C9B     		ldr	r3, [sp, #240]
 2345 02b6 119A     		ldr	r2, [sp, #68]
 2346 02b8 9F56     		ldrsb	r7, [r3, r2]
 2347 02ba 139B     		ldr	r3, [sp, #76]
 2348 02bc 9F40     		lsls	r7, r7, r3
 2349 02be 149B     		ldr	r3, [sp, #80]
 2350 02c0 1F44     		add	r7, r7, r3
 2351 02c2 91FBF9F2 		sdiv	r2, r1, r9
 2352 02c6 09FB1213 		mls	r3, r9, r2, r1
 2353 02ca 1598     		ldr	r0, [sp, #84]
 2354 02cc C31A     		subs	r3, r0, r3
 2355 02ce 3FF5F1AE 		bmi	.L244
 2356 02d2 93FBF9F0 		sdiv	r0, r3, r9
 2357 02d6 9042     		cmp	r0, r2
 2358 02d8 A8BF     		it	ge
 2359 02da 1046     		movge	r0, r2
 2360 02dc 00FB193E 		mls	lr, r0, r9, r3
ARM GAS  C:\Users\ihavenoK\AppData\Local\Temp\cckpGtIU.s 			page 42


 2361 02e0 131A     		subs	r3, r2, r0
 2362 02e2 0593     		str	r3, [sp, #20]
 2363              	.L245:
 2364 02e4 B846     		mov	r8, r7
 2365 02e6 FF17     		asrs	r7, r7, #31
 2366 02e8 1D9B     		ldr	r3, [sp, #116]
 2367 02ea A3EB0E05 		sub	r5, r3, lr
 2368 02ee 95FBF9F5 		sdiv	r5, r5, r9
 2369 02f2 199B     		ldr	r3, [sp, #100]
 2370 02f4 059A     		ldr	r2, [sp, #20]
 2371 02f6 9B1A     		subs	r3, r3, r2
 2372 02f8 9D42     		cmp	r5, r3
 2373 02fa A8BF     		it	ge
 2374 02fc 1D46     		movge	r5, r3
 2375 02fe 09FB05E5 		mla	r5, r9, r5, lr
 2376 0302 069B     		ldr	r3, [sp, #24]
 2377 0304 109A     		ldr	r2, [sp, #64]
 2378 0306 9342     		cmp	r3, r2
 2379 0308 FFF637AF 		blt	.L250
 2380 030c 1E9E     		ldr	r6, [sp, #120]
 2381 030e 1F98     		ldr	r0, [sp, #124]
 2382 0310 189C     		ldr	r4, [sp, #96]
 2383 0312 109A     		ldr	r2, [sp, #64]
 2384 0314 CDF800E0 		str	lr, [sp]
 2385 0318 CDF858C0 		str	ip, [sp, #88]
 2386 031c 1791     		str	r1, [sp, #92]
 2387 031e 0146     		mov	r1, r0
 2388 0320 D646     		mov	lr, r10
 2389 0322 1BE7     		b	.L257
 2390              	.L241:
 2391 0324 3C9B     		ldr	r3, [sp, #240]
 2392 0326 209A     		ldr	r2, [sp, #128]
 2393 0328 9B56     		ldrsb	r3, [r3, r2]
 2394 032a 139A     		ldr	r2, [sp, #76]
 2395 032c 9340     		lsls	r3, r3, r2
 2396 032e 149A     		ldr	r2, [sp, #80]
 2397 0330 1344     		add	r3, r3, r2
 2398 0332 D817     		asrs	r0, r3, #31
 2399 0334 1A9E     		ldr	r6, [sp, #104]
 2400 0336 C6F12001 		rsb	r1, r6, #32
 2401 033a B6F12002 		subs	r2, r6, #32
 2402 033e 23FA06F3 		lsr	r3, r3, r6
 2403 0342 00FA01F1 		lsl	r1, r0, r1
 2404 0346 43EA0103 		orr	r3, r3, r1
 2405 034a 5CBF     		itt	pl
 2406 034c 40FA02F2 		asrpl	r2, r0, r2
 2407 0350 1343     		orrpl	r3, r3, r2
 2408 0352 47F6FF72 		movw	r2, #32767
 2409 0356 9342     		cmp	r3, r2
 2410 0358 A8BF     		it	ge
 2411 035a 1346     		movge	r3, r2
 2412 035c 0D4A     		ldr	r2, .L274
 2413 035e 9342     		cmp	r3, r2
 2414 0360 B8BF     		it	lt
 2415 0362 1346     		movlt	r3, r2
 2416 0364 19B2     		sxth	r1, r3
 2417 0366 0D9B     		ldr	r3, [sp, #52]
ARM GAS  C:\Users\ihavenoK\AppData\Local\Temp\cckpGtIU.s 			page 43


 2418 0368 002B     		cmp	r3, #0
 2419 036a 3FF42CAF 		beq	.L243
 2420 036e 0D9E     		ldr	r6, [sp, #52]
 2421 0370 06FB05F3 		mul	r3, r6, r5
 2422 0374 209A     		ldr	r2, [sp, #128]
 2423 0376 04FB0323 		mla	r3, r4, r3, r2
 2424 037a 08EB4303 		add	r3, r8, r3, lsl #1
 2425 037e 0022     		movs	r2, #0
 2426 0380 1298     		ldr	r0, [sp, #72]
 2427              	.L242:
 2428 0382 1980     		strh	r1, [r3]	@ movhi
 2429 0384 0132     		adds	r2, r2, #1
 2430 0386 0344     		add	r3, r3, r0
 2431 0388 B242     		cmp	r2, r6
 2432 038a FAD1     		bne	.L242
 2433 038c 1BE7     		b	.L243
 2434              	.L236:
 2435 038e 29B0     		add	sp, sp, #164
 2436              		@ sp needed
 2437 0390 BDE8F08F 		pop	{r4, r5, r6, r7, r8, r9, r10, fp, pc}
 2438              	.L275:
 2439              		.align	2
 2440              	.L274:
 2441 0394 0080FFFF 		.word	-32768
 2443              		.section	.text.local_depthwise_separable_conv_HWC_q15_nonsquare,"ax",%progbits
 2444              		.align	1
 2445              		.global	local_depthwise_separable_conv_HWC_q15_nonsquare
 2446              		.syntax unified
 2447              		.thumb
 2448              		.thumb_func
 2450              	local_depthwise_separable_conv_HWC_q15_nonsquare:
 2451              		@ args = 76, pretend = 0, frame = 152
 2452              		@ frame_needed = 0, uses_anonymous_args = 0
 2453 0000 2DE9F04F 		push	{r4, r5, r6, r7, r8, r9, r10, fp, lr}
 2454 0004 A7B0     		sub	sp, sp, #156
 2455 0006 1490     		str	r0, [sp, #80]
 2456 0008 0E91     		str	r1, [sp, #56]
 2457 000a 1592     		str	r2, [sp, #84]
 2458 000c 9E46     		mov	lr, r3
 2459 000e BDF8C430 		ldrh	r3, [sp, #196]
 2460 0012 1693     		str	r3, [sp, #88]
 2461 0014 BDF8C820 		ldrh	r2, [sp, #200]
 2462 0018 0F92     		str	r2, [sp, #60]
 2463 001a BDF8CC00 		ldrh	r0, [sp, #204]
 2464 001e 1790     		str	r0, [sp, #92]
 2465 0020 BDF8D000 		ldrh	r0, [sp, #208]
 2466 0024 1890     		str	r0, [sp, #96]
 2467 0026 BDF8D480 		ldrh	r8, [sp, #212]
 2468 002a BDF8D800 		ldrh	r0, [sp, #216]
 2469 002e 1990     		str	r0, [sp, #100]
 2470 0030 BDF8DC00 		ldrh	r0, [sp, #220]
 2471 0034 1A90     		str	r0, [sp, #104]
 2472 0036 BDF8E000 		ldrh	r0, [sp, #224]
 2473 003a 1B90     		str	r0, [sp, #108]
 2474 003c BDF8E450 		ldrh	r5, [sp, #228]
 2475 0040 9DF8F440 		ldrb	r4, [sp, #244]	@ zero_extendqisi2
 2476 0044 0894     		str	r4, [sp, #32]
ARM GAS  C:\Users\ihavenoK\AppData\Local\Temp\cckpGtIU.s 			page 44


 2477 0046 BDF8FCC0 		ldrh	ip, [sp, #252]
 2478 004a BDF80041 		ldrh	r4, [sp, #256]
 2479 004e B3FBFEF3 		udiv	r3, r3, lr
 2480 0052 0C93     		str	r3, [sp, #48]
 2481 0054 002C     		cmp	r4, #0
 2482 0056 00F00981 		beq	.L276
 2483 005a 03FB0EFA 		mul	r10, r3, lr
 2484 005e 05FB01F3 		mul	r3, r5, r1
 2485 0062 0EFB03F3 		mul	r3, lr, r3
 2486 0066 5B00     		lsls	r3, r3, #1
 2487 0068 0193     		str	r3, [sp, #4]
 2488 006a 0AFB02F3 		mul	r3, r10, r2
 2489 006e 0293     		str	r3, [sp, #8]
 2490 0070 00FB0EF3 		mul	r3, r0, lr
 2491 0074 4FEA430B 		lsl	fp, r3, #1
 2492 0078 0027     		movs	r7, #0
 2493 007a 3946     		mov	r1, r7
 2494 007c 5B46     		mov	r3, fp
 2495 007e D346     		mov	fp, r10
 2496 0080 3846     		mov	r0, r7
 2497 0082 CDF874E0 		str	lr, [sp, #116]
 2498 0086 9A46     		mov	r10, r3
 2499 0088 C6E0     		b	.L294
 2500              	.L282:
 2501 008a 3C9B     		ldr	r3, [sp, #240]
 2502 008c 53F82030 		ldr	r3, [r3, r0, lsl #2]
 2503 0090 0122     		movs	r2, #1
 2504 0092 02FA03F5 		lsl	r5, r2, r3
 2505 0096 1541     		asrs	r5, r5, r2
 2506              	.L285:
 2507 0098 2A46     		mov	r2, r5
 2508 009a ED17     		asrs	r5, r5, #31
 2509 009c 049B     		ldr	r3, [sp, #16]
 2510 009e 4345     		cmp	r3, r8
 2511 00a0 24DA     		bge	.L284
 2512 00a2 0A9B     		ldr	r3, [sp, #40]
 2513 00a4 04EB030C 		add	ip, r4, r3
 2514 00a8 0B9F     		ldr	r7, [sp, #44]
 2515 00aa 049E     		ldr	r6, [sp, #16]
 2516 00ac 0590     		str	r0, [sp, #20]
 2517 00ae 0691     		str	r1, [sp, #24]
 2518 00b0 0794     		str	r4, [sp, #28]
 2519              	.L288:
 2520 00b2 0399     		ldr	r1, [sp, #12]
 2521 00b4 5145     		cmp	r1, r10
 2522 00b6 0FDA     		bge	.L286
 2523 00b8 6446     		mov	r4, ip
 2524 00ba 3846     		mov	r0, r7
 2525              	.L287:
 2526 00bc B0F90030 		ldrsh	r3, [r0]
 2527 00c0 94F900E0 		ldrsb	lr, [r4]
 2528 00c4 0EFB03F3 		mul	r3, lr, r3
 2529 00c8 9A18     		adds	r2, r3, r2
 2530 00ca 45EBE375 		adc	r5, r5, r3, asr #31
 2531 00ce 0131     		adds	r1, r1, #1
 2532 00d0 4844     		add	r0, r0, r9
 2533 00d2 5C44     		add	r4, r4, fp
ARM GAS  C:\Users\ihavenoK\AppData\Local\Temp\cckpGtIU.s 			page 45


 2534 00d4 8A45     		cmp	r10, r1
 2535 00d6 F1D1     		bne	.L287
 2536              	.L286:
 2537 00d8 0136     		adds	r6, r6, #1
 2538 00da 019B     		ldr	r3, [sp, #4]
 2539 00dc 1F44     		add	r7, r7, r3
 2540 00de 029B     		ldr	r3, [sp, #8]
 2541 00e0 9C44     		add	ip, ip, r3
 2542 00e2 B045     		cmp	r8, r6
 2543 00e4 E5D1     		bne	.L288
 2544 00e6 0598     		ldr	r0, [sp, #20]
 2545 00e8 0699     		ldr	r1, [sp, #24]
 2546 00ea 079C     		ldr	r4, [sp, #28]
 2547              	.L284:
 2548 00ec 0231     		adds	r1, r1, #2
 2549 00ee 3C9B     		ldr	r3, [sp, #240]
 2550 00f0 53F82030 		ldr	r3, [r3, r0, lsl #2]
 2551 00f4 C3F12000 		rsb	r0, r3, #32
 2552 00f8 B3F12006 		subs	r6, r3, #32
 2553 00fc 22FA03F2 		lsr	r2, r2, r3
 2554 0100 05FA00F0 		lsl	r0, r5, r0
 2555 0104 42EA0002 		orr	r2, r2, r0
 2556 0108 5CBF     		itt	pl
 2557 010a 45FA06F6 		asrpl	r6, r5, r6
 2558 010e 3243     		orrpl	r2, r2, r6
 2559 0110 47F6FF73 		movw	r3, #32767
 2560 0114 9A42     		cmp	r2, r3
 2561 0116 A8BF     		it	ge
 2562 0118 1A46     		movge	r2, r3
 2563 011a 564B     		ldr	r3, .L305
 2564 011c 9A42     		cmp	r2, r3
 2565 011e B8BF     		it	lt
 2566 0120 1A46     		movlt	r2, r3
 2567 0122 0A80     		strh	r2, [r1]	@ movhi
 2568 0124 0134     		adds	r4, r4, #1
 2569 0126 099B     		ldr	r3, [sp, #36]
 2570 0128 9C42     		cmp	r4, r3
 2571 012a 14D0     		beq	.L303
 2572              	.L290:
 2573 012c 089B     		ldr	r3, [sp, #32]
 2574 012e 012B     		cmp	r3, #1
 2575 0130 0CBF     		ite	eq
 2576 0132 2046     		moveq	r0, r4
 2577 0134 0020     		movne	r0, #0
 2578 0136 3A9B     		ldr	r3, [sp, #232]
 2579 0138 002B     		cmp	r3, #0
 2580 013a A6D0     		beq	.L282
 2581 013c 1A57     		ldrsb	r2, [r3, r4]
 2582 013e 3B9B     		ldr	r3, [sp, #236]
 2583 0140 53F82030 		ldr	r3, [r3, r0, lsl #2]
 2584 0144 9A40     		lsls	r2, r2, r3
 2585 0146 3C9B     		ldr	r3, [sp, #240]
 2586 0148 53F82030 		ldr	r3, [r3, r0, lsl #2]
 2587 014c 0125     		movs	r5, #1
 2588 014e 9D40     		lsls	r5, r5, r3
 2589 0150 02EB6505 		add	r5, r2, r5, asr #1
 2590 0154 A0E7     		b	.L285
ARM GAS  C:\Users\ihavenoK\AppData\Local\Temp\cckpGtIU.s 			page 46


 2591              	.L303:
 2592 0156 239A     		ldr	r2, [sp, #140]
 2593 0158 DDF890C0 		ldr	ip, [sp, #144]
 2594 015c 259E     		ldr	r6, [sp, #148]
 2595 015e 1198     		ldr	r0, [sp, #68]
 2596 0160 0C9B     		ldr	r3, [sp, #48]
 2597 0162 1844     		add	r0, r0, r3
 2598              	.L292:
 2599 0164 0132     		adds	r2, r2, #1
 2600 0166 0D9B     		ldr	r3, [sp, #52]
 2601 0168 0C99     		ldr	r1, [sp, #48]
 2602 016a 0B44     		add	r3, r3, r1
 2603 016c 0D93     		str	r3, [sp, #52]
 2604 016e 6245     		cmp	r2, ip
 2605 0170 17D0     		beq	.L301
 2606              	.L280:
 2607 0172 169B     		ldr	r3, [sp, #88]
 2608 0174 6345     		cmp	r3, ip
 2609 0176 F5D3     		bcc	.L292
 2610 0178 1190     		str	r0, [sp, #68]
 2611 017a 00F10040 		add	r0, r0, #-2147483648
 2612 017e 0138     		subs	r0, r0, #1
 2613 0180 3E9B     		ldr	r3, [sp, #248]
 2614 0182 03EB4001 		add	r1, r3, r0, lsl #1
 2615 0186 139B     		ldr	r3, [sp, #76]
 2616 0188 03EB4203 		add	r3, r3, r2, lsl #1
 2617 018c 0B93     		str	r3, [sp, #44]
 2618 018e 0D98     		ldr	r0, [sp, #52]
 2619 0190 0446     		mov	r4, r0
 2620 0192 0C9B     		ldr	r3, [sp, #48]
 2621 0194 0344     		add	r3, r3, r0
 2622 0196 0993     		str	r3, [sp, #36]
 2623 0198 2392     		str	r2, [sp, #140]
 2624 019a CDF890C0 		str	ip, [sp, #144]
 2625 019e 2596     		str	r6, [sp, #148]
 2626 01a0 C4E7     		b	.L290
 2627              	.L301:
 2628 01a2 219F     		ldr	r7, [sp, #132]
 2629 01a4 229D     		ldr	r5, [sp, #136]
 2630              	.L279:
 2631 01a6 0137     		adds	r7, r7, #1
 2632 01a8 109B     		ldr	r3, [sp, #64]
 2633 01aa 9F42     		cmp	r7, r3
 2634 01ac 2CDA     		bge	.L304
 2635              	.L293:
 2636 01ae 199B     		ldr	r3, [sp, #100]
 2637 01b0 07FB03F2 		mul	r2, r7, r3
 2638 01b4 1899     		ldr	r1, [sp, #96]
 2639 01b6 531A     		subs	r3, r2, r1
 2640 01b8 BCF1000F 		cmp	ip, #0
 2641 01bc F3D0     		beq	.L279
 2642 01be 8A1A     		subs	r2, r1, r2
 2643 01c0 002B     		cmp	r3, #0
 2644 01c2 D4BF     		ite	le
 2645 01c4 1446     		movle	r4, r2
 2646 01c6 0024     		movgt	r4, #0
 2647 01c8 1F9A     		ldr	r2, [sp, #124]
ARM GAS  C:\Users\ihavenoK\AppData\Local\Temp\cckpGtIU.s 			page 47


 2648 01ca 9A18     		adds	r2, r3, r2
 2649 01cc 1B99     		ldr	r1, [sp, #108]
 2650 01ce 04FB0122 		mla	r2, r4, r1, r2
 2651 01d2 0CFB02F2 		mul	r2, ip, r2
 2652 01d6 1499     		ldr	r1, [sp, #80]
 2653 01d8 01EB4202 		add	r2, r1, r2, lsl #1
 2654 01dc 1392     		str	r2, [sp, #76]
 2655 01de 129A     		ldr	r2, [sp, #72]
 2656 01e0 A218     		adds	r2, r4, r2
 2657 01e2 3099     		ldr	r1, [sp, #192]
 2658 01e4 0BFB0212 		mla	r2, fp, r2, r1
 2659 01e8 0A92     		str	r2, [sp, #40]
 2660 01ea 0022     		movs	r2, #0
 2661 01ec 0D92     		str	r2, [sp, #52]
 2662 01ee 0E99     		ldr	r1, [sp, #56]
 2663 01f0 CB1A     		subs	r3, r1, r3
 2664 01f2 DDF83CA0 		ldr	r10, [sp, #60]
 2665 01f6 9A45     		cmp	r10, r3
 2666 01f8 A8BF     		it	ge
 2667 01fa 9A46     		movge	r10, r3
 2668 01fc 0394     		str	r4, [sp, #12]
 2669 01fe 2197     		str	r7, [sp, #132]
 2670 0200 2295     		str	r5, [sp, #136]
 2671 0202 DDF87080 		ldr	r8, [sp, #112]
 2672 0206 B4E7     		b	.L280
 2673              	.L304:
 2674 0208 1E99     		ldr	r1, [sp, #120]
 2675 020a CA46     		mov	r10, r9
 2676 020c B046     		mov	r8, r6
 2677 020e 9C46     		mov	ip, r3
 2678 0210 209C     		ldr	r4, [sp, #128]
 2679              	.L278:
 2680 0212 0131     		adds	r1, r1, #1
 2681 0214 A142     		cmp	r1, r4
 2682 0216 29DA     		bge	.L276
 2683              	.L294:
 2684 0218 1A9B     		ldr	r3, [sp, #104]
 2685 021a 01FB03F2 		mul	r2, r1, r3
 2686 021e A2EB0803 		sub	r3, r2, r8
 2687 0222 BCF1000F 		cmp	ip, #0
 2688 0226 F4D0     		beq	.L278
 2689 0228 A8EB0202 		sub	r2, r8, r2
 2690 022c 002B     		cmp	r3, #0
 2691 022e D4BF     		ite	le
 2692 0230 1746     		movle	r7, r2
 2693 0232 0027     		movgt	r7, #0
 2694 0234 0497     		str	r7, [sp, #16]
 2695 0236 05FB0732 		mla	r2, r5, r7, r3
 2696 023a 0E9E     		ldr	r6, [sp, #56]
 2697 023c 06FB02F6 		mul	r6, r6, r2
 2698 0240 0F9A     		ldr	r2, [sp, #60]
 2699 0242 07FB02F2 		mul	r2, r7, r2
 2700 0246 1292     		str	r2, [sp, #72]
 2701 0248 0027     		movs	r7, #0
 2702 024a 159A     		ldr	r2, [sp, #84]
 2703 024c D31A     		subs	r3, r2, r3
 2704 024e 179A     		ldr	r2, [sp, #92]
ARM GAS  C:\Users\ihavenoK\AppData\Local\Temp\cckpGtIU.s 			page 48


 2705 0250 9342     		cmp	r3, r2
 2706 0252 A8BF     		it	ge
 2707 0254 1346     		movge	r3, r2
 2708 0256 1C93     		str	r3, [sp, #112]
 2709 0258 1E91     		str	r1, [sp, #120]
 2710 025a D146     		mov	r9, r10
 2711 025c 1F96     		str	r6, [sp, #124]
 2712 025e 4646     		mov	r6, r8
 2713 0260 CDF840C0 		str	ip, [sp, #64]
 2714 0264 DDF874C0 		ldr	ip, [sp, #116]
 2715 0268 2094     		str	r4, [sp, #128]
 2716 026a A0E7     		b	.L293
 2717              	.L276:
 2718 026c 27B0     		add	sp, sp, #156
 2719              		@ sp needed
 2720 026e BDE8F08F 		pop	{r4, r5, r6, r7, r8, r9, r10, fp, pc}
 2721              	.L306:
 2722 0272 00BF     		.align	2
 2723              	.L305:
 2724 0274 0080FFFF 		.word	-32768
 2726              		.section	.text.local_depthwise_separable_conv_CHW_q15_nonsquare,"ax",%progbits
 2727              		.align	1
 2728              		.global	local_depthwise_separable_conv_CHW_q15_nonsquare
 2729              		.syntax unified
 2730              		.thumb
 2731              		.thumb_func
 2733              	local_depthwise_separable_conv_CHW_q15_nonsquare:
 2734              		@ args = 76, pretend = 0, frame = 160
 2735              		@ frame_needed = 0, uses_anonymous_args = 0
 2736 0000 2DE9F04F 		push	{r4, r5, r6, r7, r8, r9, r10, fp, lr}
 2737 0004 A9B0     		sub	sp, sp, #164
 2738 0006 1A90     		str	r0, [sp, #104]
 2739 0008 1391     		str	r1, [sp, #76]
 2740 000a 1746     		mov	r7, r2
 2741 000c 1093     		str	r3, [sp, #64]
 2742 000e BDF8CCE0 		ldrh	lr, [sp, #204]
 2743 0012 BDF8D090 		ldrh	r9, [sp, #208]
 2744 0016 CDF85090 		str	r9, [sp, #80]
 2745 001a BDF8D450 		ldrh	r5, [sp, #212]
 2746 001e BDF8D820 		ldrh	r2, [sp, #216]
 2747 0022 1B92     		str	r2, [sp, #108]
 2748 0024 BDF8DC40 		ldrh	r4, [sp, #220]
 2749 0028 BDF8E020 		ldrh	r2, [sp, #224]
 2750 002c 1C92     		str	r2, [sp, #112]
 2751 002e BDF8E480 		ldrh	r8, [sp, #228]
 2752 0032 BDF8E8A0 		ldrh	r10, [sp, #232]
 2753 0036 CDF874A0 		str	r10, [sp, #116]
 2754 003a BDF8EC60 		ldrh	r6, [sp, #236]
 2755 003e 9DF8FC20 		ldrb	r2, [sp, #252]	@ zero_extendqisi2
 2756 0042 0A92     		str	r2, [sp, #40]
 2757 0044 BDF804C1 		ldrh	ip, [sp, #260]
 2758 0048 BDF80801 		ldrh	r0, [sp, #264]
 2759 004c BEFBF3F3 		udiv	r3, lr, r3
 2760 0050 1193     		str	r3, [sp, #68]
 2761 0052 0028     		cmp	r0, #0
 2762 0054 00F01F81 		beq	.L307
 2763 0058 1A46     		mov	r2, r3
ARM GAS  C:\Users\ihavenoK\AppData\Local\Temp\cckpGtIU.s 			page 49


 2764 005a 00FB0CF3 		mul	r3, r0, ip
 2765 005e 02FB03F2 		mul	r2, r2, r3
 2766 0062 5200     		lsls	r2, r2, #1
 2767 0064 1792     		str	r2, [sp, #92]
 2768 0066 01FB07F2 		mul	r2, r1, r7
 2769 006a 1892     		str	r2, [sp, #96]
 2770 006c 5B00     		lsls	r3, r3, #1
 2771 006e 0993     		str	r3, [sp, #36]
 2772 0070 0EFB09F3 		mul	r3, lr, r9
 2773 0074 0293     		str	r3, [sp, #8]
 2774 0076 06FB01F3 		mul	r3, r6, r1
 2775 007a 0393     		str	r3, [sp, #12]
 2776 007c 4FEA4A0B 		lsl	fp, r10, #1
 2777 0080 0021     		movs	r1, #0
 2778 0082 BA46     		mov	r10, r7
 2779 0084 7746     		mov	r7, lr
 2780 0086 AE46     		mov	lr, r5
 2781 0088 0346     		mov	r3, r0
 2782 008a 6046     		mov	r0, ip
 2783 008c B446     		mov	ip, r6
 2784 008e 1E46     		mov	r6, r3
 2785 0090 D8E0     		b	.L325
 2786              	.L313:
 2787 0092 3E9B     		ldr	r3, [sp, #248]
 2788 0094 53F82030 		ldr	r3, [r3, r0, lsl #2]
 2789 0098 0122     		movs	r2, #1
 2790 009a 02FA03F5 		lsl	r5, r2, r3
 2791 009e 1541     		asrs	r5, r5, r2
 2792              	.L316:
 2793 00a0 2A46     		mov	r2, r5
 2794 00a2 ED17     		asrs	r5, r5, #31
 2795 00a4 069B     		ldr	r3, [sp, #24]
 2796 00a6 7345     		cmp	r3, lr
 2797 00a8 24DA     		bge	.L315
 2798 00aa 0D9B     		ldr	r3, [sp, #52]
 2799 00ac 04EB030C 		add	ip, r4, r3
 2800 00b0 0C9F     		ldr	r7, [sp, #48]
 2801 00b2 069E     		ldr	r6, [sp, #24]
 2802 00b4 0790     		str	r0, [sp, #28]
 2803 00b6 0894     		str	r4, [sp, #32]
 2804              	.L319:
 2805 00b8 0199     		ldr	r1, [sp, #4]
 2806 00ba 5145     		cmp	r1, r10
 2807 00bc 11DA     		bge	.L317
 2808 00be 049B     		ldr	r3, [sp, #16]
 2809 00c0 03EB4704 		add	r4, r3, r7, lsl #1
 2810 00c4 6046     		mov	r0, ip
 2811              	.L318:
 2812 00c6 B4F90030 		ldrsh	r3, [r4]
 2813 00ca 90F90080 		ldrsb	r8, [r0]
 2814 00ce 08FB03F3 		mul	r3, r8, r3
 2815 00d2 9A18     		adds	r2, r3, r2
 2816 00d4 45EBE375 		adc	r5, r5, r3, asr #31
 2817 00d8 0131     		adds	r1, r1, #1
 2818 00da 4C44     		add	r4, r4, r9
 2819 00dc 5844     		add	r0, r0, fp
 2820 00de 8A45     		cmp	r10, r1
ARM GAS  C:\Users\ihavenoK\AppData\Local\Temp\cckpGtIU.s 			page 50


 2821 00e0 F1D1     		bne	.L318
 2822              	.L317:
 2823 00e2 0136     		adds	r6, r6, #1
 2824 00e4 029B     		ldr	r3, [sp, #8]
 2825 00e6 9C44     		add	ip, ip, r3
 2826 00e8 039B     		ldr	r3, [sp, #12]
 2827 00ea 1F44     		add	r7, r7, r3
 2828 00ec B645     		cmp	lr, r6
 2829 00ee E3D1     		bne	.L319
 2830 00f0 0798     		ldr	r0, [sp, #28]
 2831 00f2 089C     		ldr	r4, [sp, #32]
 2832              	.L315:
 2833 00f4 3E9B     		ldr	r3, [sp, #248]
 2834 00f6 53F82030 		ldr	r3, [r3, r0, lsl #2]
 2835 00fa C3F12001 		rsb	r1, r3, #32
 2836 00fe B3F12000 		subs	r0, r3, #32
 2837 0102 22FA03F2 		lsr	r2, r2, r3
 2838 0106 05FA01F1 		lsl	r1, r5, r1
 2839 010a 42EA0102 		orr	r2, r2, r1
 2840 010e 5CBF     		itt	pl
 2841 0110 45FA00F0 		asrpl	r0, r5, r0
 2842 0114 0243     		orrpl	r2, r2, r0
 2843 0116 47F6FF73 		movw	r3, #32767
 2844 011a 9A42     		cmp	r2, r3
 2845 011c A8BF     		it	ge
 2846 011e 1A46     		movge	r2, r3
 2847 0120 5E4B     		ldr	r3, .L336
 2848 0122 9A42     		cmp	r2, r3
 2849 0124 B8BF     		it	lt
 2850 0126 1A46     		movlt	r2, r3
 2851 0128 059B     		ldr	r3, [sp, #20]
 2852 012a 1A80     		strh	r2, [r3]	@ movhi
 2853 012c 099A     		ldr	r2, [sp, #36]
 2854 012e 1344     		add	r3, r3, r2
 2855 0130 0593     		str	r3, [sp, #20]
 2856 0132 0134     		adds	r4, r4, #1
 2857 0134 0B9B     		ldr	r3, [sp, #44]
 2858 0136 9C42     		cmp	r4, r3
 2859 0138 15D0     		beq	.L334
 2860              	.L321:
 2861 013a 0A9B     		ldr	r3, [sp, #40]
 2862 013c 012B     		cmp	r3, #1
 2863 013e 0CBF     		ite	eq
 2864 0140 2046     		moveq	r0, r4
 2865 0142 0020     		movne	r0, #0
 2866 0144 3C9B     		ldr	r3, [sp, #240]
 2867 0146 002B     		cmp	r3, #0
 2868 0148 A3D0     		beq	.L313
 2869 014a 1A57     		ldrsb	r2, [r3, r4]
 2870 014c 3D9B     		ldr	r3, [sp, #244]
 2871 014e 53F82030 		ldr	r3, [r3, r0, lsl #2]
 2872 0152 9A40     		lsls	r2, r2, r3
 2873 0154 3E9B     		ldr	r3, [sp, #248]
 2874 0156 53F82030 		ldr	r3, [r3, r0, lsl #2]
 2875 015a 0121     		movs	r1, #1
 2876 015c 01FA03F5 		lsl	r5, r1, r3
 2877 0160 02EB6505 		add	r5, r2, r5, asr #1
ARM GAS  C:\Users\ihavenoK\AppData\Local\Temp\cckpGtIU.s 			page 51


 2878 0164 9CE7     		b	.L316
 2879              	.L334:
 2880 0166 239A     		ldr	r2, [sp, #140]
 2881 0168 249E     		ldr	r6, [sp, #144]
 2882 016a 259F     		ldr	r7, [sp, #148]
 2883 016c DDF898C0 		ldr	ip, [sp, #152]
 2884 0170 2798     		ldr	r0, [sp, #156]
 2885              	.L323:
 2886 0172 129B     		ldr	r3, [sp, #72]
 2887 0174 0133     		adds	r3, r3, #1
 2888 0176 1293     		str	r3, [sp, #72]
 2889 0178 0E99     		ldr	r1, [sp, #56]
 2890 017a 179C     		ldr	r4, [sp, #92]
 2891 017c 2144     		add	r1, r1, r4
 2892 017e 0E91     		str	r1, [sp, #56]
 2893 0180 0F99     		ldr	r1, [sp, #60]
 2894 0182 119C     		ldr	r4, [sp, #68]
 2895 0184 2144     		add	r1, r1, r4
 2896 0186 0F91     		str	r1, [sp, #60]
 2897 0188 1899     		ldr	r1, [sp, #96]
 2898 018a 0A44     		add	r2, r2, r1
 2899 018c 1099     		ldr	r1, [sp, #64]
 2900 018e 8B42     		cmp	r3, r1
 2901 0190 14D0     		beq	.L332
 2902              	.L311:
 2903 0192 109B     		ldr	r3, [sp, #64]
 2904 0194 9B45     		cmp	fp, r3
 2905 0196 ECD3     		bcc	.L323
 2906 0198 199B     		ldr	r3, [sp, #100]
 2907 019a 03EB4203 		add	r3, r3, r2, lsl #1
 2908 019e 0493     		str	r3, [sp, #16]
 2909 01a0 0F99     		ldr	r1, [sp, #60]
 2910 01a2 0C46     		mov	r4, r1
 2911 01a4 0E9B     		ldr	r3, [sp, #56]
 2912 01a6 0593     		str	r3, [sp, #20]
 2913 01a8 119B     		ldr	r3, [sp, #68]
 2914 01aa 0B44     		add	r3, r3, r1
 2915 01ac 0B93     		str	r3, [sp, #44]
 2916 01ae 2392     		str	r2, [sp, #140]
 2917 01b0 2496     		str	r6, [sp, #144]
 2918 01b2 2597     		str	r7, [sp, #148]
 2919 01b4 CDF898C0 		str	ip, [sp, #152]
 2920 01b8 2790     		str	r0, [sp, #156]
 2921 01ba BEE7     		b	.L321
 2922              	.L332:
 2923 01bc 2199     		ldr	r1, [sp, #132]
 2924 01be 229D     		ldr	r5, [sp, #136]
 2925              	.L310:
 2926 01c0 0135     		adds	r5, r5, #1
 2927 01c2 8542     		cmp	r5, r0
 2928 01c4 31DA     		bge	.L335
 2929              	.L324:
 2930 01c6 1C9B     		ldr	r3, [sp, #112]
 2931 01c8 05FB03F8 		mul	r8, r5, r3
 2932 01cc 1B9C     		ldr	r4, [sp, #108]
 2933 01ce A8EB0403 		sub	r3, r8, r4
 2934 01d2 109A     		ldr	r2, [sp, #64]
ARM GAS  C:\Users\ihavenoK\AppData\Local\Temp\cckpGtIU.s 			page 52


 2935 01d4 002A     		cmp	r2, #0
 2936 01d6 F3D0     		beq	.L310
 2937 01d8 A4EB0802 		sub	r2, r4, r8
 2938 01dc 002B     		cmp	r3, #0
 2939 01de D4BF     		ite	le
 2940 01e0 1446     		movle	r4, r2
 2941 01e2 0024     		movgt	r4, #0
 2942 01e4 0194     		str	r4, [sp, #4]
 2943 01e6 159A     		ldr	r2, [sp, #84]
 2944 01e8 AA18     		adds	r2, r5, r2
 2945 01ea DDF80081 		ldr	r8, [sp, #256]
 2946 01ee 08EB4202 		add	r2, r8, r2, lsl #1
 2947 01f2 0E92     		str	r2, [sp, #56]
 2948 01f4 169A     		ldr	r2, [sp, #88]
 2949 01f6 2244     		add	r2, r2, r4
 2950 01f8 DDF8C880 		ldr	r8, [sp, #200]
 2951 01fc 0BFB0282 		mla	r2, fp, r2, r8
 2952 0200 0D92     		str	r2, [sp, #52]
 2953 0202 1D9A     		ldr	r2, [sp, #116]
 2954 0204 04FB0232 		mla	r2, r4, r2, r3
 2955 0208 1A9C     		ldr	r4, [sp, #104]
 2956 020a 04EB4202 		add	r2, r4, r2, lsl #1
 2957 020e 1992     		str	r2, [sp, #100]
 2958 0210 0022     		movs	r2, #0
 2959 0212 0F92     		str	r2, [sp, #60]
 2960 0214 1292     		str	r2, [sp, #72]
 2961 0216 139C     		ldr	r4, [sp, #76]
 2962 0218 E31A     		subs	r3, r4, r3
 2963 021a DDF850A0 		ldr	r10, [sp, #80]
 2964 021e 9A45     		cmp	r10, r3
 2965 0220 A8BF     		it	ge
 2966 0222 9A46     		movge	r10, r3
 2967 0224 2191     		str	r1, [sp, #132]
 2968 0226 2295     		str	r5, [sp, #136]
 2969 0228 B3E7     		b	.L311
 2970              	.L335:
 2971 022a DDF878A0 		ldr	r10, [sp, #120]
 2972 022e B646     		mov	lr, r6
 2973 0230 3C46     		mov	r4, r7
 2974 0232 5F46     		mov	r7, fp
 2975 0234 CB46     		mov	fp, r9
 2976 0236 E046     		mov	r8, ip
 2977 0238 DDF87CC0 		ldr	ip, [sp, #124]
 2978 023c 209E     		ldr	r6, [sp, #128]
 2979              	.L309:
 2980 023e 0131     		adds	r1, r1, #1
 2981 0240 B142     		cmp	r1, r6
 2982 0242 28DA     		bge	.L307
 2983              	.L325:
 2984 0244 01FB08F2 		mul	r2, r1, r8
 2985 0248 131B     		subs	r3, r2, r4
 2986 024a 0028     		cmp	r0, #0
 2987 024c F7D0     		beq	.L309
 2988 024e A21A     		subs	r2, r4, r2
 2989 0250 002B     		cmp	r3, #0
 2990 0252 C8BF     		it	gt
 2991 0254 0022     		movgt	r2, #0
ARM GAS  C:\Users\ihavenoK\AppData\Local\Temp\cckpGtIU.s 			page 53


 2992 0256 0692     		str	r2, [sp, #24]
 2993 0258 01FB00F5 		mul	r5, r1, r0
 2994 025c 1595     		str	r5, [sp, #84]
 2995 025e 149D     		ldr	r5, [sp, #80]
 2996 0260 02FB05F5 		mul	r5, r2, r5
 2997 0264 1695     		str	r5, [sp, #88]
 2998 0266 0CFB0232 		mla	r2, ip, r2, r3
 2999 026a 139D     		ldr	r5, [sp, #76]
 3000 026c 05FB02F2 		mul	r2, r5, r2
 3001 0270 0C92     		str	r2, [sp, #48]
 3002 0272 0025     		movs	r5, #0
 3003 0274 AAEB0303 		sub	r3, r10, r3
 3004 0278 7345     		cmp	r3, lr
 3005 027a A8BF     		it	ge
 3006 027c 7346     		movge	r3, lr
 3007 027e CDF878A0 		str	r10, [sp, #120]
 3008 0282 CDF87CC0 		str	ip, [sp, #124]
 3009 0286 C446     		mov	ip, r8
 3010 0288 2096     		str	r6, [sp, #128]
 3011 028a 7646     		mov	r6, lr
 3012 028c 9E46     		mov	lr, r3
 3013 028e D946     		mov	r9, fp
 3014 0290 BB46     		mov	fp, r7
 3015 0292 2746     		mov	r7, r4
 3016 0294 97E7     		b	.L324
 3017              	.L307:
 3018 0296 29B0     		add	sp, sp, #164
 3019              		@ sp needed
 3020 0298 BDE8F08F 		pop	{r4, r5, r6, r7, r8, r9, r10, fp, pc}
 3021              	.L337:
 3022              		.align	2
 3023              	.L336:
 3024 029c 0080FFFF 		.word	-32768
 3026              		.section	.text.local_zero_padding_HWC_q15,"ax",%progbits
 3027              		.align	1
 3028              		.global	local_zero_padding_HWC_q15
 3029              		.syntax unified
 3030              		.thumb
 3031              		.thumb_func
 3033              	local_zero_padding_HWC_q15:
 3034              		@ args = 28, pretend = 0, frame = 16
 3035              		@ frame_needed = 0, uses_anonymous_args = 0
 3036 0000 2DE9F04F 		push	{r4, r5, r6, r7, r8, r9, r10, fp, lr}
 3037 0004 85B0     		sub	sp, sp, #20
 3038 0006 0546     		mov	r5, r0
 3039 0008 0F46     		mov	r7, r1
 3040 000a 9246     		mov	r10, r2
 3041 000c 1C46     		mov	r4, r3
 3042 000e DDF84880 		ldr	r8, [sp, #72]
 3043 0012 BDF84CB0 		ldrh	fp, [sp, #76]
 3044 0016 03FB0BF3 		mul	r3, r3, fp
 3045 001a 0293     		str	r3, [sp, #8]
 3046 001c BDF83860 		ldrh	r6, [sp, #56]
 3047 0020 03FB06F6 		mul	r6, r3, r6
 3048 0024 7600     		lsls	r6, r6, #1
 3049 0026 3246     		mov	r2, r6
 3050 0028 0021     		movs	r1, #0
ARM GAS  C:\Users\ihavenoK\AppData\Local\Temp\cckpGtIU.s 			page 54


 3051 002a 4046     		mov	r0, r8
 3052 002c FFF7FEFF 		bl	memset
 3053 0030 08EB0600 		add	r0, r8, r6
 3054 0034 BAF1000F 		cmp	r10, #0
 3055 0038 39D0     		beq	.L339
 3056 003a BDF84020 		ldrh	r2, [sp, #64]
 3057 003e 04FB02F2 		mul	r2, r4, r2
 3058 0042 4FEA4209 		lsl	r9, r2, #1
 3059 0046 04FB07F1 		mul	r1, r4, r7
 3060 004a 4FEA410B 		lsl	fp, r1, #1
 3061 004e BDF84430 		ldrh	r3, [sp, #68]
 3062 0052 03FB04F4 		mul	r4, r3, r4
 3063 0056 4FEA440E 		lsl	lr, r4, #1
 3064 005a 0BEB4203 		add	r3, fp, r2, lsl #1
 3065 005e 0F19     		adds	r7, r1, r4
 3066 0060 7F00     		lsls	r7, r7, #1
 3067 0062 07EB4207 		add	r7, r7, r2, lsl #1
 3068 0066 0446     		mov	r4, r0
 3069 0068 0026     		movs	r6, #0
 3070 006a B046     		mov	r8, r6
 3071 006c CDF800E0 		str	lr, [sp]
 3072 0070 0390     		str	r0, [sp, #12]
 3073 0072 0197     		str	r7, [sp, #4]
 3074 0074 1F46     		mov	r7, r3
 3075              	.L340:
 3076 0076 4A46     		mov	r2, r9
 3077 0078 4146     		mov	r1, r8
 3078 007a 2046     		mov	r0, r4
 3079 007c FFF7FEFF 		bl	memset
 3080 0080 5A46     		mov	r2, fp
 3081 0082 2946     		mov	r1, r5
 3082 0084 04EB0900 		add	r0, r4, r9
 3083 0088 FFF7FEFF 		bl	memcpy
 3084 008c 009A     		ldr	r2, [sp]
 3085 008e 4146     		mov	r1, r8
 3086 0090 E019     		adds	r0, r4, r7
 3087 0092 FFF7FEFF 		bl	memset
 3088 0096 019B     		ldr	r3, [sp, #4]
 3089 0098 1C44     		add	r4, r4, r3
 3090 009a 0136     		adds	r6, r6, #1
 3091 009c 5D44     		add	r5, r5, fp
 3092 009e 5645     		cmp	r6, r10
 3093 00a0 E9D1     		bne	.L340
 3094 00a2 DDF800E0 		ldr	lr, [sp]
 3095 00a6 0398     		ldr	r0, [sp, #12]
 3096 00a8 BE44     		add	lr, lr, r7
 3097 00aa 0AFB0E00 		mla	r0, r10, lr, r0
 3098              	.L339:
 3099 00ae BDF83C20 		ldrh	r2, [sp, #60]
 3100 00b2 029B     		ldr	r3, [sp, #8]
 3101 00b4 03FB02F2 		mul	r2, r3, r2
 3102 00b8 5200     		lsls	r2, r2, #1
 3103 00ba 0021     		movs	r1, #0
 3104 00bc FFF7FEFF 		bl	memset
 3105 00c0 05B0     		add	sp, sp, #20
 3106              		@ sp needed
 3107 00c2 BDE8F08F 		pop	{r4, r5, r6, r7, r8, r9, r10, fp, pc}
ARM GAS  C:\Users\ihavenoK\AppData\Local\Temp\cckpGtIU.s 			page 55


 3109              		.section	.text.local_zero_padding_CHW_q15,"ax",%progbits
 3110              		.align	1
 3111              		.global	local_zero_padding_CHW_q15
 3112              		.syntax unified
 3113              		.thumb
 3114              		.thumb_func
 3116              	local_zero_padding_CHW_q15:
 3117              		@ args = 28, pretend = 0, frame = 48
 3118              		@ frame_needed = 0, uses_anonymous_args = 0
 3119 0000 2DE9F04F 		push	{r4, r5, r6, r7, r8, r9, r10, fp, lr}
 3120 0004 8DB0     		sub	sp, sp, #52
 3121 0006 0A90     		str	r0, [sp, #40]
 3122 0008 9246     		mov	r10, r2
 3123 000a BDF86020 		ldrh	r2, [sp, #96]
 3124 000e BDF86440 		ldrh	r4, [sp, #100]
 3125 0012 BDF86C00 		ldrh	r0, [sp, #108]
 3126 0016 0693     		str	r3, [sp, #24]
 3127 0018 002B     		cmp	r3, #0
 3128 001a 6CD0     		beq	.L343
 3129 001c BDF85830 		ldrh	r3, [sp, #88]
 3130 0020 00FB03F3 		mul	r3, r0, r3
 3131 0024 4FEA4309 		lsl	r9, r3, #1
 3132 0028 4FEA4208 		lsl	r8, r2, #1
 3133 002c 4F00     		lsls	r7, r1, #1
 3134 002e BDF85C50 		ldrh	r5, [sp, #92]
 3135 0032 00FB05F5 		mul	r5, r0, r5
 3136 0036 6D00     		lsls	r5, r5, #1
 3137 0038 0795     		str	r5, [sp, #28]
 3138 003a BDF87050 		ldrh	r5, [sp, #112]
 3139 003e 05FB00F0 		mul	r0, r5, r0
 3140 0042 4000     		lsls	r0, r0, #1
 3141 0044 0890     		str	r0, [sp, #32]
 3142 0046 1A98     		ldr	r0, [sp, #104]
 3143 0048 0390     		str	r0, [sp, #12]
 3144 004a 0AFB01F0 		mul	r0, r10, r1
 3145 004e 0990     		str	r0, [sp, #36]
 3146 0050 07EB4200 		add	r0, r7, r2, lsl #1
 3147 0054 0190     		str	r0, [sp, #4]
 3148 0056 01EB040B 		add	fp, r1, r4
 3149 005a 4FEA4B0B 		lsl	fp, fp, #1
 3150 005e 0BEB4200 		add	r0, fp, r2, lsl #1
 3151 0062 0290     		str	r0, [sp, #8]
 3152 0064 2244     		add	r2, r2, r4
 3153 0066 1144     		add	r1, r1, r2
 3154 0068 0AFB0133 		mla	r3, r10, r1, r3
 3155 006c 5B00     		lsls	r3, r3, #1
 3156 006e 0B93     		str	r3, [sp, #44]
 3157 0070 0023     		movs	r3, #0
 3158 0072 0493     		str	r3, [sp, #16]
 3159 0074 0593     		str	r3, [sp, #20]
 3160 0076 1E46     		mov	r6, r3
 3161              	.L347:
 3162 0078 4A46     		mov	r2, r9
 3163 007a 3146     		mov	r1, r6
 3164 007c 039C     		ldr	r4, [sp, #12]
 3165 007e 2046     		mov	r0, r4
 3166 0080 FFF7FEFF 		bl	memset
ARM GAS  C:\Users\ihavenoK\AppData\Local\Temp\cckpGtIU.s 			page 56


 3167 0084 09EB040B 		add	fp, r9, r4
 3168 0088 BAF1000F 		cmp	r10, #0
 3169 008c 20D0     		beq	.L345
 3170 008e 0A9B     		ldr	r3, [sp, #40]
 3171 0090 049A     		ldr	r2, [sp, #16]
 3172 0092 03EB4205 		add	r5, r3, r2, lsl #1
 3173 0096 0024     		movs	r4, #0
 3174              	.L346:
 3175 0098 4246     		mov	r2, r8
 3176 009a 3146     		mov	r1, r6
 3177 009c 5846     		mov	r0, fp
 3178 009e FFF7FEFF 		bl	memset
 3179 00a2 3A46     		mov	r2, r7
 3180 00a4 2946     		mov	r1, r5
 3181 00a6 0BEB0800 		add	r0, fp, r8
 3182 00aa FFF7FEFF 		bl	memcpy
 3183 00ae 4A46     		mov	r2, r9
 3184 00b0 3146     		mov	r1, r6
 3185 00b2 019B     		ldr	r3, [sp, #4]
 3186 00b4 0BEB0300 		add	r0, fp, r3
 3187 00b8 FFF7FEFF 		bl	memset
 3188 00bc 029B     		ldr	r3, [sp, #8]
 3189 00be 9B44     		add	fp, fp, r3
 3190 00c0 0134     		adds	r4, r4, #1
 3191 00c2 3D44     		add	r5, r5, r7
 3192 00c4 5445     		cmp	r4, r10
 3193 00c6 E7D1     		bne	.L346
 3194 00c8 039B     		ldr	r3, [sp, #12]
 3195 00ca 0B9A     		ldr	r2, [sp, #44]
 3196 00cc 03EB020B 		add	fp, r3, r2
 3197              	.L345:
 3198 00d0 079A     		ldr	r2, [sp, #28]
 3199 00d2 3146     		mov	r1, r6
 3200 00d4 5846     		mov	r0, fp
 3201 00d6 FFF7FEFF 		bl	memset
 3202 00da 059B     		ldr	r3, [sp, #20]
 3203 00dc 0133     		adds	r3, r3, #1
 3204 00de 0593     		str	r3, [sp, #20]
 3205 00e0 039A     		ldr	r2, [sp, #12]
 3206 00e2 0899     		ldr	r1, [sp, #32]
 3207 00e4 0A44     		add	r2, r2, r1
 3208 00e6 0392     		str	r2, [sp, #12]
 3209 00e8 049A     		ldr	r2, [sp, #16]
 3210 00ea 0999     		ldr	r1, [sp, #36]
 3211 00ec 0A44     		add	r2, r2, r1
 3212 00ee 0492     		str	r2, [sp, #16]
 3213 00f0 069A     		ldr	r2, [sp, #24]
 3214 00f2 9342     		cmp	r3, r2
 3215 00f4 C0D1     		bne	.L347
 3216              	.L343:
 3217 00f6 0DB0     		add	sp, sp, #52
 3218              		@ sp needed
 3219 00f8 BDE8F08F 		pop	{r4, r5, r6, r7, r8, r9, r10, fp, pc}
 3221              		.section	.text.local_cropping_HWC_q15,"ax",%progbits
 3222              		.align	1
 3223              		.global	local_cropping_HWC_q15
 3224              		.syntax unified
ARM GAS  C:\Users\ihavenoK\AppData\Local\Temp\cckpGtIU.s 			page 57


 3225              		.thumb
 3226              		.thumb_func
 3228              	local_cropping_HWC_q15:
 3229              		@ args = 28, pretend = 0, frame = 0
 3230              		@ frame_needed = 0, uses_anonymous_args = 0
 3231 0000 2DE9F843 		push	{r3, r4, r5, r6, r7, r8, r9, lr}
 3232 0004 BDF83890 		ldrh	r9, [sp, #56]
 3233 0008 03FB01F1 		mul	r1, r3, r1
 3234 000c BDF82020 		ldrh	r2, [sp, #32]
 3235 0010 02FB01F1 		mul	r1, r2, r1
 3236 0014 BDF83470 		ldrh	r7, [sp, #52]
 3237 0018 03FB07F7 		mul	r7, r3, r7
 3238 001c B9F1000F 		cmp	r9, #0
 3239 0020 1CD0     		beq	.L351
 3240 0022 4900     		lsls	r1, r1, #1
 3241 0024 BDF82820 		ldrh	r2, [sp, #40]
 3242 0028 03FB02F2 		mul	r2, r3, r2
 3243 002c 4FEA4708 		lsl	r8, r7, #1
 3244 0030 0C9E     		ldr	r6, [sp, #48]
 3245 0032 BDF82C40 		ldrh	r4, [sp, #44]
 3246 0036 03FB0477 		mla	r7, r3, r4, r7
 3247 003a 7F00     		lsls	r7, r7, #1
 3248 003c 07EB4207 		add	r7, r7, r2, lsl #1
 3249 0040 01EB4201 		add	r1, r1, r2, lsl #1
 3250 0044 4418     		adds	r4, r0, r1
 3251 0046 0025     		movs	r5, #0
 3252              	.L353:
 3253 0048 4246     		mov	r2, r8
 3254 004a 2146     		mov	r1, r4
 3255 004c 3046     		mov	r0, r6
 3256 004e FFF7FEFF 		bl	memcpy
 3257 0052 0135     		adds	r5, r5, #1
 3258 0054 4644     		add	r6, r6, r8
 3259 0056 3C44     		add	r4, r4, r7
 3260 0058 4D45     		cmp	r5, r9
 3261 005a F5D1     		bne	.L353
 3262              	.L351:
 3263 005c BDE8F883 		pop	{r3, r4, r5, r6, r7, r8, r9, pc}
 3265              		.section	.text.local_cropping_CHW_q15,"ax",%progbits
 3266              		.align	1
 3267              		.global	local_cropping_CHW_q15
 3268              		.syntax unified
 3269              		.thumb
 3270              		.thumb_func
 3272              	local_cropping_CHW_q15:
 3273              		@ args = 28, pretend = 0, frame = 24
 3274              		@ frame_needed = 0, uses_anonymous_args = 0
 3275 0000 2DE9F04F 		push	{r4, r5, r6, r7, r8, r9, r10, fp, lr}
 3276 0004 87B0     		sub	sp, sp, #28
 3277 0006 BDF85440 		ldrh	r4, [sp, #84]
 3278 000a BDF858A0 		ldrh	r10, [sp, #88]
 3279 000e 0293     		str	r3, [sp, #8]
 3280 0010 002B     		cmp	r3, #0
 3281 0012 3AD0     		beq	.L356
 3282 0014 BDF84830 		ldrh	r3, [sp, #72]
 3283 0018 5B00     		lsls	r3, r3, #1
 3284 001a 0593     		str	r3, [sp, #20]
ARM GAS  C:\Users\ihavenoK\AppData\Local\Temp\cckpGtIU.s 			page 58


 3285 001c 6700     		lsls	r7, r4, #1
 3286 001e 4FEA4108 		lsl	r8, r1, #1
 3287 0022 01FB02F2 		mul	r2, r1, r2
 3288 0026 5300     		lsls	r3, r2, #1
 3289 0028 0393     		str	r3, [sp, #12]
 3290 002a BDF84030 		ldrh	r3, [sp, #64]
 3291 002e 01FB03F3 		mul	r3, r1, r3
 3292 0032 00EB4300 		add	r0, r0, r3, lsl #1
 3293 0036 0AFB04F3 		mul	r3, r10, r4
 3294 003a 0493     		str	r3, [sp, #16]
 3295 003c 4FF00009 		mov	r9, #0
 3296 0040 4A46     		mov	r2, r9
 3297 0042 8346     		mov	fp, r0
 3298              	.L360:
 3299 0044 BAF1000F 		cmp	r10, #0
 3300 0048 16D0     		beq	.L358
 3301 004a 149B     		ldr	r3, [sp, #80]
 3302 004c 03EB4206 		add	r6, r3, r2, lsl #1
 3303 0050 059B     		ldr	r3, [sp, #20]
 3304 0052 03EB0B05 		add	r5, r3, fp
 3305 0056 0024     		movs	r4, #0
 3306 0058 CDF80490 		str	r9, [sp, #4]
 3307 005c 9146     		mov	r9, r2
 3308              	.L359:
 3309 005e 3A46     		mov	r2, r7
 3310 0060 2946     		mov	r1, r5
 3311 0062 3046     		mov	r0, r6
 3312 0064 FFF7FEFF 		bl	memcpy
 3313 0068 0134     		adds	r4, r4, #1
 3314 006a 3E44     		add	r6, r6, r7
 3315 006c 4544     		add	r5, r5, r8
 3316 006e 5445     		cmp	r4, r10
 3317 0070 F5D1     		bne	.L359
 3318 0072 4A46     		mov	r2, r9
 3319 0074 DDF80490 		ldr	r9, [sp, #4]
 3320              	.L358:
 3321 0078 09F10109 		add	r9, r9, #1
 3322 007c 039B     		ldr	r3, [sp, #12]
 3323 007e 9B44     		add	fp, fp, r3
 3324 0080 049B     		ldr	r3, [sp, #16]
 3325 0082 1A44     		add	r2, r2, r3
 3326 0084 029B     		ldr	r3, [sp, #8]
 3327 0086 9945     		cmp	r9, r3
 3328 0088 DCD1     		bne	.L360
 3329              	.L356:
 3330 008a 07B0     		add	sp, sp, #28
 3331              		@ sp needed
 3332 008c BDE8F08F 		pop	{r4, r5, r6, r7, r8, r9, r10, fp, pc}
 3334              		.section	.text.local_dot_q15,"ax",%progbits
 3335              		.align	1
 3336              		.global	local_dot_q15
 3337              		.syntax unified
 3338              		.thumb
 3339              		.thumb_func
 3341              	local_dot_q15:
 3342              		@ args = 8, pretend = 0, frame = 24
 3343              		@ frame_needed = 0, uses_anonymous_args = 0
ARM GAS  C:\Users\ihavenoK\AppData\Local\Temp\cckpGtIU.s 			page 59


 3344 0000 2DE9F04F 		push	{r4, r5, r6, r7, r8, r9, r10, fp, lr}
 3345 0004 87B0     		sub	sp, sp, #28
 3346 0006 0490     		str	r0, [sp, #16]
 3347 0008 0591     		str	r1, [sp, #20]
 3348 000a BDF84060 		ldrh	r6, [sp, #64]
 3349 000e 002B     		cmp	r3, #0
 3350 0010 40D0     		beq	.L364
 3351 0012 1546     		mov	r5, r2
 3352 0014 9846     		mov	r8, r3
 3353 0016 0123     		movs	r3, #1
 3354 0018 B340     		lsls	r3, r3, r6
 3355 001a 5A10     		asrs	r2, r3, #1
 3356 001c 0292     		str	r2, [sp, #8]
 3357 001e DB17     		asrs	r3, r3, #31
 3358 0020 0393     		str	r3, [sp, #12]
 3359 0022 00EB4504 		add	r4, r0, r5, lsl #1
 3360 0026 0022     		movs	r2, #0
 3361 0028 6FF0004B 		mvn	fp, #-2147483648
 3362 002c 47F6FF7A 		movw	r10, #32767
 3363 0030 DFF87090 		ldr	r9, .L374
 3364 0034 0196     		str	r6, [sp, #4]
 3365              	.L369:
 3366 0036 85B3     		cbz	r5, .L370
 3367 0038 02FB05B7 		mla	r7, r2, r5, fp
 3368 003c 059B     		ldr	r3, [sp, #20]
 3369 003e 03EB4707 		add	r7, r3, r7, lsl #1
 3370 0042 0498     		ldr	r0, [sp, #16]
 3371 0044 0299     		ldr	r1, [sp, #8]
 3372 0046 DDF80CC0 		ldr	ip, [sp, #12]
 3373              	.L367:
 3374 004a 30F902EB 		ldrsh	lr, [r0], #2
 3375 004e 37F9023F 		ldrsh	r3, [r7, #2]!
 3376 0052 0EFB03F3 		mul	r3, lr, r3
 3377 0056 5918     		adds	r1, r3, r1
 3378 0058 4CEBE37C 		adc	ip, ip, r3, asr #31
 3379 005c A042     		cmp	r0, r4
 3380 005e F4D1     		bne	.L367
 3381              	.L366:
 3382 0060 C6F12003 		rsb	r3, r6, #32
 3383 0064 0198     		ldr	r0, [sp, #4]
 3384 0066 2038     		subs	r0, r0, #32
 3385 0068 21FA06F1 		lsr	r1, r1, r6
 3386 006c 0CFA03F3 		lsl	r3, ip, r3
 3387 0070 41EA0301 		orr	r1, r1, r3
 3388 0074 5CBF     		itt	pl
 3389 0076 4CFA00F0 		asrpl	r0, ip, r0
 3390 007a 0143     		orrpl	r1, r1, r0
 3391 007c 5145     		cmp	r1, r10
 3392 007e A8BF     		it	ge
 3393 0080 5146     		movge	r1, r10
 3394 0082 4945     		cmp	r1, r9
 3395 0084 B8BF     		it	lt
 3396 0086 4946     		movlt	r1, r9
 3397 0088 119B     		ldr	r3, [sp, #68]
 3398 008a 23F81210 		strh	r1, [r3, r2, lsl #1]	@ movhi
 3399 008e 0132     		adds	r2, r2, #1
 3400 0090 4245     		cmp	r2, r8
ARM GAS  C:\Users\ihavenoK\AppData\Local\Temp\cckpGtIU.s 			page 60


 3401 0092 D0DB     		blt	.L369
 3402              	.L364:
 3403 0094 07B0     		add	sp, sp, #28
 3404              		@ sp needed
 3405 0096 BDE8F08F 		pop	{r4, r5, r6, r7, r8, r9, r10, fp, pc}
 3406              	.L370:
 3407 009a 0299     		ldr	r1, [sp, #8]
 3408 009c DDF80CC0 		ldr	ip, [sp, #12]
 3409 00a0 DEE7     		b	.L366
 3410              	.L375:
 3411 00a2 00BF     		.align	2
 3412              	.L374:
 3413 00a4 0080FFFF 		.word	-32768
 3415              		.section	.text.local_dot_q15_opt,"ax",%progbits
 3416              		.align	1
 3417              		.global	local_dot_q15_opt
 3418              		.syntax unified
 3419              		.thumb
 3420              		.thumb_func
 3422              	local_dot_q15_opt:
 3423              		@ args = 8, pretend = 0, frame = 72
 3424              		@ frame_needed = 0, uses_anonymous_args = 0
 3425 0000 2DE9F04F 		push	{r4, r5, r6, r7, r8, r9, r10, fp, lr}
 3426 0004 93B0     		sub	sp, sp, #76
 3427 0006 0390     		str	r0, [sp, #12]
 3428 0008 0291     		str	r1, [sp, #8]
 3429 000a 0792     		str	r2, [sp, #28]
 3430 000c BDF87060 		ldrh	r6, [sp, #112]
 3431 0010 1D9D     		ldr	r5, [sp, #116]
 3432 0012 9908     		lsrs	r1, r3, #2
 3433 0014 00F01681 		beq	.L377
 3434 0018 8446     		mov	ip, r0
 3435 001a 1046     		mov	r0, r2
 3436 001c 0122     		movs	r2, #1
 3437 001e B240     		lsls	r2, r2, r6
 3438 0020 5410     		asrs	r4, r2, #1
 3439 0022 0B94     		str	r4, [sp, #44]
 3440 0024 D417     		asrs	r4, r2, #31
 3441 0026 0C94     		str	r4, [sp, #48]
 3442 0028 4208     		lsrs	r2, r0, #1
 3443 002a 0892     		str	r2, [sp, #32]
 3444 002c 05F1080E 		add	lr, r5, #8
 3445 0030 4A1E     		subs	r2, r1, #1
 3446 0032 92B2     		uxth	r2, r2
 3447 0034 D000     		lsls	r0, r2, #3
 3448 0036 2C46     		mov	r4, r5
 3449 0038 1035     		adds	r5, r5, #16
 3450 003a 05EBC201 		add	r1, r5, r2, lsl #3
 3451 003e 0991     		str	r1, [sp, #36]
 3452 0040 0899     		ldr	r1, [sp, #32]
 3453 0042 4A1E     		subs	r2, r1, #1
 3454 0044 92B2     		uxth	r2, r2
 3455 0046 0CF10801 		add	r1, ip, #8
 3456 004a 01EB8201 		add	r1, r1, r2, lsl #2
 3457 004e 0191     		str	r1, [sp, #4]
 3458 0050 6146     		mov	r1, ip
 3459 0052 0431     		adds	r1, r1, #4
ARM GAS  C:\Users\ihavenoK\AppData\Local\Temp\cckpGtIU.s 			page 61


 3460 0054 01EB8201 		add	r1, r1, r2, lsl #2
 3461 0058 0D91     		str	r1, [sp, #52]
 3462 005a 0132     		adds	r2, r2, #1
 3463 005c 1101     		lsls	r1, r2, #4
 3464 005e 0E91     		str	r1, [sp, #56]
 3465 0060 079A     		ldr	r2, [sp, #28]
 3466 0062 02F00102 		and	r2, r2, #1
 3467 0066 0A92     		str	r2, [sp, #40]
 3468 0068 3146     		mov	r1, r6
 3469 006a 0F90     		str	r0, [sp, #60]
 3470 006c 1094     		str	r4, [sp, #64]
 3471 006e 1193     		str	r3, [sp, #68]
 3472 0070 B446     		mov	ip, r6
 3473              	.L385:
 3474 0072 089B     		ldr	r3, [sp, #32]
 3475 0074 002B     		cmp	r3, #0
 3476 0076 00F02E81 		beq	.L391
 3477 007a 039B     		ldr	r3, [sp, #12]
 3478 007c 1F1D     		adds	r7, r3, #4
 3479 007e 029B     		ldr	r3, [sp, #8]
 3480 0080 1033     		adds	r3, r3, #16
 3481 0082 0B9E     		ldr	r6, [sp, #44]
 3482 0084 3046     		mov	r0, r6
 3483 0086 DDF830B0 		ldr	fp, [sp, #48]
 3484 008a D846     		mov	r8, fp
 3485 008c 3446     		mov	r4, r6
 3486 008e D946     		mov	r9, fp
 3487 0090 3546     		mov	r5, r6
 3488 0092 DA46     		mov	r10, fp
 3489 0094 0491     		str	r1, [sp, #16]
 3490 0096 CDF814E0 		str	lr, [sp, #20]
 3491 009a CDF818C0 		str	ip, [sp, #24]
 3492              	.L379:
 3493 009e 37F904CC 		ldrsh	ip, [r7, #-4]
 3494 00a2 37F902EC 		ldrsh	lr, [r7, #-2]
 3495 00a6 33F9101C 		ldrsh	r1, [r3, #-16]
 3496 00aa 33F90E2C 		ldrsh	r2, [r3, #-14]
 3497 00ae 0EFB02F2 		mul	r2, lr, r2
 3498 00b2 0CFB0122 		mla	r2, ip, r1, r2
 3499 00b6 9619     		adds	r6, r2, r6
 3500 00b8 4BEBE27B 		adc	fp, fp, r2, asr #31
 3501 00bc 33F90C1C 		ldrsh	r1, [r3, #-12]
 3502 00c0 33F90A2C 		ldrsh	r2, [r3, #-10]
 3503 00c4 0EFB02F2 		mul	r2, lr, r2
 3504 00c8 0CFB0122 		mla	r2, ip, r1, r2
 3505 00cc 5519     		adds	r5, r2, r5
 3506 00ce 4AEBE27A 		adc	r10, r10, r2, asr #31
 3507 00d2 33F9082C 		ldrsh	r2, [r3, #-8]
 3508 00d6 33F9061C 		ldrsh	r1, [r3, #-6]
 3509 00da 0EFB01F1 		mul	r1, lr, r1
 3510 00de 0CFB0211 		mla	r1, ip, r2, r1
 3511 00e2 0C19     		adds	r4, r1, r4
 3512 00e4 49EBE179 		adc	r9, r9, r1, asr #31
 3513 00e8 33F9041C 		ldrsh	r1, [r3, #-4]
 3514 00ec 33F9022C 		ldrsh	r2, [r3, #-2]
 3515 00f0 0EFB02F2 		mul	r2, lr, r2
 3516 00f4 0CFB0122 		mla	r2, ip, r1, r2
ARM GAS  C:\Users\ihavenoK\AppData\Local\Temp\cckpGtIU.s 			page 62


 3517 00f8 1018     		adds	r0, r2, r0
 3518 00fa 48EBE278 		adc	r8, r8, r2, asr #31
 3519 00fe 0437     		adds	r7, r7, #4
 3520 0100 1033     		adds	r3, r3, #16
 3521 0102 019A     		ldr	r2, [sp, #4]
 3522 0104 9742     		cmp	r7, r2
 3523 0106 CAD1     		bne	.L379
 3524 0108 0499     		ldr	r1, [sp, #16]
 3525 010a DDF814E0 		ldr	lr, [sp, #20]
 3526 010e DDF818C0 		ldr	ip, [sp, #24]
 3527 0112 029A     		ldr	r2, [sp, #8]
 3528 0114 0E9B     		ldr	r3, [sp, #56]
 3529 0116 1A44     		add	r2, r2, r3
 3530 0118 0D9B     		ldr	r3, [sp, #52]
 3531              	.L378:
 3532 011a 0A9F     		ldr	r7, [sp, #40]
 3533 011c 002F     		cmp	r7, #0
 3534 011e 00F0E680 		beq	.L392
 3535 0122 B3F90070 		ldrsh	r7, [r3]
 3536 0126 B2F90030 		ldrsh	r3, [r2]
 3537 012a 07FB03F3 		mul	r3, r7, r3
 3538 012e 9E19     		adds	r6, r3, r6
 3539 0130 4BEBE37B 		adc	fp, fp, r3, asr #31
 3540 0134 B2F90230 		ldrsh	r3, [r2, #2]
 3541 0138 07FB03F3 		mul	r3, r7, r3
 3542 013c 5D19     		adds	r5, r3, r5
 3543 013e 4AEBE37A 		adc	r10, r10, r3, asr #31
 3544 0142 B2F90430 		ldrsh	r3, [r2, #4]
 3545 0146 07FB03F3 		mul	r3, r7, r3
 3546 014a 1C19     		adds	r4, r3, r4
 3547 014c 49EBE379 		adc	r9, r9, r3, asr #31
 3548 0150 02F10803 		add	r3, r2, #8
 3549 0154 0293     		str	r3, [sp, #8]
 3550 0156 B2F90630 		ldrsh	r3, [r2, #6]
 3551 015a 07FB03F3 		mul	r3, r7, r3
 3552 015e 1818     		adds	r0, r3, r0
 3553 0160 48EBE378 		adc	r8, r8, r3, asr #31
 3554              	.L380:
 3555 0164 CCF12002 		rsb	r2, ip, #32
 3556 0168 B1F12007 		subs	r7, r1, #32
 3557 016c 26FA0CF6 		lsr	r6, r6, ip
 3558 0170 0BFA02F2 		lsl	r2, fp, r2
 3559 0174 46EA0206 		orr	r6, r6, r2
 3560 0178 5CBF     		itt	pl
 3561 017a 4BFA07F7 		asrpl	r7, fp, r7
 3562 017e 3E43     		orrpl	r6, r6, r7
 3563 0180 47F6FF72 		movw	r2, #32767
 3564 0184 9642     		cmp	r6, r2
 3565 0186 A8BF     		it	ge
 3566 0188 1646     		movge	r6, r2
 3567 018a 5B4A     		ldr	r2, .L399
 3568 018c 9642     		cmp	r6, r2
 3569 018e B8BF     		it	lt
 3570 0190 1646     		movlt	r6, r2
 3571 0192 2EF8086C 		strh	r6, [lr, #-8]	@ movhi
 3572 0196 CCF12002 		rsb	r2, ip, #32
 3573 019a B1F12006 		subs	r6, r1, #32
ARM GAS  C:\Users\ihavenoK\AppData\Local\Temp\cckpGtIU.s 			page 63


 3574 019e 25FA0CF5 		lsr	r5, r5, ip
 3575 01a2 0AFA02F2 		lsl	r2, r10, r2
 3576 01a6 45EA0205 		orr	r5, r5, r2
 3577 01aa 5CBF     		itt	pl
 3578 01ac 4AFA06F6 		asrpl	r6, r10, r6
 3579 01b0 3543     		orrpl	r5, r5, r6
 3580 01b2 47F6FF72 		movw	r2, #32767
 3581 01b6 9542     		cmp	r5, r2
 3582 01b8 A8BF     		it	ge
 3583 01ba 1546     		movge	r5, r2
 3584 01bc 4E4A     		ldr	r2, .L399
 3585 01be 9542     		cmp	r5, r2
 3586 01c0 B8BF     		it	lt
 3587 01c2 1546     		movlt	r5, r2
 3588 01c4 2EF8065C 		strh	r5, [lr, #-6]	@ movhi
 3589 01c8 CCF12002 		rsb	r2, ip, #32
 3590 01cc B1F12005 		subs	r5, r1, #32
 3591 01d0 24FA0CF4 		lsr	r4, r4, ip
 3592 01d4 09FA02F2 		lsl	r2, r9, r2
 3593 01d8 44EA0204 		orr	r4, r4, r2
 3594 01dc 5CBF     		itt	pl
 3595 01de 49FA05F5 		asrpl	r5, r9, r5
 3596 01e2 2C43     		orrpl	r4, r4, r5
 3597 01e4 47F6FF72 		movw	r2, #32767
 3598 01e8 9442     		cmp	r4, r2
 3599 01ea A8BF     		it	ge
 3600 01ec 1446     		movge	r4, r2
 3601 01ee 424A     		ldr	r2, .L399
 3602 01f0 9442     		cmp	r4, r2
 3603 01f2 B8BF     		it	lt
 3604 01f4 1446     		movlt	r4, r2
 3605 01f6 2EF8044C 		strh	r4, [lr, #-4]	@ movhi
 3606 01fa CCF12002 		rsb	r2, ip, #32
 3607 01fe B1F12004 		subs	r4, r1, #32
 3608 0202 20FA0CF0 		lsr	r0, r0, ip
 3609 0206 08FA02F2 		lsl	r2, r8, r2
 3610 020a 40EA0200 		orr	r0, r0, r2
 3611 020e 5CBF     		itt	pl
 3612 0210 48FA04F4 		asrpl	r4, r8, r4
 3613 0214 2043     		orrpl	r0, r0, r4
 3614 0216 47F6FF72 		movw	r2, #32767
 3615 021a 9042     		cmp	r0, r2
 3616 021c A8BF     		it	ge
 3617 021e 1046     		movge	r0, r2
 3618 0220 354A     		ldr	r2, .L399
 3619 0222 9042     		cmp	r0, r2
 3620 0224 B8BF     		it	lt
 3621 0226 1046     		movlt	r0, r2
 3622 0228 2EF8020C 		strh	r0, [lr, #-2]	@ movhi
 3623 022c 0EF1080E 		add	lr, lr, #8
 3624 0230 099B     		ldr	r3, [sp, #36]
 3625 0232 9E45     		cmp	lr, r3
 3626 0234 7FF41DAF 		bne	.L385
 3627 0238 0F98     		ldr	r0, [sp, #60]
 3628 023a 109C     		ldr	r4, [sp, #64]
 3629 023c 119B     		ldr	r3, [sp, #68]
 3630 023e 6646     		mov	r6, ip
ARM GAS  C:\Users\ihavenoK\AppData\Local\Temp\cckpGtIU.s 			page 64


 3631 0240 0834     		adds	r4, r4, #8
 3632 0242 2518     		adds	r5, r4, r0
 3633              	.L377:
 3634 0244 13F00303 		ands	r3, r3, #3
 3635 0248 42D0     		beq	.L376
 3636 024a 0122     		movs	r2, #1
 3637 024c B240     		lsls	r2, r2, r6
 3638 024e 5110     		asrs	r1, r2, #1
 3639 0250 0491     		str	r1, [sp, #16]
 3640 0252 D217     		asrs	r2, r2, #31
 3641 0254 0592     		str	r2, [sp, #20]
 3642 0256 05EB430E 		add	lr, r5, r3, lsl #1
 3643 025a 079B     		ldr	r3, [sp, #28]
 3644 025c 4FEA430A 		lsl	r10, r3, #1
 3645 0260 D346     		mov	fp, r10
 3646 0262 47F6FF79 		movw	r9, #32767
 3647 0266 DFF89080 		ldr	r8, .L399
 3648 026a 0196     		str	r6, [sp, #4]
 3649 026c CDF818A0 		str	r10, [sp, #24]
 3650 0270 029F     		ldr	r7, [sp, #8]
 3651              	.L390:
 3652 0272 079B     		ldr	r3, [sp, #28]
 3653 0274 002B     		cmp	r3, #0
 3654 0276 3CD0     		beq	.L393
 3655 0278 069B     		ldr	r3, [sp, #24]
 3656 027a 07EB030A 		add	r10, r7, r3
 3657 027e 049A     		ldr	r2, [sp, #16]
 3658 0280 0598     		ldr	r0, [sp, #20]
 3659 0282 039C     		ldr	r4, [sp, #12]
 3660 0284 3946     		mov	r1, r7
 3661              	.L388:
 3662 0286 34F9023B 		ldrsh	r3, [r4], #2
 3663 028a 31F902CB 		ldrsh	ip, [r1], #2
 3664 028e 0CFB03F3 		mul	r3, ip, r3
 3665 0292 9A18     		adds	r2, r3, r2
 3666 0294 40EBE370 		adc	r0, r0, r3, asr #31
 3667 0298 5145     		cmp	r1, r10
 3668 029a F4D1     		bne	.L388
 3669 029c 5F44     		add	r7, r7, fp
 3670              	.L387:
 3671 029e 0235     		adds	r5, r5, #2
 3672 02a0 C6F12003 		rsb	r3, r6, #32
 3673 02a4 0199     		ldr	r1, [sp, #4]
 3674 02a6 2039     		subs	r1, r1, #32
 3675 02a8 22FA06F2 		lsr	r2, r2, r6
 3676 02ac 00FA03F3 		lsl	r3, r0, r3
 3677 02b0 42EA0302 		orr	r2, r2, r3
 3678 02b4 5CBF     		itt	pl
 3679 02b6 40FA01F1 		asrpl	r1, r0, r1
 3680 02ba 0A43     		orrpl	r2, r2, r1
 3681 02bc 4A45     		cmp	r2, r9
 3682 02be A8BF     		it	ge
 3683 02c0 4A46     		movge	r2, r9
 3684 02c2 4245     		cmp	r2, r8
 3685 02c4 B8BF     		it	lt
 3686 02c6 4246     		movlt	r2, r8
 3687 02c8 25F8022C 		strh	r2, [r5, #-2]	@ movhi
ARM GAS  C:\Users\ihavenoK\AppData\Local\Temp\cckpGtIU.s 			page 65


 3688 02cc 7545     		cmp	r5, lr
 3689 02ce D0D1     		bne	.L390
 3690              	.L376:
 3691 02d0 13B0     		add	sp, sp, #76
 3692              		@ sp needed
 3693 02d2 BDE8F08F 		pop	{r4, r5, r6, r7, r8, r9, r10, fp, pc}
 3694              	.L391:
 3695 02d6 0B9E     		ldr	r6, [sp, #44]
 3696 02d8 3046     		mov	r0, r6
 3697 02da DDF830B0 		ldr	fp, [sp, #48]
 3698 02de D846     		mov	r8, fp
 3699 02e0 3446     		mov	r4, r6
 3700 02e2 D946     		mov	r9, fp
 3701 02e4 3546     		mov	r5, r6
 3702 02e6 DA46     		mov	r10, fp
 3703 02e8 039B     		ldr	r3, [sp, #12]
 3704 02ea 029A     		ldr	r2, [sp, #8]
 3705 02ec 15E7     		b	.L378
 3706              	.L392:
 3707 02ee 0292     		str	r2, [sp, #8]
 3708 02f0 38E7     		b	.L380
 3709              	.L393:
 3710 02f2 049A     		ldr	r2, [sp, #16]
 3711 02f4 0598     		ldr	r0, [sp, #20]
 3712 02f6 D2E7     		b	.L387
 3713              	.L400:
 3714              		.align	2
 3715              	.L399:
 3716 02f8 0080FFFF 		.word	-32768
 3718              		.section	.text.local_fully_connected_mat_q7_vec_q15_opt,"ax",%progbits
 3719              		.align	1
 3720              		.global	local_fully_connected_mat_q7_vec_q15_opt
 3721              		.syntax unified
 3722              		.thumb
 3723              		.thumb_func
 3725              	local_fully_connected_mat_q7_vec_q15_opt:
 3726              		@ args = 20, pretend = 0, frame = 72
 3727              		@ frame_needed = 0, uses_anonymous_args = 0
 3728 0000 2DE9F04F 		push	{r4, r5, r6, r7, r8, r9, r10, fp, lr}
 3729 0004 93B0     		sub	sp, sp, #76
 3730 0006 0390     		str	r0, [sp, #12]
 3731 0008 0F46     		mov	r7, r1
 3732 000a 9346     		mov	fp, r2
 3733 000c 1A46     		mov	r2, r3
 3734 000e BDF87030 		ldrh	r3, [sp, #112]
 3735 0012 0693     		str	r3, [sp, #24]
 3736 0014 BDF87460 		ldrh	r6, [sp, #116]
 3737 0018 1F9D     		ldr	r5, [sp, #124]
 3738 001a 9308     		lsrs	r3, r2, #2
 3739 001c 00F06081 		beq	.L420
 3740 0020 0446     		mov	r4, r0
 3741 0022 4FEA5B0C 		lsr	ip, fp, #1
 3742 0026 CDF81CC0 		str	ip, [sp, #28]
 3743 002a 05F10801 		add	r1, r5, #8
 3744 002e 0191     		str	r1, [sp, #4]
 3745 0030 013B     		subs	r3, r3, #1
 3746 0032 9BB2     		uxth	r3, r3
ARM GAS  C:\Users\ihavenoK\AppData\Local\Temp\cckpGtIU.s 			page 66


 3747 0034 D900     		lsls	r1, r3, #3
 3748 0036 2846     		mov	r0, r5
 3749 0038 1035     		adds	r5, r5, #16
 3750 003a 05EBC303 		add	r3, r5, r3, lsl #3
 3751 003e 0893     		str	r3, [sp, #32]
 3752 0040 0CF1FF33 		add	r3, ip, #-1
 3753 0044 9DB2     		uxth	r5, r3
 3754 0046 0B95     		str	r5, [sp, #44]
 3755 0048 04F10803 		add	r3, r4, #8
 3756 004c 03EB8503 		add	r3, r3, r5, lsl #2
 3757 0050 0093     		str	r3, [sp]
 3758 0052 2346     		mov	r3, r4
 3759 0054 0433     		adds	r3, r3, #4
 3760 0056 03EB8503 		add	r3, r3, r5, lsl #2
 3761 005a 0C93     		str	r3, [sp, #48]
 3762 005c DDF878E0 		ldr	lr, [sp, #120]
 3763 0060 0123     		movs	r3, #1
 3764 0062 B340     		lsls	r3, r3, r6
 3765 0064 5C10     		asrs	r4, r3, #1
 3766 0066 0A94     		str	r4, [sp, #40]
 3767 0068 DB17     		asrs	r3, r3, #31
 3768 006a 0D93     		str	r3, [sp, #52]
 3769 006c 0BF00103 		and	r3, fp, #1
 3770 0070 0993     		str	r3, [sp, #36]
 3771 0072 0E91     		str	r1, [sp, #56]
 3772 0074 0F90     		str	r0, [sp, #60]
 3773 0076 0297     		str	r7, [sp, #8]
 3774 0078 CDF840B0 		str	fp, [sp, #64]
 3775 007c 1192     		str	r2, [sp, #68]
 3776 007e B446     		mov	ip, r6
 3777 0080 E2E0     		b	.L412
 3778              	.L403:
 3779 0082 0A9D     		ldr	r5, [sp, #40]
 3780 0084 2E46     		mov	r6, r5
 3781 0086 DDF834A0 		ldr	r10, [sp, #52]
 3782 008a D346     		mov	fp, r10
 3783 008c 2846     		mov	r0, r5
 3784 008e D046     		mov	r8, r10
 3785 0090 2C46     		mov	r4, r5
 3786 0092 D146     		mov	r9, r10
 3787              	.L404:
 3788 0094 079B     		ldr	r3, [sp, #28]
 3789 0096 002B     		cmp	r3, #0
 3790 0098 00F0FF80 		beq	.L421
 3791 009c 039B     		ldr	r3, [sp, #12]
 3792 009e 1F1D     		adds	r7, r3, #4
 3793 00a0 029B     		ldr	r3, [sp, #8]
 3794 00a2 0833     		adds	r3, r3, #8
 3795 00a4 CDF810E0 		str	lr, [sp, #16]
 3796 00a8 CDF814C0 		str	ip, [sp, #20]
 3797              	.L406:
 3798 00ac 37F904CC 		ldrsh	ip, [r7, #-4]
 3799 00b0 37F902EC 		ldrsh	lr, [r7, #-2]
 3800 00b4 13F9081C 		ldrsb	r1, [r3, #-8]
 3801 00b8 13F9062C 		ldrsb	r2, [r3, #-6]
 3802 00bc 0EFB02F2 		mul	r2, lr, r2
 3803 00c0 0CFB0122 		mla	r2, ip, r1, r2
ARM GAS  C:\Users\ihavenoK\AppData\Local\Temp\cckpGtIU.s 			page 67


 3804 00c4 9619     		adds	r6, r2, r6
 3805 00c6 4BEBE27B 		adc	fp, fp, r2, asr #31
 3806 00ca 13F9071C 		ldrsb	r1, [r3, #-7]
 3807 00ce 13F9052C 		ldrsb	r2, [r3, #-5]
 3808 00d2 0EFB02F2 		mul	r2, lr, r2
 3809 00d6 0CFB0122 		mla	r2, ip, r1, r2
 3810 00da 5519     		adds	r5, r2, r5
 3811 00dc 4AEBE27A 		adc	r10, r10, r2, asr #31
 3812 00e0 13F9042C 		ldrsb	r2, [r3, #-4]
 3813 00e4 13F9021C 		ldrsb	r1, [r3, #-2]
 3814 00e8 0EFB01F1 		mul	r1, lr, r1
 3815 00ec 0CFB0211 		mla	r1, ip, r2, r1
 3816 00f0 0C19     		adds	r4, r1, r4
 3817 00f2 49EBE179 		adc	r9, r9, r1, asr #31
 3818 00f6 13F9031C 		ldrsb	r1, [r3, #-3]
 3819 00fa 13F9012C 		ldrsb	r2, [r3, #-1]
 3820 00fe 0EFB02F2 		mul	r2, lr, r2
 3821 0102 0CFB0122 		mla	r2, ip, r1, r2
 3822 0106 1018     		adds	r0, r2, r0
 3823 0108 48EBE278 		adc	r8, r8, r2, asr #31
 3824 010c 0437     		adds	r7, r7, #4
 3825 010e 0833     		adds	r3, r3, #8
 3826 0110 009A     		ldr	r2, [sp]
 3827 0112 BA42     		cmp	r2, r7
 3828 0114 CAD1     		bne	.L406
 3829 0116 DDF810E0 		ldr	lr, [sp, #16]
 3830 011a DDF814C0 		ldr	ip, [sp, #20]
 3831 011e 0B9B     		ldr	r3, [sp, #44]
 3832 0120 0133     		adds	r3, r3, #1
 3833 0122 029A     		ldr	r2, [sp, #8]
 3834 0124 02EBC303 		add	r3, r2, r3, lsl #3
 3835 0128 0C9A     		ldr	r2, [sp, #48]
 3836              	.L405:
 3837 012a 0999     		ldr	r1, [sp, #36]
 3838 012c 0029     		cmp	r1, #0
 3839 012e 00F0B780 		beq	.L422
 3840 0132 B2F90020 		ldrsh	r2, [r2]
 3841 0136 93F90010 		ldrsb	r1, [r3]
 3842 013a 02FB01F1 		mul	r1, r2, r1
 3843 013e 8E19     		adds	r6, r1, r6
 3844 0140 4BEBE17B 		adc	fp, fp, r1, asr #31
 3845 0144 93F90110 		ldrsb	r1, [r3, #1]
 3846 0148 02FB01F1 		mul	r1, r2, r1
 3847 014c 4D19     		adds	r5, r1, r5
 3848 014e 4AEBE17A 		adc	r10, r10, r1, asr #31
 3849 0152 93F90210 		ldrsb	r1, [r3, #2]
 3850 0156 02FB01F1 		mul	r1, r2, r1
 3851 015a 0C19     		adds	r4, r1, r4
 3852 015c 49EBE179 		adc	r9, r9, r1, asr #31
 3853 0160 191D     		adds	r1, r3, #4
 3854 0162 0291     		str	r1, [sp, #8]
 3855 0164 93F90330 		ldrsb	r3, [r3, #3]
 3856 0168 02FB03F3 		mul	r3, r2, r3
 3857 016c 1818     		adds	r0, r3, r0
 3858 016e 48EBE378 		adc	r8, r8, r3, asr #31
 3859              	.L407:
 3860 0172 6346     		mov	r3, ip
ARM GAS  C:\Users\ihavenoK\AppData\Local\Temp\cckpGtIU.s 			page 68


 3861 0174 019A     		ldr	r2, [sp, #4]
 3862 0176 CCF12001 		rsb	r1, ip, #32
 3863 017a BCF12007 		subs	r7, ip, #32
 3864 017e 26FA0CF6 		lsr	r6, r6, ip
 3865 0182 0BFA01F1 		lsl	r1, fp, r1
 3866 0186 46EA0106 		orr	r6, r6, r1
 3867 018a 5CBF     		itt	pl
 3868 018c 4BFA07F7 		asrpl	r7, fp, r7
 3869 0190 3E43     		orrpl	r6, r6, r7
 3870 0192 47F6FF71 		movw	r1, #32767
 3871 0196 8E42     		cmp	r6, r1
 3872 0198 A8BF     		it	ge
 3873 019a 0E46     		movge	r6, r1
 3874 019c 7149     		ldr	r1, .L429
 3875 019e 8E42     		cmp	r6, r1
 3876 01a0 B8BF     		it	lt
 3877 01a2 0E46     		movlt	r6, r1
 3878 01a4 22F8086C 		strh	r6, [r2, #-8]	@ movhi
 3879 01a8 CCF12001 		rsb	r1, ip, #32
 3880 01ac BCF12006 		subs	r6, ip, #32
 3881 01b0 25FA0CF5 		lsr	r5, r5, ip
 3882 01b4 0AFA01F1 		lsl	r1, r10, r1
 3883 01b8 45EA0105 		orr	r5, r5, r1
 3884 01bc 5CBF     		itt	pl
 3885 01be 4AFA06F6 		asrpl	r6, r10, r6
 3886 01c2 3543     		orrpl	r5, r5, r6
 3887 01c4 47F6FF71 		movw	r1, #32767
 3888 01c8 8D42     		cmp	r5, r1
 3889 01ca A8BF     		it	ge
 3890 01cc 0D46     		movge	r5, r1
 3891 01ce 6549     		ldr	r1, .L429
 3892 01d0 8D42     		cmp	r5, r1
 3893 01d2 B8BF     		it	lt
 3894 01d4 0D46     		movlt	r5, r1
 3895 01d6 22F8065C 		strh	r5, [r2, #-6]	@ movhi
 3896 01da CCF12001 		rsb	r1, ip, #32
 3897 01de BCF12005 		subs	r5, ip, #32
 3898 01e2 24FA0CF4 		lsr	r4, r4, ip
 3899 01e6 09FA01F1 		lsl	r1, r9, r1
 3900 01ea 44EA0104 		orr	r4, r4, r1
 3901 01ee 5CBF     		itt	pl
 3902 01f0 49FA05F5 		asrpl	r5, r9, r5
 3903 01f4 2C43     		orrpl	r4, r4, r5
 3904 01f6 47F6FF71 		movw	r1, #32767
 3905 01fa 8C42     		cmp	r4, r1
 3906 01fc A8BF     		it	ge
 3907 01fe 0C46     		movge	r4, r1
 3908 0200 5849     		ldr	r1, .L429
 3909 0202 8C42     		cmp	r4, r1
 3910 0204 B8BF     		it	lt
 3911 0206 0C46     		movlt	r4, r1
 3912 0208 22F8044C 		strh	r4, [r2, #-4]	@ movhi
 3913 020c CCF12001 		rsb	r1, ip, #32
 3914 0210 203B     		subs	r3, r3, #32
 3915 0212 20FA0CF0 		lsr	r0, r0, ip
 3916 0216 08FA01F1 		lsl	r1, r8, r1
 3917 021a 40EA0100 		orr	r0, r0, r1
ARM GAS  C:\Users\ihavenoK\AppData\Local\Temp\cckpGtIU.s 			page 69


 3918 021e 5CBF     		itt	pl
 3919 0220 48FA03F3 		asrpl	r3, r8, r3
 3920 0224 1843     		orrpl	r0, r0, r3
 3921 0226 47F6FF73 		movw	r3, #32767
 3922 022a 9842     		cmp	r0, r3
 3923 022c A8BF     		it	ge
 3924 022e 1846     		movge	r0, r3
 3925 0230 4C4B     		ldr	r3, .L429
 3926 0232 9842     		cmp	r0, r3
 3927 0234 B8BF     		it	lt
 3928 0236 1846     		movlt	r0, r3
 3929 0238 22F8020C 		strh	r0, [r2, #-2]	@ movhi
 3930 023c 019B     		ldr	r3, [sp, #4]
 3931 023e 0833     		adds	r3, r3, #8
 3932 0240 0193     		str	r3, [sp, #4]
 3933 0242 089A     		ldr	r2, [sp, #32]
 3934 0244 9342     		cmp	r3, r2
 3935 0246 2DD0     		beq	.L428
 3936              	.L412:
 3937 0248 1E9B     		ldr	r3, [sp, #120]
 3938 024a 002B     		cmp	r3, #0
 3939 024c 3FF419AF 		beq	.L403
 3940 0250 9EF900B0 		ldrsb	fp, [lr]
 3941 0254 069B     		ldr	r3, [sp, #24]
 3942 0256 0BFA03FB 		lsl	fp, fp, r3
 3943 025a 0A9A     		ldr	r2, [sp, #40]
 3944 025c 9344     		add	fp, fp, r2
 3945 025e 5E46     		mov	r6, fp
 3946 0260 4FEAEB7B 		asr	fp, fp, #31
 3947 0264 9EF901A0 		ldrsb	r10, [lr, #1]
 3948 0268 0AFA03FA 		lsl	r10, r10, r3
 3949 026c 9244     		add	r10, r10, r2
 3950 026e 5546     		mov	r5, r10
 3951 0270 4FEAEA7A 		asr	r10, r10, #31
 3952 0274 9EF90290 		ldrsb	r9, [lr, #2]
 3953 0278 09FA03F9 		lsl	r9, r9, r3
 3954 027c 9144     		add	r9, r9, r2
 3955 027e 4C46     		mov	r4, r9
 3956 0280 4FEAE979 		asr	r9, r9, #31
 3957 0284 9EF90380 		ldrsb	r8, [lr, #3]
 3958 0288 08FA03F8 		lsl	r8, r8, r3
 3959 028c 9044     		add	r8, r8, r2
 3960 028e 4046     		mov	r0, r8
 3961 0290 4FEAE878 		asr	r8, r8, #31
 3962 0294 0EF1040E 		add	lr, lr, #4
 3963 0298 FCE6     		b	.L404
 3964              	.L421:
 3965 029a 039A     		ldr	r2, [sp, #12]
 3966 029c 029B     		ldr	r3, [sp, #8]
 3967 029e 44E7     		b	.L405
 3968              	.L422:
 3969 02a0 0293     		str	r3, [sp, #8]
 3970 02a2 66E7     		b	.L407
 3971              	.L428:
 3972 02a4 CDF800E0 		str	lr, [sp]
 3973 02a8 0E99     		ldr	r1, [sp, #56]
 3974 02aa 0F98     		ldr	r0, [sp, #60]
ARM GAS  C:\Users\ihavenoK\AppData\Local\Temp\cckpGtIU.s 			page 70


 3975 02ac 029F     		ldr	r7, [sp, #8]
 3976 02ae DDF840B0 		ldr	fp, [sp, #64]
 3977 02b2 119A     		ldr	r2, [sp, #68]
 3978 02b4 6646     		mov	r6, ip
 3979 02b6 0830     		adds	r0, r0, #8
 3980 02b8 4518     		adds	r5, r0, r1
 3981              	.L402:
 3982 02ba 12F00302 		ands	r2, r2, #3
 3983 02be 4ED0     		beq	.L401
 3984 02c0 05EB420E 		add	lr, r5, r2, lsl #1
 3985 02c4 0123     		movs	r3, #1
 3986 02c6 B340     		lsls	r3, r3, r6
 3987 02c8 4FEA630A 		asr	r10, r3, #1
 3988 02cc DB17     		asrs	r3, r3, #31
 3989 02ce 0293     		str	r3, [sp, #8]
 3990 02d0 47F6FF79 		movw	r9, #32767
 3991 02d4 DFF88C80 		ldr	r8, .L429
 3992 02d8 CDF804E0 		str	lr, [sp, #4]
 3993 02dc D446     		mov	ip, r10
 3994 02de 31E0     		b	.L419
 3995              	.L420:
 3996 02e0 1E9B     		ldr	r3, [sp, #120]
 3997 02e2 0093     		str	r3, [sp]
 3998 02e4 E9E7     		b	.L402
 3999              	.L414:
 4000 02e6 6246     		mov	r2, ip
 4001 02e8 0298     		ldr	r0, [sp, #8]
 4002              	.L415:
 4003 02ea BBF1000F 		cmp	fp, #0
 4004 02ee 0FD0     		beq	.L416
 4005 02f0 07EB0B0A 		add	r10, r7, fp
 4006 02f4 039C     		ldr	r4, [sp, #12]
 4007 02f6 3946     		mov	r1, r7
 4008              	.L417:
 4009 02f8 34F9023B 		ldrsh	r3, [r4], #2
 4010 02fc 11F901EB 		ldrsb	lr, [r1], #1
 4011 0300 0EFB03F3 		mul	r3, lr, r3
 4012 0304 9A18     		adds	r2, r3, r2
 4013 0306 40EBE370 		adc	r0, r0, r3, asr #31
 4014 030a 8A45     		cmp	r10, r1
 4015 030c F4D1     		bne	.L417
 4016 030e 5F44     		add	r7, r7, fp
 4017              	.L416:
 4018 0310 0235     		adds	r5, r5, #2
 4019 0312 C6F12003 		rsb	r3, r6, #32
 4020 0316 B6F12001 		subs	r1, r6, #32
 4021 031a 22FA06F2 		lsr	r2, r2, r6
 4022 031e 00FA03F3 		lsl	r3, r0, r3
 4023 0322 42EA0302 		orr	r2, r2, r3
 4024 0326 5CBF     		itt	pl
 4025 0328 40FA01F1 		asrpl	r1, r0, r1
 4026 032c 0A43     		orrpl	r2, r2, r1
 4027 032e 4A45     		cmp	r2, r9
 4028 0330 A8BF     		it	ge
 4029 0332 4A46     		movge	r2, r9
 4030 0334 4245     		cmp	r2, r8
 4031 0336 B8BF     		it	lt
ARM GAS  C:\Users\ihavenoK\AppData\Local\Temp\cckpGtIU.s 			page 71


 4032 0338 4246     		movlt	r2, r8
 4033 033a 25F8022C 		strh	r2, [r5, #-2]	@ movhi
 4034 033e 019B     		ldr	r3, [sp, #4]
 4035 0340 9D42     		cmp	r5, r3
 4036 0342 0CD0     		beq	.L401
 4037              	.L419:
 4038 0344 1E9B     		ldr	r3, [sp, #120]
 4039 0346 002B     		cmp	r3, #0
 4040 0348 CDD0     		beq	.L414
 4041 034a 009B     		ldr	r3, [sp]
 4042 034c 13F9010B 		ldrsb	r0, [r3], #1
 4043 0350 069A     		ldr	r2, [sp, #24]
 4044 0352 9040     		lsls	r0, r0, r2
 4045 0354 6044     		add	r0, r0, ip
 4046 0356 0246     		mov	r2, r0
 4047 0358 C017     		asrs	r0, r0, #31
 4048 035a 0093     		str	r3, [sp]
 4049 035c C5E7     		b	.L415
 4050              	.L401:
 4051 035e 13B0     		add	sp, sp, #76
 4052              		@ sp needed
 4053 0360 BDE8F08F 		pop	{r4, r5, r6, r7, r8, r9, r10, fp, pc}
 4054              	.L430:
 4055              		.align	2
 4056              	.L429:
 4057 0364 0080FFFF 		.word	-32768
 4059              		.section	.text.local_fully_connected_mat_q7_vec_q15,"ax",%progbits
 4060              		.align	1
 4061              		.global	local_fully_connected_mat_q7_vec_q15
 4062              		.syntax unified
 4063              		.thumb
 4064              		.thumb_func
 4066              	local_fully_connected_mat_q7_vec_q15:
 4067              		@ args = 20, pretend = 0, frame = 16
 4068              		@ frame_needed = 0, uses_anonymous_args = 0
 4069 0000 2DE9F04F 		push	{r4, r5, r6, r7, r8, r9, r10, fp, lr}
 4070 0004 85B0     		sub	sp, sp, #20
 4071 0006 0190     		str	r0, [sp, #4]
 4072 0008 8B46     		mov	fp, r1
 4073 000a 1546     		mov	r5, r2
 4074 000c 9A46     		mov	r10, r3
 4075 000e BDF83890 		ldrh	r9, [sp, #56]
 4076 0012 BDF83C60 		ldrh	r6, [sp, #60]
 4077 0016 109B     		ldr	r3, [sp, #64]
 4078 0018 002B     		cmp	r3, #0
 4079 001a 49D0     		beq	.L432
 4080 001c BAF1000F 		cmp	r10, #0
 4081 0020 43D0     		beq	.L431
 4082 0022 0296     		str	r6, [sp, #8]
 4083 0024 4FF00108 		mov	r8, #1
 4084 0028 08FA06F8 		lsl	r8, r8, r6
 4085 002c 4FEA6808 		asr	r8, r8, #1
 4086 0030 019B     		ldr	r3, [sp, #4]
 4087 0032 03EB4204 		add	r4, r3, r2, lsl #1
 4088 0036 0022     		movs	r2, #0
 4089              	.L442:
 4090 0038 9646     		mov	lr, r2
ARM GAS  C:\Users\ihavenoK\AppData\Local\Temp\cckpGtIU.s 			page 72


 4091 003a 109B     		ldr	r3, [sp, #64]
 4092 003c 9856     		ldrsb	r0, [r3, r2]
 4093 003e 00FA09F0 		lsl	r0, r0, r9
 4094 0042 4044     		add	r0, r0, r8
 4095 0044 0146     		mov	r1, r0
 4096 0046 C017     		asrs	r0, r0, #31
 4097 0048 95B1     		cbz	r5, .L439
 4098 004a 02FB05BC 		mla	ip, r2, r5, fp
 4099 004e 0CF1FF3C 		add	ip, ip, #-1
 4100 0052 019F     		ldr	r7, [sp, #4]
 4101 0054 0092     		str	r2, [sp]
 4102              	.L440:
 4103 0056 37F902EB 		ldrsh	lr, [r7], #2
 4104 005a 1CF9013F 		ldrsb	r3, [ip, #1]!
 4105 005e 0EFB03F3 		mul	r3, lr, r3
 4106 0062 5918     		adds	r1, r3, r1
 4107 0064 40EBE370 		adc	r0, r0, r3, asr #31
 4108 0068 A742     		cmp	r7, r4
 4109 006a F4D1     		bne	.L440
 4110 006c DDF800E0 		ldr	lr, [sp]
 4111              	.L439:
 4112 0070 C6F12003 		rsb	r3, r6, #32
 4113 0074 029F     		ldr	r7, [sp, #8]
 4114 0076 203F     		subs	r7, r7, #32
 4115 0078 21FA06F1 		lsr	r1, r1, r6
 4116 007c 00FA03F3 		lsl	r3, r0, r3
 4117 0080 41EA0301 		orr	r1, r1, r3
 4118 0084 5CBF     		itt	pl
 4119 0086 40FA07F7 		asrpl	r7, r0, r7
 4120 008a 3943     		orrpl	r1, r1, r7
 4121 008c 47F6FF73 		movw	r3, #32767
 4122 0090 9942     		cmp	r1, r3
 4123 0092 A8BF     		it	ge
 4124 0094 1946     		movge	r1, r3
 4125 0096 274B     		ldr	r3, .L449
 4126 0098 9942     		cmp	r1, r3
 4127 009a B8BF     		it	lt
 4128 009c 1946     		movlt	r1, r3
 4129 009e 119B     		ldr	r3, [sp, #68]
 4130 00a0 23F81E10 		strh	r1, [r3, lr, lsl #1]	@ movhi
 4131 00a4 0132     		adds	r2, r2, #1
 4132 00a6 5245     		cmp	r2, r10
 4133 00a8 C6DB     		blt	.L442
 4134              	.L431:
 4135 00aa 05B0     		add	sp, sp, #20
 4136              		@ sp needed
 4137 00ac BDE8F08F 		pop	{r4, r5, r6, r7, r8, r9, r10, fp, pc}
 4138              	.L432:
 4139 00b0 BAF1000F 		cmp	r10, #0
 4140 00b4 F9D0     		beq	.L431
 4141 00b6 0123     		movs	r3, #1
 4142 00b8 B340     		lsls	r3, r3, r6
 4143 00ba 5A10     		asrs	r2, r3, #1
 4144 00bc 0092     		str	r2, [sp]
 4145 00be DB17     		asrs	r3, r3, #31
 4146 00c0 0293     		str	r3, [sp, #8]
 4147 00c2 019B     		ldr	r3, [sp, #4]
ARM GAS  C:\Users\ihavenoK\AppData\Local\Temp\cckpGtIU.s 			page 73


 4148 00c4 03EB450C 		add	ip, r3, r5, lsl #1
 4149 00c8 0027     		movs	r7, #0
 4150 00ca 47F6FF7E 		movw	lr, #32767
 4151 00ce DFF86480 		ldr	r8, .L449
 4152 00d2 0396     		str	r6, [sp, #12]
 4153              	.L438:
 4154 00d4 5DB3     		cbz	r5, .L443
 4155 00d6 07FB05B0 		mla	r0, r7, r5, fp
 4156 00da 0138     		subs	r0, r0, #1
 4157 00dc 0199     		ldr	r1, [sp, #4]
 4158 00de 009A     		ldr	r2, [sp]
 4159 00e0 029C     		ldr	r4, [sp, #8]
 4160              	.L436:
 4161 00e2 31F9029B 		ldrsh	r9, [r1], #2
 4162 00e6 10F9013F 		ldrsb	r3, [r0, #1]!
 4163 00ea 09FB03F3 		mul	r3, r9, r3
 4164 00ee 9A18     		adds	r2, r3, r2
 4165 00f0 44EBE374 		adc	r4, r4, r3, asr #31
 4166 00f4 6145     		cmp	r1, ip
 4167 00f6 F4D1     		bne	.L436
 4168              	.L435:
 4169 00f8 C6F12003 		rsb	r3, r6, #32
 4170 00fc 0399     		ldr	r1, [sp, #12]
 4171 00fe 2039     		subs	r1, r1, #32
 4172 0100 22FA06F2 		lsr	r2, r2, r6
 4173 0104 04FA03F3 		lsl	r3, r4, r3
 4174 0108 42EA0302 		orr	r2, r2, r3
 4175 010c 5CBF     		itt	pl
 4176 010e 44FA01F1 		asrpl	r1, r4, r1
 4177 0112 0A43     		orrpl	r2, r2, r1
 4178 0114 7245     		cmp	r2, lr
 4179 0116 A8BF     		it	ge
 4180 0118 7246     		movge	r2, lr
 4181 011a 4245     		cmp	r2, r8
 4182 011c B8BF     		it	lt
 4183 011e 4246     		movlt	r2, r8
 4184 0120 119B     		ldr	r3, [sp, #68]
 4185 0122 23F81720 		strh	r2, [r3, r7, lsl #1]	@ movhi
 4186 0126 0137     		adds	r7, r7, #1
 4187 0128 5745     		cmp	r7, r10
 4188 012a D3DB     		blt	.L438
 4189 012c BDE7     		b	.L431
 4190              	.L443:
 4191 012e 009A     		ldr	r2, [sp]
 4192 0130 029C     		ldr	r4, [sp, #8]
 4193 0132 E1E7     		b	.L435
 4194              	.L450:
 4195              		.align	2
 4196              	.L449:
 4197 0134 0080FFFF 		.word	-32768
 4199              		.section	.text.local_softmax_q15,"ax",%progbits
 4200              		.align	1
 4201              		.global	local_softmax_q15
 4202              		.syntax unified
 4203              		.thumb
 4204              		.thumb_func
 4206              	local_softmax_q15:
ARM GAS  C:\Users\ihavenoK\AppData\Local\Temp\cckpGtIU.s 			page 74


 4207              		@ args = 0, pretend = 0, frame = 0
 4208              		@ frame_needed = 0, uses_anonymous_args = 0
 4209 0000 0029     		cmp	r1, #0
 4210 0002 4DD0     		beq	.L463
 4211 0004 2DE9F041 		push	{r4, r5, r6, r7, r8, lr}
 4212 0008 0446     		mov	r4, r0
 4213 000a 1746     		mov	r7, r2
 4214 000c 0D46     		mov	r5, r1
 4215 000e DFF89480 		ldr	r8, .L468
 4216 0012 0023     		movs	r3, #0
 4217              	.L453:
 4218 0014 34F91320 		ldrsh	r2, [r4, r3, lsl #1]
 4219 0018 9045     		cmp	r8, r2
 4220 001a B8BF     		it	lt
 4221 001c 9046     		movlt	r8, r2
 4222 001e 0133     		adds	r3, r3, #1
 4223 0020 1BB2     		sxth	r3, r3
 4224 0022 AB42     		cmp	r3, r5
 4225 0024 F6DB     		blt	.L453
 4226 0026 A8F11006 		sub	r6, r8, #16
 4227 002a 0021     		movs	r1, #0
 4228 002c 0A46     		mov	r2, r1
 4229 002e 0123     		movs	r3, #1
 4230 0030 03E0     		b	.L455
 4231              	.L454:
 4232 0032 0131     		adds	r1, r1, #1
 4233 0034 09B2     		sxth	r1, r1
 4234 0036 A942     		cmp	r1, r5
 4235 0038 0ADA     		bge	.L466
 4236              	.L455:
 4237 003a 34F91100 		ldrsh	r0, [r4, r1, lsl #1]
 4238 003e B042     		cmp	r0, r6
 4239 0040 F7DD     		ble	.L454
 4240 0042 801B     		subs	r0, r0, r6
 4241 0044 80F30500 		usat	r0, #5, r0
 4242 0048 03FA00F0 		lsl	r0, r3, r0
 4243 004c 0244     		add	r2, r2, r0
 4244 004e F0E7     		b	.L454
 4245              	.L466:
 4246 0050 D317     		asrs	r3, r2, #31
 4247 0052 0020     		movs	r0, #0
 4248 0054 0121     		movs	r1, #1
 4249 0056 FFF7FEFF 		bl	__aeabi_ldivmod
 4250 005a 0021     		movs	r1, #0
 4251 005c 8C46     		mov	ip, r1
 4252 005e 08F10108 		add	r8, r8, #1
 4253 0062 47F6FF7E 		movw	lr, #32767
 4254 0066 104A     		ldr	r2, .L468+4
 4255 0068 05E0     		b	.L458
 4256              	.L456:
 4257 006a 27F811C0 		strh	ip, [r7, r1, lsl #1]	@ movhi
 4258              	.L457:
 4259 006e 0131     		adds	r1, r1, #1
 4260 0070 09B2     		sxth	r1, r1
 4261 0072 A942     		cmp	r1, r5
 4262 0074 12DA     		bge	.L467
 4263              	.L458:
ARM GAS  C:\Users\ihavenoK\AppData\Local\Temp\cckpGtIU.s 			page 75


 4264 0076 34F91130 		ldrsh	r3, [r4, r1, lsl #1]
 4265 007a B342     		cmp	r3, r6
 4266 007c F5DD     		ble	.L456
 4267 007e A8EB0303 		sub	r3, r8, r3
 4268 0082 83F30503 		usat	r3, #5, r3
 4269 0086 40FA03F3 		asr	r3, r0, r3
 4270 008a 7345     		cmp	r3, lr
 4271 008c A8BF     		it	ge
 4272 008e 7346     		movge	r3, lr
 4273 0090 9342     		cmp	r3, r2
 4274 0092 B8BF     		it	lt
 4275 0094 1346     		movlt	r3, r2
 4276 0096 27F81130 		strh	r3, [r7, r1, lsl #1]	@ movhi
 4277 009a E8E7     		b	.L457
 4278              	.L467:
 4279 009c BDE8F081 		pop	{r4, r5, r6, r7, r8, pc}
 4280              	.L463:
 4281 00a0 7047     		bx	lr
 4282              	.L469:
 4283 00a2 00BF     		.align	2
 4284              	.L468:
 4285 00a4 0000F0FF 		.word	-1048576
 4286 00a8 0080FFFF 		.word	-32768
 4288              		.section	.text.local_hard_sigmoid_q15,"ax",%progbits
 4289              		.align	1
 4290              		.global	local_hard_sigmoid_q15
 4291              		.syntax unified
 4292              		.thumb
 4293              		.thumb_func
 4295              	local_hard_sigmoid_q15:
 4296              		@ args = 0, pretend = 0, frame = 0
 4297              		@ frame_needed = 0, uses_anonymous_args = 0
 4298 0000 F8B5     		push	{r3, r4, r5, r6, r7, lr}
 4299 0002 0646     		mov	r6, r0
 4300 0004 0D46     		mov	r5, r1
 4301 0006 1446     		mov	r4, r2
 4302 0008 0120     		movs	r0, #1
 4303 000a 9040     		lsls	r0, r0, r2
 4304 000c FFF7FEFF 		bl	__aeabi_i2f
 4305 0010 1649     		ldr	r1, .L478
 4306 0012 FFF7FEFF 		bl	__aeabi_fmul
 4307 0016 4FF07E51 		mov	r1, #1065353216
 4308 001a FFF7FEFF 		bl	__aeabi_fsub
 4309 001e FFF7FEFF 		bl	__aeabi_f2iz
 4310 0022 15B3     		cbz	r5, .L470
 4311 0024 00B2     		sxth	r0, r0
 4312 0026 A6F1020C 		sub	ip, r6, #2
 4313 002a 0CEB4501 		add	r1, ip, r5, lsl #1
 4314 002e 4242     		rsbs	r2, r0, #0
 4315 0030 0025     		movs	r5, #0
 4316 0032 47F6FF77 		movw	r7, #32767
 4317 0036 41F69A16 		movw	r6, #6554
 4318 003a 04E0     		b	.L473
 4319              	.L474:
 4320 003c 2B46     		mov	r3, r5
 4321              	.L472:
 4322 003e AEF80030 		strh	r3, [lr]	@ movhi
ARM GAS  C:\Users\ihavenoK\AppData\Local\Temp\cckpGtIU.s 			page 76


 4323 0042 8C45     		cmp	ip, r1
 4324 0044 11D0     		beq	.L470
 4325              	.L473:
 4326 0046 0CF1020C 		add	ip, ip, #2
 4327 004a E646     		mov	lr, ip
 4328 004c BCF90030 		ldrsh	r3, [ip]
 4329 0050 9342     		cmp	r3, r2
 4330 0052 F3DD     		ble	.L474
 4331 0054 8342     		cmp	r3, r0
 4332 0056 06DA     		bge	.L475
 4333 0058 06FB03F3 		mul	r3, r6, r3
 4334 005c 2341     		asrs	r3, r3, r4
 4335 005e 03F58043 		add	r3, r3, #16384
 4336 0062 1BB2     		sxth	r3, r3
 4337 0064 EBE7     		b	.L472
 4338              	.L475:
 4339 0066 3B46     		mov	r3, r7
 4340 0068 E9E7     		b	.L472
 4341              	.L470:
 4342 006a F8BD     		pop	{r3, r4, r5, r6, r7, pc}
 4343              	.L479:
 4344              		.align	2
 4345              	.L478:
 4346 006c 00002040 		.word	1075838976
 4348              		.section	.text.local_hard_tanh_q15,"ax",%progbits
 4349              		.align	1
 4350              		.global	local_hard_tanh_q15
 4351              		.syntax unified
 4352              		.thumb
 4353              		.thumb_func
 4355              	local_hard_tanh_q15:
 4356              		@ args = 0, pretend = 0, frame = 0
 4357              		@ frame_needed = 0, uses_anonymous_args = 0
 4358 0000 4FF0010C 		mov	ip, #1
 4359 0004 0CFA02FC 		lsl	ip, ip, r2
 4360 0008 0F2A     		cmp	r2, #15
 4361 000a 43D0     		beq	.L495
 4362 000c 70B5     		push	{r4, r5, r6, lr}
 4363 000e C2F10F0E 		rsb	lr, r2, #15
 4364 0012 0FFA8EFE 		sxth	lr, lr
 4365 0016 0FFA8CFC 		sxth	ip, ip
 4366 001a BEF1000F 		cmp	lr, #0
 4367 001e 09DB     		blt	.L482
 4368 0020 B9B3     		cbz	r1, .L480
 4369 0022 0238     		subs	r0, r0, #2
 4370 0024 00EB4101 		add	r1, r0, r1, lsl #1
 4371 0028 CCF10004 		rsb	r4, ip, #0
 4372 002c 1A4D     		ldr	r5, .L498
 4373 002e 47F6FF76 		movw	r6, #32767
 4374 0032 20E0     		b	.L487
 4375              	.L482:
 4376 0034 69B3     		cbz	r1, .L480
 4377 0036 0238     		subs	r0, r0, #2
 4378 0038 00EB4101 		add	r1, r0, r1, lsl #1
 4379 003c CCF10004 		rsb	r4, ip, #0
 4380 0040 154D     		ldr	r5, .L498
 4381 0042 47F6FF76 		movw	r6, #32767
ARM GAS  C:\Users\ihavenoK\AppData\Local\Temp\cckpGtIU.s 			page 77


 4382 0046 CEF1000E 		rsb	lr, lr, #0
 4383 004a 03E0     		b	.L485
 4384              	.L488:
 4385 004c 2B46     		mov	r3, r5
 4386              	.L484:
 4387 004e 1380     		strh	r3, [r2]	@ movhi
 4388 0050 8842     		cmp	r0, r1
 4389 0052 1ED0     		beq	.L480
 4390              	.L485:
 4391 0054 0230     		adds	r0, r0, #2
 4392 0056 0246     		mov	r2, r0
 4393 0058 B0F90030 		ldrsh	r3, [r0]
 4394 005c A342     		cmp	r3, r4
 4395 005e F5DD     		ble	.L488
 4396 0060 6345     		cmp	r3, ip
 4397 0062 02DA     		bge	.L489
 4398 0064 43FA0EF3 		asr	r3, r3, lr
 4399 0068 F1E7     		b	.L484
 4400              	.L489:
 4401 006a 3346     		mov	r3, r6
 4402 006c EFE7     		b	.L484
 4403              	.L490:
 4404 006e 2B46     		mov	r3, r5
 4405              	.L486:
 4406 0070 1380     		strh	r3, [r2]	@ movhi
 4407 0072 8842     		cmp	r0, r1
 4408 0074 0DD0     		beq	.L480
 4409              	.L487:
 4410 0076 0230     		adds	r0, r0, #2
 4411 0078 0246     		mov	r2, r0
 4412 007a B0F90030 		ldrsh	r3, [r0]
 4413 007e A342     		cmp	r3, r4
 4414 0080 F5DD     		ble	.L490
 4415 0082 6345     		cmp	r3, ip
 4416 0084 03DA     		bge	.L491
 4417 0086 03FA0EF3 		lsl	r3, r3, lr
 4418 008a 1BB2     		sxth	r3, r3
 4419 008c F0E7     		b	.L486
 4420              	.L491:
 4421 008e 3346     		mov	r3, r6
 4422 0090 EEE7     		b	.L486
 4423              	.L480:
 4424 0092 70BD     		pop	{r4, r5, r6, pc}
 4425              	.L495:
 4426 0094 7047     		bx	lr
 4427              	.L499:
 4428 0096 00BF     		.align	2
 4429              	.L498:
 4430 0098 0080FFFF 		.word	-32768
 4432              		.section	.text.local_relu_q15,"ax",%progbits
 4433              		.align	1
 4434              		.global	local_relu_q15
 4435              		.syntax unified
 4436              		.thumb
 4437              		.thumb_func
 4439              	local_relu_q15:
 4440              		@ args = 0, pretend = 0, frame = 0
ARM GAS  C:\Users\ihavenoK\AppData\Local\Temp\cckpGtIU.s 			page 78


 4441              		@ frame_needed = 0, uses_anonymous_args = 0
 4442              		@ link register save eliminated.
 4443 0000 51B1     		cbz	r1, .L500
 4444 0002 0238     		subs	r0, r0, #2
 4445 0004 00EB4102 		add	r2, r0, r1, lsl #1
 4446 0008 0021     		movs	r1, #0
 4447              	.L503:
 4448 000a 30F9023F 		ldrsh	r3, [r0, #2]!
 4449 000e 002B     		cmp	r3, #0
 4450 0010 B8BF     		it	lt
 4451 0012 0180     		strhlt	r1, [r0]	@ movhi
 4452 0014 9042     		cmp	r0, r2
 4453 0016 F8D1     		bne	.L503
 4454              	.L500:
 4455 0018 7047     		bx	lr
 4457              		.section	.text.local_leaky_relu_q15,"ax",%progbits
 4458              		.align	1
 4459              		.global	local_leaky_relu_q15
 4460              		.syntax unified
 4461              		.thumb
 4462              		.thumb_func
 4464              	local_leaky_relu_q15:
 4465              		@ args = 0, pretend = 0, frame = 0
 4466              		@ frame_needed = 0, uses_anonymous_args = 0
 4467              		@ link register save eliminated.
 4468 0000 92B1     		cbz	r2, .L505
 4469 0002 0238     		subs	r0, r0, #2
 4470 0004 00EB420C 		add	ip, r0, r2, lsl #1
 4471 0008 08E0     		b	.L509
 4472              	.L511:
 4473 000a 01FB03F3 		mul	r3, r1, r3
 4474 000e 002B     		cmp	r3, #0
 4475 0010 B8BF     		it	lt
 4476 0012 7F33     		addlt	r3, r3, #127
 4477 0014 DB11     		asrs	r3, r3, #7
 4478 0016 0380     		strh	r3, [r0]	@ movhi
 4479              	.L507:
 4480 0018 6045     		cmp	r0, ip
 4481 001a 05D0     		beq	.L505
 4482              	.L509:
 4483 001c 0230     		adds	r0, r0, #2
 4484 001e B0F90030 		ldrsh	r3, [r0]
 4485 0022 002B     		cmp	r3, #0
 4486 0024 F8DA     		bge	.L507
 4487 0026 F0E7     		b	.L511
 4488              	.L505:
 4489 0028 7047     		bx	lr
 4491              		.section	.text.local_adv_relu_q15,"ax",%progbits
 4492              		.align	1
 4493              		.global	local_adv_relu_q15
 4494              		.syntax unified
 4495              		.thumb
 4496              		.thumb_func
 4498              	local_adv_relu_q15:
 4499              		@ args = 4, pretend = 0, frame = 0
 4500              		@ frame_needed = 0, uses_anonymous_args = 0
 4501 0000 10B5     		push	{r4, lr}
ARM GAS  C:\Users\ihavenoK\AppData\Local\Temp\cckpGtIU.s 			page 79


 4502 0002 029C     		ldr	r4, [sp, #8]
 4503 0004 F4B1     		cbz	r4, .L512
 4504 0006 0238     		subs	r0, r0, #2
 4505 0008 00EB4404 		add	r4, r0, r4, lsl #1
 4506 000c 01E0     		b	.L517
 4507              	.L515:
 4508 000e A042     		cmp	r0, r4
 4509 0010 18D0     		beq	.L512
 4510              	.L517:
 4511 0012 0230     		adds	r0, r0, #2
 4512 0014 8646     		mov	lr, r0
 4513 0016 B0F900C0 		ldrsh	ip, [r0]
 4514 001a 9445     		cmp	ip, r2
 4515 001c C8BF     		it	gt
 4516 001e 0280     		strhgt	r2, [r0]	@ movhi
 4517 0020 B0F900C0 		ldrsh	ip, [r0]
 4518 0024 9C45     		cmp	ip, r3
 4519 0026 F2DA     		bge	.L515
 4520 0028 ACEB030C 		sub	ip, ip, r3
 4521 002c 01FB0CFC 		mul	ip, r1, ip
 4522 0030 BCF1000F 		cmp	ip, #0
 4523 0034 B8BF     		it	lt
 4524 0036 0CF17F0C 		addlt	ip, ip, #127
 4525 003a 4FEAEC1C 		asr	ip, ip, #7
 4526 003e A0F800C0 		strh	ip, [r0]	@ movhi
 4527 0042 E4E7     		b	.L515
 4528              	.L512:
 4529 0044 10BD     		pop	{r4, pc}
 4531              		.section	.text.local_sigmoid_q15,"ax",%progbits
 4532              		.align	1
 4533              		.global	local_sigmoid_q15
 4534              		.syntax unified
 4535              		.thumb
 4536              		.thumb_func
 4538              	local_sigmoid_q15:
 4539              		@ args = 0, pretend = 0, frame = 0
 4540              		@ frame_needed = 0, uses_anonymous_args = 0
 4541 0000 08B5     		push	{r3, lr}
 4542 0002 024B     		ldr	r3, .L522
 4543 0004 FFF7FEFF 		bl	local_activation_q15
 4544 0008 08BD     		pop	{r3, pc}
 4545              	.L523:
 4546 000a 00BF     		.align	2
 4547              	.L522:
 4548 000c 00000000 		.word	nnom_sigmoid_table_q15
 4550              		.section	.text.local_tanh_q15,"ax",%progbits
 4551              		.align	1
 4552              		.global	local_tanh_q15
 4553              		.syntax unified
 4554              		.thumb
 4555              		.thumb_func
 4557              	local_tanh_q15:
 4558              		@ args = 0, pretend = 0, frame = 0
 4559              		@ frame_needed = 0, uses_anonymous_args = 0
 4560 0000 08B5     		push	{r3, lr}
 4561 0002 024B     		ldr	r3, .L526
 4562 0004 FFF7FEFF 		bl	local_activation_q15
ARM GAS  C:\Users\ihavenoK\AppData\Local\Temp\cckpGtIU.s 			page 80


 4563 0008 08BD     		pop	{r3, pc}
 4564              	.L527:
 4565 000a 00BF     		.align	2
 4566              	.L526:
 4567 000c 00000000 		.word	nnom_tanh_table_q15
 4569              		.section	.text.local_mult_q15,"ax",%progbits
 4570              		.align	1
 4571              		.global	local_mult_q15
 4572              		.syntax unified
 4573              		.thumb
 4574              		.thumb_func
 4576              	local_mult_q15:
 4577              		@ args = 4, pretend = 0, frame = 0
 4578              		@ frame_needed = 0, uses_anonymous_args = 0
 4579 0000 F0B5     		push	{r4, r5, r6, r7, lr}
 4580 0002 059D     		ldr	r5, [sp, #20]
 4581 0004 E5B1     		cbz	r5, .L528
 4582 0006 0124     		movs	r4, #1
 4583 0008 9C40     		lsls	r4, r4, r3
 4584 000a 6410     		asrs	r4, r4, #1
 4585 000c A0F1020C 		sub	ip, r0, #2
 4586 0010 0239     		subs	r1, r1, #2
 4587 0012 023A     		subs	r2, r2, #2
 4588 0014 0CEB4505 		add	r5, ip, r5, lsl #1
 4589 0018 47F6FF77 		movw	r7, #32767
 4590 001c 094E     		ldr	r6, .L533
 4591              	.L530:
 4592 001e 3CF9020F 		ldrsh	r0, [ip, #2]!
 4593 0022 31F902EF 		ldrsh	lr, [r1, #2]!
 4594 0026 0EFB0040 		mla	r0, lr, r0, r4
 4595 002a 1841     		asrs	r0, r0, r3
 4596 002c B842     		cmp	r0, r7
 4597 002e A8BF     		it	ge
 4598 0030 3846     		movge	r0, r7
 4599 0032 B042     		cmp	r0, r6
 4600 0034 B8BF     		it	lt
 4601 0036 3046     		movlt	r0, r6
 4602 0038 22F8020F 		strh	r0, [r2, #2]!	@ movhi
 4603 003c AC45     		cmp	ip, r5
 4604 003e EED1     		bne	.L530
 4605              	.L528:
 4606 0040 F0BD     		pop	{r4, r5, r6, r7, pc}
 4607              	.L534:
 4608 0042 00BF     		.align	2
 4609              	.L533:
 4610 0044 0080FFFF 		.word	-32768
 4612              		.section	.text.local_add_q15,"ax",%progbits
 4613              		.align	1
 4614              		.global	local_add_q15
 4615              		.syntax unified
 4616              		.thumb
 4617              		.thumb_func
 4619              	local_add_q15:
 4620              		@ args = 4, pretend = 0, frame = 0
 4621              		@ frame_needed = 0, uses_anonymous_args = 0
 4622 0000 F0B5     		push	{r4, r5, r6, r7, lr}
 4623 0002 059D     		ldr	r5, [sp, #20]
ARM GAS  C:\Users\ihavenoK\AppData\Local\Temp\cckpGtIU.s 			page 81


 4624 0004 E5B1     		cbz	r5, .L535
 4625 0006 0124     		movs	r4, #1
 4626 0008 9C40     		lsls	r4, r4, r3
 4627 000a 6410     		asrs	r4, r4, #1
 4628 000c 0238     		subs	r0, r0, #2
 4629 000e A1F1020C 		sub	ip, r1, #2
 4630 0012 023A     		subs	r2, r2, #2
 4631 0014 00EB4505 		add	r5, r0, r5, lsl #1
 4632 0018 47F6FF77 		movw	r7, #32767
 4633 001c 094E     		ldr	r6, .L540
 4634              	.L537:
 4635 001e 30F9021F 		ldrsh	r1, [r0, #2]!
 4636 0022 3CF902EF 		ldrsh	lr, [ip, #2]!
 4637 0026 7144     		add	r1, r1, lr
 4638 0028 2144     		add	r1, r1, r4
 4639 002a 1941     		asrs	r1, r1, r3
 4640 002c B942     		cmp	r1, r7
 4641 002e A8BF     		it	ge
 4642 0030 3946     		movge	r1, r7
 4643 0032 B142     		cmp	r1, r6
 4644 0034 B8BF     		it	lt
 4645 0036 3146     		movlt	r1, r6
 4646 0038 22F8021F 		strh	r1, [r2, #2]!	@ movhi
 4647 003c A842     		cmp	r0, r5
 4648 003e EED1     		bne	.L537
 4649              	.L535:
 4650 0040 F0BD     		pop	{r4, r5, r6, r7, pc}
 4651              	.L541:
 4652 0042 00BF     		.align	2
 4653              	.L540:
 4654 0044 0080FFFF 		.word	-32768
 4656              		.section	.text.local_sub_q15,"ax",%progbits
 4657              		.align	1
 4658              		.global	local_sub_q15
 4659              		.syntax unified
 4660              		.thumb
 4661              		.thumb_func
 4663              	local_sub_q15:
 4664              		@ args = 4, pretend = 0, frame = 0
 4665              		@ frame_needed = 0, uses_anonymous_args = 0
 4666 0000 F0B5     		push	{r4, r5, r6, r7, lr}
 4667 0002 059D     		ldr	r5, [sp, #20]
 4668 0004 EDB1     		cbz	r5, .L542
 4669 0006 0124     		movs	r4, #1
 4670 0008 9C40     		lsls	r4, r4, r3
 4671 000a 6410     		asrs	r4, r4, #1
 4672 000c 0238     		subs	r0, r0, #2
 4673 000e A1F1020C 		sub	ip, r1, #2
 4674 0012 023A     		subs	r2, r2, #2
 4675 0014 00EB4505 		add	r5, r0, r5, lsl #1
 4676 0018 47F6FF77 		movw	r7, #32767
 4677 001c 094E     		ldr	r6, .L547
 4678              	.L544:
 4679 001e 30F9021F 		ldrsh	r1, [r0, #2]!
 4680 0022 3CF902EF 		ldrsh	lr, [ip, #2]!
 4681 0026 A1EB0E01 		sub	r1, r1, lr
 4682 002a 2144     		add	r1, r1, r4
ARM GAS  C:\Users\ihavenoK\AppData\Local\Temp\cckpGtIU.s 			page 82


 4683 002c 1941     		asrs	r1, r1, r3
 4684 002e B942     		cmp	r1, r7
 4685 0030 A8BF     		it	ge
 4686 0032 3946     		movge	r1, r7
 4687 0034 B142     		cmp	r1, r6
 4688 0036 B8BF     		it	lt
 4689 0038 3146     		movlt	r1, r6
 4690 003a 22F8021F 		strh	r1, [r2, #2]!	@ movhi
 4691 003e A842     		cmp	r0, r5
 4692 0040 EDD1     		bne	.L544
 4693              	.L542:
 4694 0042 F0BD     		pop	{r4, r5, r6, r7, pc}
 4695              	.L548:
 4696              		.align	2
 4697              	.L547:
 4698 0044 0080FFFF 		.word	-32768
 4700              		.section	.text.local_multiple_add_q15,"ax",%progbits
 4701              		.align	1
 4702              		.global	local_multiple_add_q15
 4703              		.syntax unified
 4704              		.thumb
 4705              		.thumb_func
 4707              	local_multiple_add_q15:
 4708              		@ args = 4, pretend = 0, frame = 8
 4709              		@ frame_needed = 0, uses_anonymous_args = 0
 4710 0000 2DE9F04F 		push	{r4, r5, r6, r7, r8, r9, r10, fp, lr}
 4711 0004 83B0     		sub	sp, sp, #12
 4712 0006 DDF830B0 		ldr	fp, [sp, #48]
 4713 000a 7AB3     		cbz	r2, .L549
 4714 000c 0F46     		mov	r7, r1
 4715 000e 1E46     		mov	r6, r3
 4716 0010 0125     		movs	r5, #1
 4717 0012 8D40     		lsls	r5, r5, r1
 4718 0014 6D10     		asrs	r5, r5, #1
 4719 0016 811E     		subs	r1, r0, #2
 4720 0018 01EB4208 		add	r8, r1, r2, lsl #1
 4721 001c ABF10403 		sub	r3, fp, #4
 4722 0020 03EB8603 		add	r3, r3, r6, lsl #2
 4723 0024 C0F10202 		rsb	r2, r0, #2
 4724 0028 0192     		str	r2, [sp, #4]
 4725 002a 47F6FF7A 		movw	r10, #32767
 4726 002e DFF84490 		ldr	r9, .L558
 4727 0032 17E0     		b	.L551
 4728              	.L557:
 4729 0034 019A     		ldr	r2, [sp, #4]
 4730 0036 5018     		adds	r0, r2, r1
 4731 0038 ABF1040C 		sub	ip, fp, #4
 4732 003c 0022     		movs	r2, #0
 4733              	.L552:
 4734 003e 5CF8044F 		ldr	r4, [ip, #4]!
 4735 0042 34F900E0 		ldrsh	lr, [r4, r0]
 4736 0046 7244     		add	r2, r2, lr
 4737 0048 9C45     		cmp	ip, r3
 4738 004a F8D1     		bne	.L552
 4739              	.L554:
 4740 004c 2A44     		add	r2, r2, r5
 4741 004e 3A41     		asrs	r2, r2, r7
ARM GAS  C:\Users\ihavenoK\AppData\Local\Temp\cckpGtIU.s 			page 83


 4742 0050 5245     		cmp	r2, r10
 4743 0052 A8BF     		it	ge
 4744 0054 5246     		movge	r2, r10
 4745 0056 4A45     		cmp	r2, r9
 4746 0058 B8BF     		it	lt
 4747 005a 4A46     		movlt	r2, r9
 4748 005c 21F8022F 		strh	r2, [r1, #2]!	@ movhi
 4749 0060 4145     		cmp	r1, r8
 4750 0062 03D0     		beq	.L549
 4751              	.L551:
 4752 0064 0022     		movs	r2, #0
 4753 0066 002E     		cmp	r6, #0
 4754 0068 E4D1     		bne	.L557
 4755 006a EFE7     		b	.L554
 4756              	.L549:
 4757 006c 03B0     		add	sp, sp, #12
 4758              		@ sp needed
 4759 006e BDE8F08F 		pop	{r4, r5, r6, r7, r8, r9, r10, fp, pc}
 4760              	.L559:
 4761 0072 00BF     		.align	2
 4762              	.L558:
 4763 0074 0080FFFF 		.word	-32768
 4765              		.section	.text.local_multiple_mult_q15,"ax",%progbits
 4766              		.align	1
 4767              		.global	local_multiple_mult_q15
 4768              		.syntax unified
 4769              		.thumb
 4770              		.thumb_func
 4772              	local_multiple_mult_q15:
 4773              		@ args = 4, pretend = 0, frame = 16
 4774              		@ frame_needed = 0, uses_anonymous_args = 0
 4775 0000 002A     		cmp	r2, #0
 4776 0002 5ED0     		beq	.L569
 4777 0004 2DE9F04F 		push	{r4, r5, r6, r7, r8, r9, r10, fp, lr}
 4778 0008 85B0     		sub	sp, sp, #20
 4779 000a 0E46     		mov	r6, r1
 4780 000c 1F46     		mov	r7, r3
 4781 000e 0291     		str	r1, [sp, #8]
 4782 0010 0125     		movs	r5, #1
 4783 0012 8D40     		lsls	r5, r5, r1
 4784 0014 4FEAE57A 		asr	r10, r5, #31
 4785 0018 6D10     		asrs	r5, r5, #1
 4786 001a A0F1020C 		sub	ip, r0, #2
 4787 001e 0CEB4208 		add	r8, ip, r2, lsl #1
 4788 0022 0E9B     		ldr	r3, [sp, #56]
 4789 0024 1C1F     		subs	r4, r3, #4
 4790 0026 04EB8704 		add	r4, r4, r7, lsl #2
 4791 002a C0F10203 		rsb	r3, r0, #2
 4792 002e 0393     		str	r3, [sp, #12]
 4793 0030 47F6FF79 		movw	r9, #32767
 4794 0034 DFF88CB0 		ldr	fp, .L572
 4795 0038 4146     		mov	r1, r8
 4796 003a 3AE0     		b	.L562
 4797              	.L565:
 4798 003c 039B     		ldr	r3, [sp, #12]
 4799 003e 03EB0C08 		add	r8, r3, ip
 4800 0042 0E9B     		ldr	r3, [sp, #56]
ARM GAS  C:\Users\ihavenoK\AppData\Local\Temp\cckpGtIU.s 			page 84


 4801 0044 A3F1040E 		sub	lr, r3, #4
 4802 0048 0122     		movs	r2, #1
 4803 004a 0020     		movs	r0, #0
 4804 004c CDF804C0 		str	ip, [sp, #4]
 4805              	.L563:
 4806 0050 5EF8043F 		ldr	r3, [lr, #4]!
 4807 0054 33F908C0 		ldrsh	ip, [r3, r8]
 4808 0058 4FEAEC73 		asr	r3, ip, #31
 4809 005c 02FB03F3 		mul	r3, r2, r3
 4810 0060 0CFB0033 		mla	r3, ip, r0, r3
 4811 0064 A2FB0C20 		umull	r2, r0, r2, ip
 4812 0068 1844     		add	r0, r0, r3
 4813 006a A645     		cmp	lr, r4
 4814 006c F0D1     		bne	.L563
 4815 006e DDF804C0 		ldr	ip, [sp, #4]
 4816              	.L566:
 4817 0072 0CF1020C 		add	ip, ip, #2
 4818 0076 AA18     		adds	r2, r5, r2
 4819 0078 4AEB0000 		adc	r0, r10, r0
 4820 007c C6F12003 		rsb	r3, r6, #32
 4821 0080 DDF808E0 		ldr	lr, [sp, #8]
 4822 0084 BEF1200E 		subs	lr, lr, #32
 4823 0088 22FA06F2 		lsr	r2, r2, r6
 4824 008c 00FA03F3 		lsl	r3, r0, r3
 4825 0090 42EA0302 		orr	r2, r2, r3
 4826 0094 5CBF     		itt	pl
 4827 0096 40FA0EFE 		asrpl	lr, r0, lr
 4828 009a 42EA0E02 		orrpl	r2, r2, lr
 4829 009e 4A45     		cmp	r2, r9
 4830 00a0 A8BF     		it	ge
 4831 00a2 4A46     		movge	r2, r9
 4832 00a4 5A45     		cmp	r2, fp
 4833 00a6 B8BF     		it	lt
 4834 00a8 5A46     		movlt	r2, fp
 4835 00aa ACF80020 		strh	r2, [ip]	@ movhi
 4836 00ae 8C45     		cmp	ip, r1
 4837 00b0 04D0     		beq	.L560
 4838              	.L562:
 4839 00b2 002F     		cmp	r7, #0
 4840 00b4 C2D1     		bne	.L565
 4841 00b6 0122     		movs	r2, #1
 4842 00b8 0020     		movs	r0, #0
 4843 00ba DAE7     		b	.L566
 4844              	.L560:
 4845 00bc 05B0     		add	sp, sp, #20
 4846              		@ sp needed
 4847 00be BDE8F08F 		pop	{r4, r5, r6, r7, r8, r9, r10, fp, pc}
 4848              	.L569:
 4849 00c2 7047     		bx	lr
 4850              	.L573:
 4851              		.align	2
 4852              	.L572:
 4853 00c4 0080FFFF 		.word	-32768
 4855              		.section	.text.local_multiple_sub_q15,"ax",%progbits
 4856              		.align	1
 4857              		.global	local_multiple_sub_q15
 4858              		.syntax unified
ARM GAS  C:\Users\ihavenoK\AppData\Local\Temp\cckpGtIU.s 			page 85


 4859              		.thumb
 4860              		.thumb_func
 4862              	local_multiple_sub_q15:
 4863              		@ args = 4, pretend = 0, frame = 0
 4864              		@ frame_needed = 0, uses_anonymous_args = 0
 4865 0000 2DE9F04F 		push	{r4, r5, r6, r7, r8, r9, r10, fp, lr}
 4866 0004 1C46     		mov	r4, r3
 4867 0006 099B     		ldr	r3, [sp, #36]
 4868 0008 62B3     		cbz	r2, .L574
 4869 000a 0D46     		mov	r5, r1
 4870 000c 0121     		movs	r1, #1
 4871 000e A940     		lsls	r1, r1, r5
 4872 0010 4910     		asrs	r1, r1, #1
 4873 0012 A0F1020E 		sub	lr, r0, #2
 4874 0016 0EEB4206 		add	r6, lr, r2, lsl #1
 4875 001a 03EB840C 		add	ip, r3, r4, lsl #2
 4876 001e ACF1040C 		sub	ip, ip, #4
 4877 0022 C0F10200 		rsb	r0, r0, #2
 4878 0026 47F6FF78 		movw	r8, #32767
 4879              	.L578:
 4880 002a 00EB0E0A 		add	r10, r0, lr
 4881 002e 1A68     		ldr	r2, [r3]
 4882 0030 32F90A20 		ldrsh	r2, [r2, r10]
 4883 0034 012C     		cmp	r4, #1
 4884 0036 08D9     		bls	.L576
 4885 0038 9946     		mov	r9, r3
 4886              	.L577:
 4887 003a 59F8047F 		ldr	r7, [r9, #4]!
 4888 003e 37F90AB0 		ldrsh	fp, [r7, r10]
 4889 0042 A2EB0B02 		sub	r2, r2, fp
 4890 0046 E145     		cmp	r9, ip
 4891 0048 F7D1     		bne	.L577
 4892              	.L576:
 4893 004a 0A44     		add	r2, r2, r1
 4894 004c 2A41     		asrs	r2, r2, r5
 4895 004e 4245     		cmp	r2, r8
 4896 0050 A8BF     		it	ge
 4897 0052 4246     		movge	r2, r8
 4898 0054 044F     		ldr	r7, .L582
 4899 0056 BA42     		cmp	r2, r7
 4900 0058 B8BF     		it	lt
 4901 005a 3A46     		movlt	r2, r7
 4902 005c 2EF8022F 		strh	r2, [lr, #2]!	@ movhi
 4903 0060 B645     		cmp	lr, r6
 4904 0062 E2D1     		bne	.L578
 4905              	.L574:
 4906 0064 BDE8F08F 		pop	{r4, r5, r6, r7, r8, r9, r10, fp, pc}
 4907              	.L583:
 4908              		.align	2
 4909              	.L582:
 4910 0068 0080FFFF 		.word	-32768
 4912              		.section	.text.local_1_minor_z_q15,"ax",%progbits
 4913              		.align	1
 4914              		.global	local_1_minor_z_q15
 4915              		.syntax unified
 4916              		.thumb
 4917              		.thumb_func
ARM GAS  C:\Users\ihavenoK\AppData\Local\Temp\cckpGtIU.s 			page 86


 4919              	local_1_minor_z_q15:
 4920              		@ args = 0, pretend = 0, frame = 0
 4921              		@ frame_needed = 0, uses_anonymous_args = 0
 4922 0000 F0B5     		push	{r4, r5, r6, r7, lr}
 4923 0002 0126     		movs	r6, #1
 4924 0004 9640     		lsls	r6, r6, r2
 4925 0006 013E     		subs	r6, r6, #1
 4926 0008 072B     		cmp	r3, #7
 4927 000a 40D9     		bls	.L585
 4928 000c DF08     		lsrs	r7, r3, #3
 4929 000e 00F1100E 		add	lr, r0, #16
 4930 0012 01F1100C 		add	ip, r1, #16
 4931 0016 0025     		movs	r5, #0
 4932 0018 B2B2     		uxth	r2, r6
 4933              	.L586:
 4934 001a 3EF8104C 		ldrh	r4, [lr, #-16]
 4935 001e 141B     		subs	r4, r2, r4
 4936 0020 2CF8104C 		strh	r4, [ip, #-16]	@ movhi
 4937 0024 3EF80E4C 		ldrh	r4, [lr, #-14]
 4938 0028 141B     		subs	r4, r2, r4
 4939 002a 2CF80E4C 		strh	r4, [ip, #-14]	@ movhi
 4940 002e 3EF80C4C 		ldrh	r4, [lr, #-12]
 4941 0032 141B     		subs	r4, r2, r4
 4942 0034 2CF80C4C 		strh	r4, [ip, #-12]	@ movhi
 4943 0038 3EF80A4C 		ldrh	r4, [lr, #-10]
 4944 003c 141B     		subs	r4, r2, r4
 4945 003e 2CF80A4C 		strh	r4, [ip, #-10]	@ movhi
 4946 0042 3EF8084C 		ldrh	r4, [lr, #-8]
 4947 0046 141B     		subs	r4, r2, r4
 4948 0048 2CF8084C 		strh	r4, [ip, #-8]	@ movhi
 4949 004c 3EF8064C 		ldrh	r4, [lr, #-6]
 4950 0050 141B     		subs	r4, r2, r4
 4951 0052 2CF8064C 		strh	r4, [ip, #-6]	@ movhi
 4952 0056 3EF8044C 		ldrh	r4, [lr, #-4]
 4953 005a 141B     		subs	r4, r2, r4
 4954 005c 2CF8044C 		strh	r4, [ip, #-4]	@ movhi
 4955 0060 3EF8024C 		ldrh	r4, [lr, #-2]
 4956 0064 141B     		subs	r4, r2, r4
 4957 0066 2CF8024C 		strh	r4, [ip, #-2]	@ movhi
 4958 006a 0135     		adds	r5, r5, #1
 4959 006c 0EF1100E 		add	lr, lr, #16
 4960 0070 0CF1100C 		add	ip, ip, #16
 4961 0074 AF42     		cmp	r7, r5
 4962 0076 D0D8     		bhi	.L586
 4963 0078 013F     		subs	r7, r7, #1
 4964 007a 3A01     		lsls	r2, r7, #4
 4965 007c 1031     		adds	r1, r1, #16
 4966 007e 01EB0711 		add	r1, r1, r7, lsl #4
 4967 0082 072B     		cmp	r3, #7
 4968 0084 98BF     		it	ls
 4969 0086 0022     		movls	r2, #0
 4970 0088 0244     		add	r2, r2, r0
 4971 008a 02F11000 		add	r0, r2, #16
 4972              	.L585:
 4973 008e 13F00703 		ands	r3, r3, #7
 4974 0092 09D0     		beq	.L584
 4975 0094 00EB4303 		add	r3, r0, r3, lsl #1
ARM GAS  C:\Users\ihavenoK\AppData\Local\Temp\cckpGtIU.s 			page 87


 4976              	.L588:
 4977 0098 30F802CB 		ldrh	ip, [r0], #2
 4978 009c A6EB0C0C 		sub	ip, r6, ip
 4979 00a0 21F802CB 		strh	ip, [r1], #2	@ movhi
 4980 00a4 9842     		cmp	r0, r3
 4981 00a6 F7D1     		bne	.L588
 4982              	.L584:
 4983 00a8 F0BD     		pop	{r4, r5, r6, r7, pc}
 4985              		.section	.rodata.nnom_tanh_table_q15,"a"
 4986              		.align	2
 4989              	nnom_tanh_table_q15:
 4990 0000 0000     		.short	0
 4991 0002 FD07     		.short	2045
 4992 0004 EB0F     		.short	4075
 4993 0006 B917     		.short	6073
 4994 0008 591F     		.short	8025
 4995 000a BF26     		.short	9919
 4996 000c DF2D     		.short	11743
 4997 000e AE34     		.short	13486
 4998 0010 273B     		.short	15143
 4999 0012 4241     		.short	16706
 5000 0014 FD46     		.short	18173
 5001 0016 564C     		.short	19542
 5002 0018 4D51     		.short	20813
 5003 001a E255     		.short	21986
 5004 001c 1A5A     		.short	23066
 5005 001e F65D     		.short	24054
 5006 0020 7C61     		.short	24956
 5007 0022 B064     		.short	25776
 5008 0024 9767     		.short	26519
 5009 0026 376A     		.short	27191
 5010 0028 956C     		.short	27797
 5011 002a B56E     		.short	28341
 5012 002c 9E70     		.short	28830
 5013 002e 5472     		.short	29268
 5014 0030 DC73     		.short	29660
 5015 0032 3A75     		.short	30010
 5016 0034 7276     		.short	30322
 5017 0036 8877     		.short	30600
 5018 0038 7F78     		.short	30847
 5019 003a 5B79     		.short	31067
 5020 003c 1E7A     		.short	31262
 5021 003e CB7A     		.short	31435
 5022 0040 657B     		.short	31589
 5023 0042 EE7B     		.short	31726
 5024 0044 667C     		.short	31846
 5025 0046 D17C     		.short	31953
 5026 0048 307D     		.short	32048
 5027 004a 847D     		.short	32132
 5028 004c CE7D     		.short	32206
 5029 004e 0F7E     		.short	32271
 5030 0050 497E     		.short	32329
 5031 0052 7D7E     		.short	32381
 5032 0054 AA7E     		.short	32426
 5033 0056 D27E     		.short	32466
 5034 0058 F57E     		.short	32501
 5035 005a 147F     		.short	32532
ARM GAS  C:\Users\ihavenoK\AppData\Local\Temp\cckpGtIU.s 			page 88


 5036 005c 307F     		.short	32560
 5037 005e 487F     		.short	32584
 5038 0060 5E7F     		.short	32606
 5039 0062 717F     		.short	32625
 5040 0064 827F     		.short	32642
 5041 0066 917F     		.short	32657
 5042 0068 9E7F     		.short	32670
 5043 006a A97F     		.short	32681
 5044 006c B37F     		.short	32691
 5045 006e BC7F     		.short	32700
 5046 0070 C47F     		.short	32708
 5047 0072 CB7F     		.short	32715
 5048 0074 D17F     		.short	32721
 5049 0076 D77F     		.short	32727
 5050 0078 DC7F     		.short	32732
 5051 007a E07F     		.short	32736
 5052 007c E47F     		.short	32740
 5053 007e E77F     		.short	32743
 5054 0080 EA7F     		.short	32746
 5055 0082 ED7F     		.short	32749
 5056 0084 EF7F     		.short	32751
 5057 0086 F17F     		.short	32753
 5058 0088 F37F     		.short	32755
 5059 008a F47F     		.short	32756
 5060 008c F67F     		.short	32758
 5061 008e F77F     		.short	32759
 5062 0090 F87F     		.short	32760
 5063 0092 F97F     		.short	32761
 5064 0094 FA7F     		.short	32762
 5065 0096 FA7F     		.short	32762
 5066 0098 FB7F     		.short	32763
 5067 009a FC7F     		.short	32764
 5068 009c FC7F     		.short	32764
 5069 009e FD7F     		.short	32765
 5070 00a0 FD7F     		.short	32765
 5071 00a2 FD7F     		.short	32765
 5072 00a4 FE7F     		.short	32766
 5073 00a6 FE7F     		.short	32766
 5074 00a8 FE7F     		.short	32766
 5075 00aa FE7F     		.short	32766
 5076 00ac FF7F     		.short	32767
 5077 00ae FF7F     		.short	32767
 5078 00b0 FF7F     		.short	32767
 5079 00b2 FF7F     		.short	32767
 5080 00b4 FF7F     		.short	32767
 5081 00b6 FF7F     		.short	32767
 5082 00b8 FF7F     		.short	32767
 5083 00ba FF7F     		.short	32767
 5084 00bc FF7F     		.short	32767
 5085 00be FF7F     		.short	32767
 5086 00c0 FF7F     		.short	32767
 5087 00c2 FF7F     		.short	32767
 5088 00c4 FF7F     		.short	32767
 5089 00c6 FF7F     		.short	32767
 5090 00c8 FF7F     		.short	32767
 5091 00ca FF7F     		.short	32767
 5092 00cc FF7F     		.short	32767
ARM GAS  C:\Users\ihavenoK\AppData\Local\Temp\cckpGtIU.s 			page 89


 5093 00ce FF7F     		.short	32767
 5094 00d0 FF7F     		.short	32767
 5095 00d2 FF7F     		.short	32767
 5096 00d4 FF7F     		.short	32767
 5097 00d6 FF7F     		.short	32767
 5098 00d8 FF7F     		.short	32767
 5099 00da FF7F     		.short	32767
 5100 00dc FF7F     		.short	32767
 5101 00de FF7F     		.short	32767
 5102 00e0 FF7F     		.short	32767
 5103 00e2 FF7F     		.short	32767
 5104 00e4 FF7F     		.short	32767
 5105 00e6 FF7F     		.short	32767
 5106 00e8 FF7F     		.short	32767
 5107 00ea FF7F     		.short	32767
 5108 00ec FF7F     		.short	32767
 5109 00ee FF7F     		.short	32767
 5110 00f0 FF7F     		.short	32767
 5111 00f2 FF7F     		.short	32767
 5112 00f4 FF7F     		.short	32767
 5113 00f6 FF7F     		.short	32767
 5114 00f8 FF7F     		.short	32767
 5115 00fa FF7F     		.short	32767
 5116 00fc FF7F     		.short	32767
 5117 00fe FF7F     		.short	32767
 5118 0100 0080     		.short	-32768
 5119 0102 0080     		.short	-32768
 5120 0104 0080     		.short	-32768
 5121 0106 0080     		.short	-32768
 5122 0108 0080     		.short	-32768
 5123 010a 0080     		.short	-32768
 5124 010c 0080     		.short	-32768
 5125 010e 0080     		.short	-32768
 5126 0110 0080     		.short	-32768
 5127 0112 0080     		.short	-32768
 5128 0114 0080     		.short	-32768
 5129 0116 0080     		.short	-32768
 5130 0118 0080     		.short	-32768
 5131 011a 0080     		.short	-32768
 5132 011c 0080     		.short	-32768
 5133 011e 0080     		.short	-32768
 5134 0120 0080     		.short	-32768
 5135 0122 0080     		.short	-32768
 5136 0124 0080     		.short	-32768
 5137 0126 0080     		.short	-32768
 5138 0128 0080     		.short	-32768
 5139 012a 0080     		.short	-32768
 5140 012c 0080     		.short	-32768
 5141 012e 0080     		.short	-32768
 5142 0130 0080     		.short	-32768
 5143 0132 0080     		.short	-32768
 5144 0134 0080     		.short	-32768
 5145 0136 0080     		.short	-32768
 5146 0138 0080     		.short	-32768
 5147 013a 0080     		.short	-32768
 5148 013c 0080     		.short	-32768
 5149 013e 0080     		.short	-32768
ARM GAS  C:\Users\ihavenoK\AppData\Local\Temp\cckpGtIU.s 			page 90


 5150 0140 0080     		.short	-32768
 5151 0142 0080     		.short	-32768
 5152 0144 0180     		.short	-32767
 5153 0146 0180     		.short	-32767
 5154 0148 0180     		.short	-32767
 5155 014a 0180     		.short	-32767
 5156 014c 0180     		.short	-32767
 5157 014e 0180     		.short	-32767
 5158 0150 0180     		.short	-32767
 5159 0152 0180     		.short	-32767
 5160 0154 0180     		.short	-32767
 5161 0156 0280     		.short	-32766
 5162 0158 0280     		.short	-32766
 5163 015a 0280     		.short	-32766
 5164 015c 0280     		.short	-32766
 5165 015e 0380     		.short	-32765
 5166 0160 0380     		.short	-32765
 5167 0162 0380     		.short	-32765
 5168 0164 0480     		.short	-32764
 5169 0166 0480     		.short	-32764
 5170 0168 0580     		.short	-32763
 5171 016a 0680     		.short	-32762
 5172 016c 0680     		.short	-32762
 5173 016e 0780     		.short	-32761
 5174 0170 0880     		.short	-32760
 5175 0172 0980     		.short	-32759
 5176 0174 0A80     		.short	-32758
 5177 0176 0C80     		.short	-32756
 5178 0178 0D80     		.short	-32755
 5179 017a 0F80     		.short	-32753
 5180 017c 1180     		.short	-32751
 5181 017e 1380     		.short	-32749
 5182 0180 1680     		.short	-32746
 5183 0182 1980     		.short	-32743
 5184 0184 1C80     		.short	-32740
 5185 0186 2080     		.short	-32736
 5186 0188 2480     		.short	-32732
 5187 018a 2980     		.short	-32727
 5188 018c 2F80     		.short	-32721
 5189 018e 3580     		.short	-32715
 5190 0190 3C80     		.short	-32708
 5191 0192 4480     		.short	-32700
 5192 0194 4D80     		.short	-32691
 5193 0196 5780     		.short	-32681
 5194 0198 6280     		.short	-32670
 5195 019a 6F80     		.short	-32657
 5196 019c 7E80     		.short	-32642
 5197 019e 8F80     		.short	-32625
 5198 01a0 A280     		.short	-32606
 5199 01a2 B880     		.short	-32584
 5200 01a4 D080     		.short	-32560
 5201 01a6 EC80     		.short	-32532
 5202 01a8 0B81     		.short	-32501
 5203 01aa 2E81     		.short	-32466
 5204 01ac 5681     		.short	-32426
 5205 01ae 8381     		.short	-32381
 5206 01b0 B781     		.short	-32329
ARM GAS  C:\Users\ihavenoK\AppData\Local\Temp\cckpGtIU.s 			page 91


 5207 01b2 F181     		.short	-32271
 5208 01b4 3282     		.short	-32206
 5209 01b6 7C82     		.short	-32132
 5210 01b8 D082     		.short	-32048
 5211 01ba 2F83     		.short	-31953
 5212 01bc 9A83     		.short	-31846
 5213 01be 1284     		.short	-31726
 5214 01c0 9B84     		.short	-31589
 5215 01c2 3585     		.short	-31435
 5216 01c4 E285     		.short	-31262
 5217 01c6 A586     		.short	-31067
 5218 01c8 8187     		.short	-30847
 5219 01ca 7888     		.short	-30600
 5220 01cc 8E89     		.short	-30322
 5221 01ce C68A     		.short	-30010
 5222 01d0 248C     		.short	-29660
 5223 01d2 AC8D     		.short	-29268
 5224 01d4 628F     		.short	-28830
 5225 01d6 4B91     		.short	-28341
 5226 01d8 6B93     		.short	-27797
 5227 01da C995     		.short	-27191
 5228 01dc 6998     		.short	-26519
 5229 01de 509B     		.short	-25776
 5230 01e0 849E     		.short	-24956
 5231 01e2 0AA2     		.short	-24054
 5232 01e4 E6A5     		.short	-23066
 5233 01e6 1EAA     		.short	-21986
 5234 01e8 B3AE     		.short	-20813
 5235 01ea AAB3     		.short	-19542
 5236 01ec 03B9     		.short	-18173
 5237 01ee BEBE     		.short	-16706
 5238 01f0 D9C4     		.short	-15143
 5239 01f2 52CB     		.short	-13486
 5240 01f4 21D2     		.short	-11743
 5241 01f6 41D9     		.short	-9919
 5242 01f8 A7E0     		.short	-8025
 5243 01fa 47E8     		.short	-6073
 5244 01fc 15F0     		.short	-4075
 5245 01fe 03F8     		.short	-2045
 5246              		.section	.rodata.nnom_sigmoid_table_q15,"a"
 5247              		.align	2
 5250              	nnom_sigmoid_table_q15:
 5251 0000 0040     		.short	16384
 5252 0002 0042     		.short	16896
 5253 0004 FF43     		.short	17407
 5254 0006 FC45     		.short	17916
 5255 0008 F547     		.short	18421
 5256 000a EB49     		.short	18923
 5257 000c DC4B     		.short	19420
 5258 000e C84D     		.short	19912
 5259 0010 AD4F     		.short	20397
 5260 0012 8A51     		.short	20874
 5261 0014 6053     		.short	21344
 5262 0016 2C55     		.short	21804
 5263 0018 EF56     		.short	22255
 5264 001a A858     		.short	22696
 5265 001c 575A     		.short	23127
ARM GAS  C:\Users\ihavenoK\AppData\Local\Temp\cckpGtIU.s 			page 92


 5266 001e FB5B     		.short	23547
 5267 0020 935D     		.short	23955
 5268 0022 205F     		.short	24352
 5269 0024 A160     		.short	24737
 5270 0026 1662     		.short	25110
 5271 0028 7F63     		.short	25471
 5272 002a DB64     		.short	25819
 5273 002c 2B66     		.short	26155
 5274 002e 6F67     		.short	26479
 5275 0030 A668     		.short	26790
 5276 0032 D269     		.short	27090
 5277 0034 F16A     		.short	27377
 5278 0036 056C     		.short	27653
 5279 0038 0D6D     		.short	27917
 5280 003a 096E     		.short	28169
 5281 003c FB6E     		.short	28411
 5282 003e E26F     		.short	28642
 5283 0040 BE70     		.short	28862
 5284 0042 9071     		.short	29072
 5285 0044 5872     		.short	29272
 5286 0046 1673     		.short	29462
 5287 0048 CC73     		.short	29644
 5288 004a 7874     		.short	29816
 5289 004c 1B75     		.short	29979
 5290 004e B775     		.short	30135
 5291 0050 4A76     		.short	30282
 5292 0052 D676     		.short	30422
 5293 0054 5B77     		.short	30555
 5294 0056 D877     		.short	30680
 5295 0058 4F78     		.short	30799
 5296 005a C078     		.short	30912
 5297 005c 2A79     		.short	31018
 5298 005e 8F79     		.short	31119
 5299 0060 EE79     		.short	31214
 5300 0062 487A     		.short	31304
 5301 0064 9D7A     		.short	31389
 5302 0066 ED7A     		.short	31469
 5303 0068 397B     		.short	31545
 5304 006a 807B     		.short	31616
 5305 006c C47B     		.short	31684
 5306 006e 037C     		.short	31747
 5307 0070 3F7C     		.short	31807
 5308 0072 787C     		.short	31864
 5309 0074 AD7C     		.short	31917
 5310 0076 E07C     		.short	31968
 5311 0078 0F7D     		.short	32015
 5312 007a 3C7D     		.short	32060
 5313 007c 667D     		.short	32102
 5314 007e 8D7D     		.short	32141
 5315 0080 B37D     		.short	32179
 5316 0082 D67D     		.short	32214
 5317 0084 F77D     		.short	32247
 5318 0086 167E     		.short	32278
 5319 0088 337E     		.short	32307
 5320 008a 4F7E     		.short	32335
 5321 008c 697E     		.short	32361
 5322 008e 817E     		.short	32385
ARM GAS  C:\Users\ihavenoK\AppData\Local\Temp\cckpGtIU.s 			page 93


 5323 0090 987E     		.short	32408
 5324 0092 AE7E     		.short	32430
 5325 0094 C27E     		.short	32450
 5326 0096 D57E     		.short	32469
 5327 0098 E77E     		.short	32487
 5328 009a F87E     		.short	32504
 5329 009c 087F     		.short	32520
 5330 009e 177F     		.short	32535
 5331 00a0 257F     		.short	32549
 5332 00a2 327F     		.short	32562
 5333 00a4 3E7F     		.short	32574
 5334 00a6 4A7F     		.short	32586
 5335 00a8 557F     		.short	32597
 5336 00aa 5F7F     		.short	32607
 5337 00ac 697F     		.short	32617
 5338 00ae 727F     		.short	32626
 5339 00b0 7B7F     		.short	32635
 5340 00b2 837F     		.short	32643
 5341 00b4 8A7F     		.short	32650
 5342 00b6 917F     		.short	32657
 5343 00b8 987F     		.short	32664
 5344 00ba 9E7F     		.short	32670
 5345 00bc A47F     		.short	32676
 5346 00be AA7F     		.short	32682
 5347 00c0 AF7F     		.short	32687
 5348 00c2 B47F     		.short	32692
 5349 00c4 B87F     		.short	32696
 5350 00c6 BD7F     		.short	32701
 5351 00c8 C17F     		.short	32705
 5352 00ca C57F     		.short	32709
 5353 00cc C87F     		.short	32712
 5354 00ce CC7F     		.short	32716
 5355 00d0 CF7F     		.short	32719
 5356 00d2 D27F     		.short	32722
 5357 00d4 D57F     		.short	32725
 5358 00d6 D77F     		.short	32727
 5359 00d8 DA7F     		.short	32730
 5360 00da DC7F     		.short	32732
 5361 00dc DE7F     		.short	32734
 5362 00de E07F     		.short	32736
 5363 00e0 E27F     		.short	32738
 5364 00e2 E47F     		.short	32740
 5365 00e4 E67F     		.short	32742
 5366 00e6 E77F     		.short	32743
 5367 00e8 E97F     		.short	32745
 5368 00ea EA7F     		.short	32746
 5369 00ec EB7F     		.short	32747
 5370 00ee ED7F     		.short	32749
 5371 00f0 EE7F     		.short	32750
 5372 00f2 EF7F     		.short	32751
 5373 00f4 F07F     		.short	32752
 5374 00f6 F17F     		.short	32753
 5375 00f8 F27F     		.short	32754
 5376 00fa F37F     		.short	32755
 5377 00fc F47F     		.short	32756
 5378 00fe F47F     		.short	32756
 5379 0100 0B00     		.short	11
ARM GAS  C:\Users\ihavenoK\AppData\Local\Temp\cckpGtIU.s 			page 94


 5380 0102 0C00     		.short	12
 5381 0104 0C00     		.short	12
 5382 0106 0D00     		.short	13
 5383 0108 0E00     		.short	14
 5384 010a 0F00     		.short	15
 5385 010c 1000     		.short	16
 5386 010e 1100     		.short	17
 5387 0110 1200     		.short	18
 5388 0112 1300     		.short	19
 5389 0114 1500     		.short	21
 5390 0116 1600     		.short	22
 5391 0118 1700     		.short	23
 5392 011a 1900     		.short	25
 5393 011c 1A00     		.short	26
 5394 011e 1C00     		.short	28
 5395 0120 1E00     		.short	30
 5396 0122 2000     		.short	32
 5397 0124 2200     		.short	34
 5398 0126 2400     		.short	36
 5399 0128 2600     		.short	38
 5400 012a 2900     		.short	41
 5401 012c 2B00     		.short	43
 5402 012e 2E00     		.short	46
 5403 0130 3100     		.short	49
 5404 0132 3400     		.short	52
 5405 0134 3800     		.short	56
 5406 0136 3B00     		.short	59
 5407 0138 3F00     		.short	63
 5408 013a 4300     		.short	67
 5409 013c 4800     		.short	72
 5410 013e 4C00     		.short	76
 5411 0140 5100     		.short	81
 5412 0142 5600     		.short	86
 5413 0144 5C00     		.short	92
 5414 0146 6200     		.short	98
 5415 0148 6800     		.short	104
 5416 014a 6F00     		.short	111
 5417 014c 7600     		.short	118
 5418 014e 7D00     		.short	125
 5419 0150 8500     		.short	133
 5420 0152 8E00     		.short	142
 5421 0154 9700     		.short	151
 5422 0156 A100     		.short	161
 5423 0158 AB00     		.short	171
 5424 015a B600     		.short	182
 5425 015c C200     		.short	194
 5426 015e CE00     		.short	206
 5427 0160 DB00     		.short	219
 5428 0162 E900     		.short	233
 5429 0164 F800     		.short	248
 5430 0166 0801     		.short	264
 5431 0168 1901     		.short	281
 5432 016a 2B01     		.short	299
 5433 016c 3E01     		.short	318
 5434 016e 5201     		.short	338
 5435 0170 6801     		.short	360
 5436 0172 7F01     		.short	383
ARM GAS  C:\Users\ihavenoK\AppData\Local\Temp\cckpGtIU.s 			page 95


 5437 0174 9701     		.short	407
 5438 0176 B101     		.short	433
 5439 0178 CD01     		.short	461
 5440 017a EA01     		.short	490
 5441 017c 0902     		.short	521
 5442 017e 2A02     		.short	554
 5443 0180 4D02     		.short	589
 5444 0182 7302     		.short	627
 5445 0184 9A02     		.short	666
 5446 0186 C402     		.short	708
 5447 0188 F102     		.short	753
 5448 018a 2003     		.short	800
 5449 018c 5303     		.short	851
 5450 018e 8803     		.short	904
 5451 0190 C103     		.short	961
 5452 0192 FD03     		.short	1021
 5453 0194 3C04     		.short	1084
 5454 0196 8004     		.short	1152
 5455 0198 C704     		.short	1223
 5456 019a 1305     		.short	1299
 5457 019c 6305     		.short	1379
 5458 019e B805     		.short	1464
 5459 01a0 1206     		.short	1554
 5460 01a2 7106     		.short	1649
 5461 01a4 D606     		.short	1750
 5462 01a6 4007     		.short	1856
 5463 01a8 B107     		.short	1969
 5464 01aa 2808     		.short	2088
 5465 01ac A508     		.short	2213
 5466 01ae 2A09     		.short	2346
 5467 01b0 B609     		.short	2486
 5468 01b2 490A     		.short	2633
 5469 01b4 E50A     		.short	2789
 5470 01b6 880B     		.short	2952
 5471 01b8 340C     		.short	3124
 5472 01ba EA0C     		.short	3306
 5473 01bc A80D     		.short	3496
 5474 01be 700E     		.short	3696
 5475 01c0 420F     		.short	3906
 5476 01c2 1E10     		.short	4126
 5477 01c4 0511     		.short	4357
 5478 01c6 F711     		.short	4599
 5479 01c8 F312     		.short	4851
 5480 01ca FB13     		.short	5115
 5481 01cc 0F15     		.short	5391
 5482 01ce 2E16     		.short	5678
 5483 01d0 5A17     		.short	5978
 5484 01d2 9118     		.short	6289
 5485 01d4 D519     		.short	6613
 5486 01d6 251B     		.short	6949
 5487 01d8 811C     		.short	7297
 5488 01da EA1D     		.short	7658
 5489 01dc 5F1F     		.short	8031
 5490 01de E020     		.short	8416
 5491 01e0 6D22     		.short	8813
 5492 01e2 0524     		.short	9221
 5493 01e4 A925     		.short	9641
ARM GAS  C:\Users\ihavenoK\AppData\Local\Temp\cckpGtIU.s 			page 96


 5494 01e6 5827     		.short	10072
 5495 01e8 1129     		.short	10513
 5496 01ea D42A     		.short	10964
 5497 01ec A02C     		.short	11424
 5498 01ee 762E     		.short	11894
 5499 01f0 5330     		.short	12371
 5500 01f2 3832     		.short	12856
 5501 01f4 2434     		.short	13348
 5502 01f6 1536     		.short	13845
 5503 01f8 0B38     		.short	14347
 5504 01fa 043A     		.short	14852
 5505 01fc 013C     		.short	15361
 5506 01fe 003E     		.short	15872
 5507              		.global	__aeabi_f2iz
 5508              		.global	__aeabi_fsub
 5509              		.global	__aeabi_fmul
 5510              		.global	__aeabi_i2f
 5511              		.global	__aeabi_ldivmod
 5512              		.ident	"GCC: (Arm GNU Toolchain 14.2.Rel1 (Build arm-14.52)) 14.2.1 20241119"
ARM GAS  C:\Users\ihavenoK\AppData\Local\Temp\cckpGtIU.s 			page 97


DEFINED SYMBOLS
                            *ABS*:00000000 nnom_local_q15.c
C:\Users\ihavenoK\AppData\Local\Temp\cckpGtIU.s:16     .text.local_activation_q15:00000000 $t
C:\Users\ihavenoK\AppData\Local\Temp\cckpGtIU.s:21     .text.local_activation_q15:00000000 local_activation_q15
C:\Users\ihavenoK\AppData\Local\Temp\cckpGtIU.s:57     .text.local_avepool_q15_HWC:00000000 $t
C:\Users\ihavenoK\AppData\Local\Temp\cckpGtIU.s:63     .text.local_avepool_q15_HWC:00000000 local_avepool_q15_HWC
C:\Users\ihavenoK\AppData\Local\Temp\cckpGtIU.s:238    .text.local_avepool_q15_CHW:00000000 $t
C:\Users\ihavenoK\AppData\Local\Temp\cckpGtIU.s:244    .text.local_avepool_q15_CHW:00000000 local_avepool_q15_CHW
C:\Users\ihavenoK\AppData\Local\Temp\cckpGtIU.s:435    .text.local_maxpool_q15_HWC:00000000 $t
C:\Users\ihavenoK\AppData\Local\Temp\cckpGtIU.s:441    .text.local_maxpool_q15_HWC:00000000 local_maxpool_q15_HWC
C:\Users\ihavenoK\AppData\Local\Temp\cckpGtIU.s:617    .text.local_maxpool_q15_HWC:00000160 $d
C:\Users\ihavenoK\AppData\Local\Temp\cckpGtIU.s:620    .text.local_maxpool_q15_CHW:00000000 $t
C:\Users\ihavenoK\AppData\Local\Temp\cckpGtIU.s:626    .text.local_maxpool_q15_CHW:00000000 local_maxpool_q15_CHW
C:\Users\ihavenoK\AppData\Local\Temp\cckpGtIU.s:812    .text.local_maxpool_q15_CHW:00000184 $d
C:\Users\ihavenoK\AppData\Local\Temp\cckpGtIU.s:815    .text.local_sumpool_q15_HWC:00000000 $t
C:\Users\ihavenoK\AppData\Local\Temp\cckpGtIU.s:821    .text.local_sumpool_q15_HWC:00000000 local_sumpool_q15_HWC
C:\Users\ihavenoK\AppData\Local\Temp\cckpGtIU.s:1004   .text.local_sumpool_q15_HWC:00000174 $d
C:\Users\ihavenoK\AppData\Local\Temp\cckpGtIU.s:1007   .text.local_sumpool_q15_CHW:00000000 $t
C:\Users\ihavenoK\AppData\Local\Temp\cckpGtIU.s:1013   .text.local_sumpool_q15_CHW:00000000 local_sumpool_q15_CHW
C:\Users\ihavenoK\AppData\Local\Temp\cckpGtIU.s:1206   .text.local_sumpool_q15_CHW:0000019c $d
C:\Users\ihavenoK\AppData\Local\Temp\cckpGtIU.s:1209   .text.local_up_sampling_q15_HWC:00000000 $t
C:\Users\ihavenoK\AppData\Local\Temp\cckpGtIU.s:1215   .text.local_up_sampling_q15_HWC:00000000 local_up_sampling_q15_HWC
C:\Users\ihavenoK\AppData\Local\Temp\cckpGtIU.s:1318   .text.local_up_sampling_q15_CHW:00000000 $t
C:\Users\ihavenoK\AppData\Local\Temp\cckpGtIU.s:1324   .text.local_up_sampling_q15_CHW:00000000 local_up_sampling_q15_CHW
C:\Users\ihavenoK\AppData\Local\Temp\cckpGtIU.s:1457   .text.local_convolve_HWC_q15_nonsquare:00000000 $t
C:\Users\ihavenoK\AppData\Local\Temp\cckpGtIU.s:1463   .text.local_convolve_HWC_q15_nonsquare:00000000 local_convolve_HWC_q15_nonsquare
C:\Users\ihavenoK\AppData\Local\Temp\cckpGtIU.s:1761   .text.local_convolve_HWC_q15_nonsquare:000002b8 $d
C:\Users\ihavenoK\AppData\Local\Temp\cckpGtIU.s:1764   .text.local_convolve_CHW_q15_nonsquare:00000000 $t
C:\Users\ihavenoK\AppData\Local\Temp\cckpGtIU.s:1770   .text.local_convolve_CHW_q15_nonsquare:00000000 local_convolve_CHW_q15_nonsquare
C:\Users\ihavenoK\AppData\Local\Temp\cckpGtIU.s:2042   .text.local_convolve_CHW_q15_nonsquare:00000284 $d
C:\Users\ihavenoK\AppData\Local\Temp\cckpGtIU.s:2045   .text.local_conv_trans_HWC_q15_nonsquare:00000000 $t
C:\Users\ihavenoK\AppData\Local\Temp\cckpGtIU.s:2051   .text.local_conv_trans_HWC_q15_nonsquare:00000000 local_conv_trans_HWC_q15_nonsquare
C:\Users\ihavenoK\AppData\Local\Temp\cckpGtIU.s:2441   .text.local_conv_trans_HWC_q15_nonsquare:00000394 $d
C:\Users\ihavenoK\AppData\Local\Temp\cckpGtIU.s:2444   .text.local_depthwise_separable_conv_HWC_q15_nonsquare:00000000 $t
C:\Users\ihavenoK\AppData\Local\Temp\cckpGtIU.s:2450   .text.local_depthwise_separable_conv_HWC_q15_nonsquare:00000000 local_depthwise_separable_conv_HWC_q15_nonsquare
C:\Users\ihavenoK\AppData\Local\Temp\cckpGtIU.s:2724   .text.local_depthwise_separable_conv_HWC_q15_nonsquare:00000274 $d
C:\Users\ihavenoK\AppData\Local\Temp\cckpGtIU.s:2727   .text.local_depthwise_separable_conv_CHW_q15_nonsquare:00000000 $t
C:\Users\ihavenoK\AppData\Local\Temp\cckpGtIU.s:2733   .text.local_depthwise_separable_conv_CHW_q15_nonsquare:00000000 local_depthwise_separable_conv_CHW_q15_nonsquare
C:\Users\ihavenoK\AppData\Local\Temp\cckpGtIU.s:3024   .text.local_depthwise_separable_conv_CHW_q15_nonsquare:0000029c $d
C:\Users\ihavenoK\AppData\Local\Temp\cckpGtIU.s:3027   .text.local_zero_padding_HWC_q15:00000000 $t
C:\Users\ihavenoK\AppData\Local\Temp\cckpGtIU.s:3033   .text.local_zero_padding_HWC_q15:00000000 local_zero_padding_HWC_q15
C:\Users\ihavenoK\AppData\Local\Temp\cckpGtIU.s:3110   .text.local_zero_padding_CHW_q15:00000000 $t
C:\Users\ihavenoK\AppData\Local\Temp\cckpGtIU.s:3116   .text.local_zero_padding_CHW_q15:00000000 local_zero_padding_CHW_q15
C:\Users\ihavenoK\AppData\Local\Temp\cckpGtIU.s:3222   .text.local_cropping_HWC_q15:00000000 $t
C:\Users\ihavenoK\AppData\Local\Temp\cckpGtIU.s:3228   .text.local_cropping_HWC_q15:00000000 local_cropping_HWC_q15
C:\Users\ihavenoK\AppData\Local\Temp\cckpGtIU.s:3266   .text.local_cropping_CHW_q15:00000000 $t
C:\Users\ihavenoK\AppData\Local\Temp\cckpGtIU.s:3272   .text.local_cropping_CHW_q15:00000000 local_cropping_CHW_q15
C:\Users\ihavenoK\AppData\Local\Temp\cckpGtIU.s:3335   .text.local_dot_q15:00000000 $t
C:\Users\ihavenoK\AppData\Local\Temp\cckpGtIU.s:3341   .text.local_dot_q15:00000000 local_dot_q15
C:\Users\ihavenoK\AppData\Local\Temp\cckpGtIU.s:3413   .text.local_dot_q15:000000a4 $d
C:\Users\ihavenoK\AppData\Local\Temp\cckpGtIU.s:3416   .text.local_dot_q15_opt:00000000 $t
C:\Users\ihavenoK\AppData\Local\Temp\cckpGtIU.s:3422   .text.local_dot_q15_opt:00000000 local_dot_q15_opt
C:\Users\ihavenoK\AppData\Local\Temp\cckpGtIU.s:3716   .text.local_dot_q15_opt:000002f8 $d
C:\Users\ihavenoK\AppData\Local\Temp\cckpGtIU.s:3719   .text.local_fully_connected_mat_q7_vec_q15_opt:00000000 $t
C:\Users\ihavenoK\AppData\Local\Temp\cckpGtIU.s:3725   .text.local_fully_connected_mat_q7_vec_q15_opt:00000000 local_fully_connected_mat_q7_vec_q15_opt
C:\Users\ihavenoK\AppData\Local\Temp\cckpGtIU.s:4057   .text.local_fully_connected_mat_q7_vec_q15_opt:00000364 $d
C:\Users\ihavenoK\AppData\Local\Temp\cckpGtIU.s:4060   .text.local_fully_connected_mat_q7_vec_q15:00000000 $t
ARM GAS  C:\Users\ihavenoK\AppData\Local\Temp\cckpGtIU.s 			page 98


C:\Users\ihavenoK\AppData\Local\Temp\cckpGtIU.s:4066   .text.local_fully_connected_mat_q7_vec_q15:00000000 local_fully_connected_mat_q7_vec_q15
C:\Users\ihavenoK\AppData\Local\Temp\cckpGtIU.s:4197   .text.local_fully_connected_mat_q7_vec_q15:00000134 $d
C:\Users\ihavenoK\AppData\Local\Temp\cckpGtIU.s:4200   .text.local_softmax_q15:00000000 $t
C:\Users\ihavenoK\AppData\Local\Temp\cckpGtIU.s:4206   .text.local_softmax_q15:00000000 local_softmax_q15
C:\Users\ihavenoK\AppData\Local\Temp\cckpGtIU.s:4285   .text.local_softmax_q15:000000a4 $d
C:\Users\ihavenoK\AppData\Local\Temp\cckpGtIU.s:4289   .text.local_hard_sigmoid_q15:00000000 $t
C:\Users\ihavenoK\AppData\Local\Temp\cckpGtIU.s:4295   .text.local_hard_sigmoid_q15:00000000 local_hard_sigmoid_q15
C:\Users\ihavenoK\AppData\Local\Temp\cckpGtIU.s:4346   .text.local_hard_sigmoid_q15:0000006c $d
C:\Users\ihavenoK\AppData\Local\Temp\cckpGtIU.s:4349   .text.local_hard_tanh_q15:00000000 $t
C:\Users\ihavenoK\AppData\Local\Temp\cckpGtIU.s:4355   .text.local_hard_tanh_q15:00000000 local_hard_tanh_q15
C:\Users\ihavenoK\AppData\Local\Temp\cckpGtIU.s:4430   .text.local_hard_tanh_q15:00000098 $d
C:\Users\ihavenoK\AppData\Local\Temp\cckpGtIU.s:4433   .text.local_relu_q15:00000000 $t
C:\Users\ihavenoK\AppData\Local\Temp\cckpGtIU.s:4439   .text.local_relu_q15:00000000 local_relu_q15
C:\Users\ihavenoK\AppData\Local\Temp\cckpGtIU.s:4458   .text.local_leaky_relu_q15:00000000 $t
C:\Users\ihavenoK\AppData\Local\Temp\cckpGtIU.s:4464   .text.local_leaky_relu_q15:00000000 local_leaky_relu_q15
C:\Users\ihavenoK\AppData\Local\Temp\cckpGtIU.s:4492   .text.local_adv_relu_q15:00000000 $t
C:\Users\ihavenoK\AppData\Local\Temp\cckpGtIU.s:4498   .text.local_adv_relu_q15:00000000 local_adv_relu_q15
C:\Users\ihavenoK\AppData\Local\Temp\cckpGtIU.s:4532   .text.local_sigmoid_q15:00000000 $t
C:\Users\ihavenoK\AppData\Local\Temp\cckpGtIU.s:4538   .text.local_sigmoid_q15:00000000 local_sigmoid_q15
C:\Users\ihavenoK\AppData\Local\Temp\cckpGtIU.s:4548   .text.local_sigmoid_q15:0000000c $d
C:\Users\ihavenoK\AppData\Local\Temp\cckpGtIU.s:5250   .rodata.nnom_sigmoid_table_q15:00000000 nnom_sigmoid_table_q15
C:\Users\ihavenoK\AppData\Local\Temp\cckpGtIU.s:4551   .text.local_tanh_q15:00000000 $t
C:\Users\ihavenoK\AppData\Local\Temp\cckpGtIU.s:4557   .text.local_tanh_q15:00000000 local_tanh_q15
C:\Users\ihavenoK\AppData\Local\Temp\cckpGtIU.s:4567   .text.local_tanh_q15:0000000c $d
C:\Users\ihavenoK\AppData\Local\Temp\cckpGtIU.s:4989   .rodata.nnom_tanh_table_q15:00000000 nnom_tanh_table_q15
C:\Users\ihavenoK\AppData\Local\Temp\cckpGtIU.s:4570   .text.local_mult_q15:00000000 $t
C:\Users\ihavenoK\AppData\Local\Temp\cckpGtIU.s:4576   .text.local_mult_q15:00000000 local_mult_q15
C:\Users\ihavenoK\AppData\Local\Temp\cckpGtIU.s:4610   .text.local_mult_q15:00000044 $d
C:\Users\ihavenoK\AppData\Local\Temp\cckpGtIU.s:4613   .text.local_add_q15:00000000 $t
C:\Users\ihavenoK\AppData\Local\Temp\cckpGtIU.s:4619   .text.local_add_q15:00000000 local_add_q15
C:\Users\ihavenoK\AppData\Local\Temp\cckpGtIU.s:4654   .text.local_add_q15:00000044 $d
C:\Users\ihavenoK\AppData\Local\Temp\cckpGtIU.s:4657   .text.local_sub_q15:00000000 $t
C:\Users\ihavenoK\AppData\Local\Temp\cckpGtIU.s:4663   .text.local_sub_q15:00000000 local_sub_q15
C:\Users\ihavenoK\AppData\Local\Temp\cckpGtIU.s:4698   .text.local_sub_q15:00000044 $d
C:\Users\ihavenoK\AppData\Local\Temp\cckpGtIU.s:4701   .text.local_multiple_add_q15:00000000 $t
C:\Users\ihavenoK\AppData\Local\Temp\cckpGtIU.s:4707   .text.local_multiple_add_q15:00000000 local_multiple_add_q15
C:\Users\ihavenoK\AppData\Local\Temp\cckpGtIU.s:4763   .text.local_multiple_add_q15:00000074 $d
C:\Users\ihavenoK\AppData\Local\Temp\cckpGtIU.s:4766   .text.local_multiple_mult_q15:00000000 $t
C:\Users\ihavenoK\AppData\Local\Temp\cckpGtIU.s:4772   .text.local_multiple_mult_q15:00000000 local_multiple_mult_q15
C:\Users\ihavenoK\AppData\Local\Temp\cckpGtIU.s:4853   .text.local_multiple_mult_q15:000000c4 $d
C:\Users\ihavenoK\AppData\Local\Temp\cckpGtIU.s:4856   .text.local_multiple_sub_q15:00000000 $t
C:\Users\ihavenoK\AppData\Local\Temp\cckpGtIU.s:4862   .text.local_multiple_sub_q15:00000000 local_multiple_sub_q15
C:\Users\ihavenoK\AppData\Local\Temp\cckpGtIU.s:4910   .text.local_multiple_sub_q15:00000068 $d
C:\Users\ihavenoK\AppData\Local\Temp\cckpGtIU.s:4913   .text.local_1_minor_z_q15:00000000 $t
C:\Users\ihavenoK\AppData\Local\Temp\cckpGtIU.s:4919   .text.local_1_minor_z_q15:00000000 local_1_minor_z_q15
C:\Users\ihavenoK\AppData\Local\Temp\cckpGtIU.s:4986   .rodata.nnom_tanh_table_q15:00000000 $d
C:\Users\ihavenoK\AppData\Local\Temp\cckpGtIU.s:5247   .rodata.nnom_sigmoid_table_q15:00000000 $d

UNDEFINED SYMBOLS
memcpy
memset
__aeabi_ldivmod
__aeabi_i2f
__aeabi_fmul
__aeabi_fsub
__aeabi_f2iz
